-- phpMyAdmin SQL Dump
-- version 4.6.6
-- https://www.phpmyadmin.net/
--
-- Host: localhost
-- Generation Time: Sep 26, 2018 at 04:35 AM
-- Server version: 10.1.36-MariaDB
-- PHP Version: 7.0.24

SET SQL_MODE = "NO_AUTO_VALUE_ON_ZERO";
SET time_zone = "+00:00";
SET GLOBAL FOREIGN_KEY_CHECKS=0;

REPLACE INTO `alumnos` (`id`, `created_at`, `updated_at`, `parentesco`, `otroParentesco`, `repitencias`, `condicion`, `estado`, `estadoCivilPadres`, `idPersona`, `idApoderado`, `idCursoActual`, `idCursoPostu`, `paisDeOrigen`) VALUES
(6,null,null, 'Madre', NULL, NULL, NULL, 'MatriculaNoRevisadaPorApoderado', NULL, 181, 5, NULL, 13, NULL),
(7,null,null, 'Madre', NULL, NULL, NULL, 'MatriculaNoRevisadaPorApoderado', NULL, 182, 6, NULL, 1, NULL),
(10,null,null, 'Madre', NULL, NULL, NULL, 'MatriculaNoRevisadaPorApoderado', NULL, 183, 9, NULL, 14, NULL),
(11,null,null, 'Padre', NULL, NULL, NULL, 'MatriculaNoRevisadaPorApoderado', NULL, 186, 12, NULL, 1, NULL),
(13,null,null, 'Hermano/Hermana', NULL, NULL, NULL, 'MatriculaNoRevisadaPorApoderado', NULL, 185, 11, NULL, 9, NULL),
(14,null,null, 'Padre', NULL, NULL, NULL, 'MatriculaNoRevisadaPorApoderado', NULL, 184, 10, NULL, 9, NULL),
(15,null,null, 'Madre', NULL, NULL, NULL, 'MatriculaNoRevisadaPorApoderado', NULL, 187, 12, NULL, 9, NULL),
(16,null,null, 'Padre', NULL, NULL, NULL, 'MatriculaNoRevisadaPorApoderado', NULL, 188, 14, NULL, 9, NULL),
(18,null,null, 'Madre', NULL, NULL, NULL, 'MatriculaNoRevisadaPorApoderado', NULL, 191, 18, NULL, 14, NULL),
(19,null,null, 'Padre', NULL, NULL, NULL, 'MatriculaNoRevisadaPorApoderado', NULL, 190, 17, NULL, 13, NULL),
(20,null,null, 'Madre', NULL, NULL, NULL, 'MatriculaNoRevisadaPorApoderado', NULL, 189, 16, NULL, 10, NULL),
(21,null,null, 'Madre', NULL, NULL, NULL, 'MatriculaNoRevisadaPorApoderado', NULL, 192, 19, NULL, 9, NULL),
(22,null,null, 'Madre', NULL, NULL, NULL, 'MatriculaNoRevisadaPorApoderado', NULL, 193, 20, NULL, 1, NULL),
(25,null,null, 'Madre', NULL, NULL, NULL, 'MatriculaNoRevisadaPorApoderado', NULL, 194, 20, NULL, 14, NULL),
(26,null,null, 'Madre', NULL, NULL, NULL, 'MatriculaNoRevisadaPorApoderado', NULL, 195, 21, NULL, 8, NULL),
(27,null,null, 'Madre', NULL, NULL, NULL, 'MatriculaNoRevisadaPorApoderado', NULL, 196, 23, NULL, 9, NULL),
(28,null,null, 'Madre', NULL, NULL, NULL, 'MatriculaNoRevisadaPorApoderado', NULL, 197, 24, NULL, 9, NULL),
(29,null,null, 'Madre', NULL, NULL, NULL, 'MatriculaNoRevisadaPorApoderado', NULL, 198, 25, NULL, 9, NULL),
(30,null,null, 'Madre', NULL, NULL, NULL, 'MatriculaNoRevisadaPorApoderado', NULL, 199, 26, NULL, 9, NULL),
(31,null,null, 'Madre', NULL, NULL, NULL, 'MatriculaNoRevisadaPorApoderado', NULL, 200, 27, NULL, 9, NULL),
(32,null,null, 'Madre', NULL, NULL, NULL, 'MatriculaNoRevisadaPorApoderado', NULL, 201, 28, NULL, 9, NULL),
(33,null,null, 'Padre', NULL, NULL, NULL, 'MatriculaNoRevisadaPorApoderado', NULL, 202, 29, NULL, 9, NULL),
(34,null,null, 'Madre', NULL, NULL, NULL, 'MatriculaNoRevisadaPorApoderado', NULL, 203, 30, NULL, 9, NULL),
(35,null,null, 'Padre', NULL, NULL, NULL, 'MatriculaNoRevisadaPorApoderado', NULL, 205, 32, NULL, 9, NULL),
(36,null,null, 'Madre', NULL, NULL, NULL, 'MatriculaNoRevisadaPorApoderado', NULL, 204, 31, NULL, 9, NULL),
(38,null,null, 'Padre', NULL, NULL, NULL, 'MatriculaNoRevisadaPorApoderado', NULL, 206, 33, NULL, 9, NULL),
(39,null,null, 'Madre', NULL, NULL, NULL, 'MatriculaNoRevisadaPorApoderado', NULL, 207, 34, NULL, 4, NULL),
(41,null,null, 'Madre', NULL, NULL, NULL, 'MatriculaNoRevisadaPorApoderado', NULL, 209, 37, NULL, 9, NULL),
(42,null,null, 'Madre', NULL, NULL, NULL, 'MatriculaNoRevisadaPorApoderado', NULL, 208, 36, NULL, 9, NULL),
(44,null,null, 'Padre', NULL, NULL, NULL, 'MatriculaNoRevisadaPorApoderado', NULL, 210, 39, NULL, 9, NULL),
(46,null,null, 'Madre', NULL, NULL, NULL, 'MatriculaNoRevisadaPorApoderado', NULL, 212, 41, NULL, 9, NULL),
(48,null,null, 'Madre', NULL, NULL, NULL, 'MatriculaNoRevisadaPorApoderado', NULL, 211, 40, NULL, 9, NULL),
(49,null,null, 'Madre', NULL, NULL, NULL, 'MatriculaNoRevisadaPorApoderado', NULL, 213, 42, NULL, 9, NULL),
(50,null,null, 'Hermano/Hermana', NULL, NULL, NULL, 'MatriculaNoRevisadaPorApoderado', NULL, 216, 44, NULL, 9, NULL),
(51,null,null, 'Madre', NULL, NULL, NULL, 'MatriculaNoRevisadaPorApoderado', NULL, 214, 43, NULL, 9, NULL),
(52,null,null, 'Madre', NULL, NULL, NULL, 'MatriculaNoRevisadaPorApoderado', NULL, 217, 45, NULL, 9, NULL),
(53,null,null, 'Madre', NULL, NULL, NULL, 'MatriculaNoRevisadaPorApoderado', NULL, 218, 46, NULL, 9, NULL),
(54,null,null, 'Madre', NULL, NULL, NULL, 'MatriculaNoRevisadaPorApoderado', NULL, 219, 47, NULL, 9, NULL),
(55,null,null, 'Madre', NULL, NULL, NULL, 'MatriculaNoRevisadaPorApoderado', NULL, 215, 43, NULL, 1, NULL),
(56,null,null, 'Madre', NULL, NULL, NULL, 'MatriculaNoRevisadaPorApoderado', NULL, 221, 49, NULL, 9, NULL),
(58,null,null, 'Tutor/Tutura Legal', NULL, NULL, NULL, 'MatriculaNoRevisadaPorApoderado', NULL, 220, 48, NULL, 9, NULL),
(60,null,null, 'Madre', NULL, NULL, NULL, 'MatriculaNoRevisadaPorApoderado', NULL, 222, 49, NULL, 4, NULL),
(61,null,null, 'Madre', NULL, NULL, NULL, 'MatriculaNoRevisadaPorApoderado', NULL, 223, 52, NULL, 9, NULL),
(62,null,null, 'Madre', NULL, NULL, NULL, 'MatriculaNoRevisadaPorApoderado', NULL, 224, 53, NULL, 9, NULL),
(63,null,null, 'Padre', NULL, NULL, NULL, 'MatriculaNoRevisadaPorApoderado', NULL, 225, 54, NULL, 9, NULL),
(64,null,null, 'Madre', NULL, NULL, NULL, 'MatriculaNoRevisadaPorApoderado', NULL, 226, 55, NULL, 9, NULL),
(65,null,null, 'Padre', NULL, NULL, NULL, 'MatriculaNoRevisadaPorApoderado', NULL, 227, 56, NULL, 13, NULL),
(66,null,null, 'Abuelo/Abuela', NULL, NULL, NULL, 'MatriculaNoRevisadaPorApoderado', NULL, 228, 57, NULL, 13, NULL),
(67,null,null, 'Madre', NULL, NULL, NULL, 'MatriculaNoRevisadaPorApoderado', NULL, 229, 58, NULL, 9, NULL),
(68,null,null, 'Madre', NULL, NULL, NULL, 'MatriculaNoRevisadaPorApoderado', NULL, 231, 60, NULL, 9, NULL),
(69,null,null, 'Abuelo/Abuela', NULL, NULL, NULL, 'MatriculaNoRevisadaPorApoderado', NULL, 230, 59, NULL, 9, NULL),
(71,null,null, 'Madre', NULL, NULL, NULL, 'MatriculaNoRevisadaPorApoderado', NULL, 234, 63, NULL, 9, NULL),
(72,null,null, 'Madre', NULL, NULL, NULL, 'MatriculaNoRevisadaPorApoderado', NULL, 232, 61, NULL, 13, NULL),
(73,null,null, 'Madre', NULL, NULL, NULL, 'MatriculaNoRevisadaPorApoderado', NULL, 233, 62, NULL, 9, NULL),
(74,null,null, 'Padre', NULL, NULL, NULL, 'MatriculaNoRevisadaPorApoderado', NULL, 239, 68, NULL, 9, NULL),
(75,null,null, 'Padre', NULL, NULL, NULL, 'MatriculaNoRevisadaPorApoderado', NULL, 236, 65, NULL, 13, NULL),
(76,null,null, 'Madre', NULL, NULL, NULL, 'MatriculaNoRevisadaPorApoderado', NULL, 235, 64, NULL, 9, NULL),
(77,null,null, 'Madre', NULL, NULL, NULL, 'MatriculaNoRevisadaPorApoderado', NULL, 237, 66, NULL, 9, NULL),
(78,null,null, 'Madre', NULL, NULL, NULL, 'MatriculaNoRevisadaPorApoderado', NULL, 238, 67, NULL, 9, NULL),
(79,null,null, 'Padre', NULL, NULL, NULL, 'MatriculaNoRevisadaPorApoderado', NULL, 240, 69, NULL, 9, NULL),
(80,null,null, 'Madre', NULL, NULL, NULL, 'MatriculaNoRevisadaPorApoderado', NULL, 241, 70, NULL, 9, NULL),
(81,null,null, 'Padre', NULL, NULL, NULL, 'MatriculaNoRevisadaPorApoderado', NULL, 243, 72, NULL, 14, NULL),
(82,null,null, 'Madre', NULL, NULL, NULL, 'MatriculaNoRevisadaPorApoderado', NULL, 246, 73, NULL, 9, NULL),
(83,null,null, 'Madre', NULL, NULL, NULL, 'MatriculaNoRevisadaPorApoderado', NULL, 242, 71, NULL, 13, NULL),
(84,null,null, 'Madre', NULL, NULL, NULL, 'MatriculaNoRevisadaPorApoderado', NULL, 247, 74, NULL, 9, NULL),
(85,null,null, 'Padre', NULL, NULL, NULL, 'MatriculaNoRevisadaPorApoderado', NULL, 244, 72, NULL, 9, NULL),
(86,null,null, 'Madre', NULL, NULL, NULL, 'MatriculaNoRevisadaPorApoderado', NULL, 248, 75, NULL, 9, NULL),
(87,null,null, 'Madre', NULL, NULL, NULL, 'MatriculaNoRevisadaPorApoderado', NULL, 250, 77, NULL, 9, NULL),
(88,null,null, 'Madre', NULL, NULL, NULL, 'MatriculaNoRevisadaPorApoderado', NULL, 249, 76, NULL, 9, NULL),
(89,null,null, 'Padre', NULL, NULL, NULL, 'MatriculaNoRevisadaPorApoderado', NULL, 252, 79, NULL, 9, NULL),
(90,null,null, 'Madre', NULL, NULL, NULL, 'MatriculaNoRevisadaPorApoderado', NULL, 251, 78, NULL, 9, NULL),
(91,null,null, 'Tío/Tía', NULL, NULL, NULL, 'MatriculaNoRevisadaPorApoderado', NULL, 245, 72, NULL, 13, NULL),
(92,null,null, 'Madre', NULL, NULL, NULL, 'MatriculaNoRevisadaPorApoderado', NULL, 253, 80, NULL, 9, NULL),
(93,null,null, 'Padre', NULL, NULL, NULL, 'MatriculaNoRevisadaPorApoderado', NULL, 255, 82, NULL, 13, NULL),
(94,null,null, 'Madre', NULL, NULL, NULL, 'MatriculaNoRevisadaPorApoderado', NULL, 254, 81, NULL, 13, NULL),
(95,null,null, 'Madre', NULL, NULL, NULL, 'MatriculaNoRevisadaPorApoderado', NULL, 256, 83, NULL, 9, NULL),
(98,null,null, 'Madre', NULL, NULL, NULL, 'MatriculaNoRevisadaPorApoderado', NULL, 257, 85, NULL, 9, NULL),
(100,null,null, 'Madre', NULL, NULL, NULL, 'MatriculaNoRevisadaPorApoderado', NULL, 258, 87, NULL, 9, NULL),
(101,null,null, 'Padre', NULL, NULL, NULL, 'MatriculaNoRevisadaPorApoderado', NULL, 259, 88, NULL, 13, NULL),
(102,null,null, 'Madre', NULL, NULL, NULL, 'MatriculaNoRevisadaPorApoderado', NULL, 262, 90, NULL, 9, NULL),
(103,null,null, 'Madre', NULL, NULL, NULL, 'MatriculaNoRevisadaPorApoderado', NULL, 263, 91, NULL, 13, NULL),
(104,null,null, 'Tío/Tía', NULL, NULL, NULL, 'MatriculaNoRevisadaPorApoderado', NULL, 261, 89, NULL, 9, NULL),
(105,null,null, 'Madre', NULL, NULL, NULL, 'MatriculaNoRevisadaPorApoderado', NULL, 264, 92, NULL, 9, NULL),
(106,null,null, 'Padre', NULL, NULL, NULL, 'MatriculaNoRevisadaPorApoderado', NULL, 260, 88, NULL, 1, NULL),
(107,null,null, 'Madre', NULL, NULL, NULL, 'MatriculaNoRevisadaPorApoderado', NULL, 265, 93, NULL, 9, NULL),
(108,null,null, 'Madre', NULL, NULL, NULL, 'MatriculaNoRevisadaPorApoderado', NULL, 267, 95, NULL, 9, NULL),
(109,null,null, 'Madre', NULL, NULL, NULL, 'MatriculaNoRevisadaPorApoderado', NULL, 266, 94, NULL, 9, NULL),
(110,null,null, 'Madre', NULL, NULL, NULL, 'MatriculaNoRevisadaPorApoderado', NULL, 268, 96, NULL, 9, NULL),
(111,null,null, 'Abuelo/Abuela', NULL, NULL, NULL, 'MatriculaNoRevisadaPorApoderado', NULL, 270, 98, NULL, 9, NULL),
(112,null,null, 'Madre', NULL, NULL, NULL, 'MatriculaNoRevisadaPorApoderado', NULL, 269, 97, NULL, 9, NULL),
(113,null,null, 'Madre', NULL, NULL, NULL, 'MatriculaNoRevisadaPorApoderado', NULL, 271, 99, NULL, 9, NULL),
(114,null,null, 'Madre', NULL, NULL, NULL, 'MatriculaNoRevisadaPorApoderado', NULL, 272, 101, NULL, 9, NULL),
(115,null,null, 'Padre', NULL, NULL, NULL, 'MatriculaNoRevisadaPorApoderado', NULL, 273, 102, NULL, 1, NULL),
(116,null,null, 'Madre', NULL, NULL, NULL, 'MatriculaNoRevisadaPorApoderado', NULL, 274, 103, NULL, 9, NULL),
(117,null,null, 'Abuelo/Abuela', NULL, NULL, NULL, 'MatriculaNoRevisadaPorApoderado', NULL, 275, 104, NULL, 9, NULL),
(118,null,null, 'Madre', NULL, NULL, NULL, 'MatriculaNoRevisadaPorApoderado', NULL, 276, 105, NULL, 9, NULL),
(119,null,null, 'Padre', NULL, NULL, NULL, 'MatriculaNoRevisadaPorApoderado', NULL, 277, 106, NULL, 9, NULL),
(120,null,null, 'Madre', NULL, NULL, NULL, 'MatriculaNoRevisadaPorApoderado', NULL, 279, 109, NULL, 9, NULL),
(121,null,null, 'Madre', NULL, NULL, NULL, 'MatriculaNoRevisadaPorApoderado', NULL, 278, 108, NULL, 9, NULL),
(123,null,null, 'Padre', NULL, NULL, NULL, 'MatriculaNoRevisadaPorApoderado', NULL, 280, 110, NULL, 13, NULL),
(124,null,null, 'Abuelo/Abuela', NULL, NULL, NULL, 'MatriculaNoRevisadaPorApoderado', NULL, 282, 112, NULL, 9, NULL),
(125,null,null, 'Madre', NULL, NULL, NULL, 'MatriculaNoRevisadaPorApoderado', NULL, 284, 114, NULL, 9, NULL),
(126,null,null, 'Padre', NULL, NULL, NULL, 'MatriculaNoRevisadaPorApoderado', NULL, 283, 113, NULL, 1, NULL),
(127,null,null, 'Madre', NULL, NULL, NULL, 'MatriculaNoRevisadaPorApoderado', NULL, 281, 111, NULL, 9, NULL),
(128,null,null, 'Madre', NULL, NULL, NULL, 'MatriculaNoRevisadaPorApoderado', NULL, 285, 115, NULL, 9, NULL),
(129,null,null, 'Madre', NULL, NULL, NULL, 'MatriculaNoRevisadaPorApoderado', NULL, 286, 116, NULL, 9, NULL),
(130,null,null, 'Madre', NULL, NULL, NULL, 'MatriculaNoRevisadaPorApoderado', NULL, 287, 118, NULL, 9, NULL),
(132,null,null, 'Hermano/Hermana', NULL, NULL, NULL, 'MatriculaNoRevisadaPorApoderado', NULL, 288, 119, NULL, 9, NULL),
(133,null,null, 'Tío/Tía', NULL, NULL, NULL, 'MatriculaNoRevisadaPorApoderado', NULL, 289, 120, NULL, 9, NULL),
(134,null,null, 'Madre', NULL, NULL, NULL, 'MatriculaNoRevisadaPorApoderado', NULL, 290, 121, NULL, 9, NULL),
(135,null,null, 'Tío/Tía', NULL, NULL, NULL, 'MatriculaNoRevisadaPorApoderado', NULL, 291, 122, NULL, 9, NULL),
(136,null,null, 'Madre', NULL, NULL, NULL, 'MatriculaNoRevisadaPorApoderado', NULL, 292, 123, NULL, 9, NULL),
(137,null,null, 'Madre', NULL, NULL, NULL, 'MatriculaNoRevisadaPorApoderado', NULL, 293, 124, NULL, 9, NULL),
(138,null,null, 'Madre', NULL, NULL, NULL, 'MatriculaNoRevisadaPorApoderado', NULL, 295, 126, NULL, 9, NULL),
(139,null,null, 'Madre', NULL, NULL, NULL, 'MatriculaNoRevisadaPorApoderado', NULL, 294, 125, NULL, 9, NULL),
(140,null,null, 'Madre', NULL, NULL, NULL, 'MatriculaNoRevisadaPorApoderado', NULL, 296, 127, NULL, 1, NULL),
(141,null,null, 'Madre', NULL, NULL, NULL, 'MatriculaNoRevisadaPorApoderado', NULL, 297, 128, NULL, 9, NULL),
(142,null,null, 'Padre', NULL, NULL, NULL, 'MatriculaNoRevisadaPorApoderado', NULL, 299, 130, NULL, 13, NULL),
(143,null,null, 'Tío Abuelo/Tía Abuela', NULL, NULL, NULL, 'MatriculaNoRevisadaPorApoderado', NULL, 298, 129, NULL, 13, NULL),
(146,null,null, 'Madre', NULL, NULL, NULL, 'MatriculaNoRevisadaPorApoderado', NULL, 300, 133, NULL, 9, NULL),
(148,null,null, 'Padre', NULL, NULL, NULL, 'MatriculaNoRevisadaPorApoderado', NULL, 302, 135, NULL, 13, NULL),
(149,null,null, 'Madre', NULL, NULL, NULL, 'MatriculaNoRevisadaPorApoderado', NULL, 301, 134, NULL, 9, NULL),
(150,null,null, 'Madre', NULL, NULL, NULL, 'MatriculaNoRevisadaPorApoderado', NULL, 303, 136, NULL, 9, NULL),
(151,null,null, 'Madre', NULL, NULL, NULL, 'MatriculaNoRevisadaPorApoderado', NULL, 304, 137, NULL, 9, NULL),
(152,null,null, 'Madre', NULL, NULL, NULL, 'MatriculaNoRevisadaPorApoderado', NULL, 306, 140, NULL, 9, NULL),
(153,null,null, 'Padre', NULL, NULL, NULL, 'MatriculaNoRevisadaPorApoderado', NULL, 305, 139, NULL, 9, NULL),
(155,null,null, 'Madre', NULL, NULL, NULL, 'MatriculaNoRevisadaPorApoderado', NULL, 307, 141, NULL, 13, NULL),
(157,null,null, 'Madre', NULL, NULL, NULL, 'MatriculaNoRevisadaPorApoderado', NULL, 309, 143, NULL, 9, NULL),
(158,null,null, 'Madre', NULL, NULL, NULL, 'MatriculaNoRevisadaPorApoderado', NULL, 308, 142, NULL, 9, NULL),
(160,null,null, 'Padre', NULL, NULL, NULL, 'MatriculaNoRevisadaPorApoderado', NULL, 311, 145, NULL, 9, NULL),
(161,null,null, 'Madre', NULL, NULL, NULL, 'MatriculaNoRevisadaPorApoderado', NULL, 313, 147, NULL, 9, NULL),
(162,null,null, 'Madre', NULL, NULL, NULL, 'MatriculaNoRevisadaPorApoderado', NULL, 312, 146, NULL, 9, NULL),
(163,null,null, 'Madre', NULL, NULL, NULL, 'MatriculaNoRevisadaPorApoderado', NULL, 310, 144, NULL, 9, NULL),
(164,null,null, 'Madre', NULL, NULL, NULL, 'MatriculaNoRevisadaPorApoderado', NULL, 315, 149, NULL, 9, NULL),
(165,null,null, 'Padre', NULL, NULL, NULL, 'MatriculaNoRevisadaPorApoderado', NULL, 314, 148, NULL, 9, NULL),
(166,null,null, 'Madre', NULL, NULL, NULL, 'MatriculaNoRevisadaPorApoderado', NULL, 316, 150, NULL, 9, NULL),
(167,null,null, 'Abuelo/Abuela', NULL, NULL, NULL, 'MatriculaNoRevisadaPorApoderado', NULL, 317, 151, NULL, 9, NULL),
(168,null,null, 'Padre', NULL, NULL, NULL, 'MatriculaNoRevisadaPorApoderado', NULL, 318, 153, NULL, 13, NULL),
(171,null,null, 'Madre', NULL, NULL, NULL, 'MatriculaNoRevisadaPorApoderado', NULL, 319, 154, NULL, 9, NULL),
(172,null,null, 'Madre', NULL, NULL, NULL, 'MatriculaNoRevisadaPorApoderado', NULL, 320, 156, NULL, 9, NULL),
(173,null,null, 'Madre', NULL, NULL, NULL, 'MatriculaNoRevisadaPorApoderado', NULL, 321, 157, NULL, 9, NULL),
(174,null,null, 'Madre', NULL, NULL, NULL, 'MatriculaNoRevisadaPorApoderado', NULL, 322, 158, NULL, 13, NULL),
(175,null,null, 'Madre', NULL, NULL, NULL, 'MatriculaNoRevisadaPorApoderado', NULL, 323, 159, NULL, 4, NULL),
(176,null,null, 'Padre', NULL, NULL, NULL, 'MatriculaNoRevisadaPorApoderado', NULL, 324, 160, NULL, 9, NULL),
(177,null,null, 'Padre', NULL, NULL, NULL, 'MatriculaNoRevisadaPorApoderado', NULL, 325, 161, NULL, 13, NULL),
(178,null,null, 'Madre', NULL, NULL, NULL, 'MatriculaNoRevisadaPorApoderado', NULL, 326, 162, NULL, 9, NULL),
(179,null,null, 'Padre', NULL, NULL, NULL, 'MatriculaNoRevisadaPorApoderado', NULL, 327, 163, NULL, 9, NULL),
(180,null,null, 'Padre', NULL, NULL, NULL, 'MatriculaNoRevisadaPorApoderado', NULL, 328, 164, NULL, 13, NULL),
(181,null,null, 'Madre', NULL, NULL, NULL, 'MatriculaNoRevisadaPorApoderado', NULL, 329, 165, NULL, 13, NULL),
(184,null,null, 'Madre', NULL, NULL, NULL, 'MatriculaNoRevisadaPorApoderado', NULL, 330, 168, NULL, 13, NULL),
(186,null,null, 'Madre', NULL, NULL, NULL, 'MatriculaNoRevisadaPorApoderado', NULL, 333, 172, NULL, 9, NULL),
(187,null,null, 'Madre', NULL, NULL, NULL, 'MatriculaNoRevisadaPorApoderado', NULL, 332, 171, NULL, 9, NULL),
(188,null,null, 'Madre', NULL, NULL, NULL, 'MatriculaNoRevisadaPorApoderado', NULL, 331, 170, NULL, 9, NULL),
(189,null,null, 'Madre', NULL, NULL, NULL, 'MatriculaNoRevisadaPorApoderado', NULL, 334, 173, NULL, 9, NULL),
(191,null,null, 'Madre', NULL, NULL, NULL, 'MatriculaNoRevisadaPorApoderado', NULL, 335, 174, NULL, 13, NULL),
(192,null,null, 'Madre', NULL, NULL, NULL, 'MatriculaNoRevisadaPorApoderado', NULL, 336, 175, NULL, 9, NULL),
(193,null,null, 'Madre', NULL, NULL, NULL, 'MatriculaNoRevisadaPorApoderado', NULL, 337, 176, NULL, 10, NULL),
(194,null,null, 'Padre', NULL, NULL, NULL, 'MatriculaNoRevisadaPorApoderado', NULL, 338, 177, NULL, 13, NULL),
(197,null,null, 'Madre', NULL, NULL, NULL, 'MatriculaNoRevisadaPorApoderado', NULL, 340, 180, NULL, 9, NULL),
(199,null,null, 'Madre', NULL, NULL, NULL, 'MatriculaNoRevisadaPorApoderado', NULL, 339, 179, NULL, 10, NULL),
(200,null,null, 'Madre', NULL, NULL, NULL, 'MatriculaNoRevisadaPorApoderado', NULL, 341, 182, NULL, 9, NULL),
(202,null,null, 'Madre', NULL, NULL, NULL, 'MatriculaNoRevisadaPorApoderado', NULL, 343, 185, NULL, 9, NULL),
(204,null,null, 'Abuelo/Abuela', NULL, NULL, NULL, 'MatriculaNoRevisadaPorApoderado', NULL, 342, 183, NULL, 14, NULL),
(206,null,null, 'Madre', NULL, NULL, NULL, 'MatriculaNoRevisadaPorApoderado', NULL, 344, 187, NULL, 13, NULL),
(209,null,null, 'Madre', NULL, NULL, NULL, 'MatriculaNoRevisadaPorApoderado', NULL, 345, 191, NULL, 9, NULL),
(210,null,null, 'Madre', NULL, NULL, NULL, 'MatriculaNoRevisadaPorApoderado', NULL, 346, 192, NULL, 9, NULL),
(212,null,null, 'Padre', NULL, NULL, NULL, 'MatriculaNoRevisadaPorApoderado', NULL, 347, 193, NULL, 9, NULL),
(213,null,null, 'Padre', NULL, NULL, NULL, 'MatriculaNoRevisadaPorApoderado', NULL, 348, 194, NULL, 9, NULL),
(214,null,null, 'Madre', NULL, NULL, NULL, 'MatriculaNoRevisadaPorApoderado', NULL, 349, 195, NULL, 10, NULL),
(215,null,null, 'Madre', NULL, NULL, NULL, 'MatriculaNoRevisadaPorApoderado', NULL, 350, 196, NULL, 13, NULL),
(216,null,null, 'Madre', NULL, NULL, NULL, 'MatriculaNoRevisadaPorApoderado', NULL, 351, 196, NULL, 9, NULL),
(218,null,null, 'Padre', NULL, NULL, NULL, 'MatriculaNoRevisadaPorApoderado', NULL, 352, 198, NULL, 13, NULL),
(219,null,null, 'Padre', NULL, NULL, NULL, 'MatriculaNoRevisadaPorApoderado', NULL, 353, 199, NULL, 13, NULL),
(221,null,null, 'Madre', NULL, NULL, NULL, 'MatriculaNoRevisadaPorApoderado', NULL, 354, 200, NULL, 9, NULL),
(222,null,null, 'Madre', NULL, NULL, NULL, 'MatriculaNoRevisadaPorApoderado', NULL, 355, 201, NULL, 9, NULL),
(226,null,null, 'Madre', NULL, NULL, NULL, 'MatriculaNoRevisadaPorApoderado', NULL, 357, 206, NULL, 9, NULL),
(227,null,null, 'Madre', NULL, NULL, NULL, 'MatriculaNoRevisadaPorApoderado', NULL, 356, 204, NULL, 13, NULL),
(236,null,null, 'Padre', NULL, NULL, NULL, 'MatriculaNoRevisadaPorApoderado', NULL, 358, 214, NULL, 13, NULL),
(239,null,null, 'Padre', NULL, NULL, NULL, 'MatriculaNoRevisadaPorApoderado', NULL, 359, 218, NULL, 13, NULL),
(242,null,null, 'Madre', NULL, NULL, NULL, 'MatriculaNoRevisadaPorApoderado', NULL, 360, 220, NULL, 9, NULL),
(244,null,null, 'Madre', NULL, NULL, NULL, 'MatriculaNoRevisadaPorApoderado', NULL, 361, 222, NULL, 1, NULL),
(247,null,null, 'Madre', NULL, NULL, NULL, 'MatriculaNoRevisadaPorApoderado', NULL, 362, 226, NULL, 9, NULL),
(250,null,null, 'Madre', NULL, NULL, NULL, 'MatriculaNoRevisadaPorApoderado', NULL, 363, 228, NULL, 9, NULL),
(255,null,null, 'Madre', NULL, NULL, NULL, 'MatriculaNoRevisadaPorApoderado', NULL, 364, 233, NULL, 13, NULL),
(256,null,null, 'Madre', NULL, NULL, NULL, 'MatriculaNoRevisadaPorApoderado', NULL, 365, 234, NULL, 13, NULL),
(260,null,null, 'Madre', NULL, NULL, NULL, 'MatriculaNoRevisadaPorApoderado', NULL, 366, 238, NULL, 13, NULL),
(262,null,null, 'Madre', NULL, NULL, NULL, 'MatriculaNoRevisadaPorApoderado', NULL, 367, 241, NULL, 10, NULL),
(279,null,null, 'Madre', NULL, NULL, NULL, 'MatriculaNoRevisadaPorApoderado', NULL, 368, 255, NULL, 9, NULL);


REPLACE INTO `apoderados` (`id`, `created_at`, `updated_at`, `nivelEducacional`, `profesion`, `participacionCargo`, `participacionAnio`, `participacionObservacion`, `paisDeOrigen`, `idPersona`, `estado`) VALUES
(5,null,null, NULL, NULL, NULL, NULL, NULL, NULL, 1, 'MatriculaNoRevisadaPorApoderado'),
(6,null,null, NULL, NULL, NULL, NULL, NULL, NULL, 2, 'MatriculaNoRevisadaPorApoderado'),
(9,null,null, NULL, NULL, NULL, NULL, NULL, NULL, 3, 'MatriculaNoRevisadaPorApoderado'),
(10,null,null, NULL, NULL, NULL, NULL, NULL, NULL, 4, 'MatriculaNoRevisadaPorApoderado'),
(11,null,null, NULL, NULL, NULL, NULL, NULL, NULL, 5, 'MatriculaNoRevisadaPorApoderado'),
(12,null,null, NULL, NULL, NULL, NULL, NULL, NULL, 6, 'MatriculaNoRevisadaPorApoderado'),
(14,null,null, NULL, NULL, NULL, NULL, NULL, NULL, 7, 'MatriculaNoRevisadaPorApoderado'),
(16,null,null, NULL, NULL, NULL, NULL, NULL, NULL, 8, 'MatriculaNoRevisadaPorApoderado'),
(17,null,null, NULL, NULL, NULL, NULL, NULL, NULL, 9, 'MatriculaNoRevisadaPorApoderado'),
(18,null,null, NULL, NULL, NULL, NULL, NULL, NULL, 10, 'MatriculaNoRevisadaPorApoderado'),
(19,null,null, NULL, NULL, NULL, NULL, NULL, NULL, 11, 'MatriculaNoRevisadaPorApoderado'),
(20,null,null, NULL, NULL, NULL, NULL, NULL, NULL, 12, 'MatriculaNoRevisadaPorApoderado'),
(21,null,null, NULL, NULL, NULL, NULL, NULL, NULL, 13, 'MatriculaNoRevisadaPorApoderado'),
(23,null,null, NULL, NULL, NULL, NULL, NULL, NULL, 14, 'MatriculaNoRevisadaPorApoderado'),
(24,null,null, NULL, NULL, NULL, NULL, NULL, NULL, 15, 'MatriculaNoRevisadaPorApoderado'),
(25,null,null, NULL, NULL, NULL, NULL, NULL, NULL, 16, 'MatriculaNoRevisadaPorApoderado'),
(26,null,null, NULL, NULL, NULL, NULL, NULL, NULL, 17, 'MatriculaNoRevisadaPorApoderado'),
(27,null,null, NULL, NULL, NULL, NULL, NULL, NULL, 18, 'MatriculaNoRevisadaPorApoderado'),
(28,null,null, NULL, NULL, NULL, NULL, NULL, NULL, 19, 'MatriculaNoRevisadaPorApoderado'),
(29,null,null, NULL, NULL, NULL, NULL, NULL, NULL, 20, 'MatriculaNoRevisadaPorApoderado'),
(30,null,null, NULL, NULL, NULL, NULL, NULL, NULL, 21, 'MatriculaNoRevisadaPorApoderado'),
(31,null,null, NULL, NULL, NULL, NULL, NULL, NULL, 22, 'MatriculaNoRevisadaPorApoderado'),
(32,null,null, NULL, NULL, NULL, NULL, NULL, NULL, 23, 'MatriculaNoRevisadaPorApoderado'),
(33,null,null, NULL, NULL, NULL, NULL, NULL, NULL, 24, 'MatriculaNoRevisadaPorApoderado'),
(34,null,null, NULL, NULL, NULL, NULL, NULL, NULL, 25, 'MatriculaNoRevisadaPorApoderado'),
(36,null,null, NULL, NULL, NULL, NULL, NULL, NULL, 26, 'MatriculaNoRevisadaPorApoderado'),
(37,null,null, NULL, NULL, NULL, NULL, NULL, NULL, 27, 'MatriculaNoRevisadaPorApoderado'),
(39,null,null, NULL, NULL, NULL, NULL, NULL, NULL, 28, 'MatriculaNoRevisadaPorApoderado'),
(40,null,null, NULL, NULL, NULL, NULL, NULL, NULL, 29, 'MatriculaNoRevisadaPorApoderado'),
(41,null,null, NULL, NULL, NULL, NULL, NULL, NULL, 30, 'MatriculaNoRevisadaPorApoderado'),
(42,null,null, NULL, NULL, NULL, NULL, NULL, NULL, 31, 'MatriculaNoRevisadaPorApoderado'),
(43,null,null, NULL, NULL, NULL, NULL, NULL, NULL, 32, 'MatriculaNoRevisadaPorApoderado'),
(44,null,null, NULL, NULL, NULL, NULL, NULL, NULL, 33, 'MatriculaNoRevisadaPorApoderado'),
(45,null,null, NULL, NULL, NULL, NULL, NULL, NULL, 34, 'MatriculaNoRevisadaPorApoderado'),
(46,null,null, NULL, NULL, NULL, NULL, NULL, NULL, 35, 'MatriculaNoRevisadaPorApoderado'),
(47,null,null, NULL, NULL, NULL, NULL, NULL, NULL, 36, 'MatriculaNoRevisadaPorApoderado'),
(48,null,null, NULL, NULL, NULL, NULL, NULL, NULL, 37, 'MatriculaNoRevisadaPorApoderado'),
(49,null,null, NULL, NULL, NULL, NULL, NULL, NULL, 38, 'MatriculaNoRevisadaPorApoderado'),
(52,null,null, NULL, NULL, NULL, NULL, NULL, NULL, 39, 'MatriculaNoRevisadaPorApoderado'),
(53,null,null, NULL, NULL, NULL, NULL, NULL, NULL, 40, 'MatriculaNoRevisadaPorApoderado'),
(54,null,null, NULL, NULL, NULL, NULL, NULL, NULL, 41, 'MatriculaNoRevisadaPorApoderado'),
(55,null,null, NULL, NULL, NULL, NULL, NULL, NULL, 42, 'MatriculaNoRevisadaPorApoderado'),
(56,null,null, NULL, NULL, NULL, NULL, NULL, NULL, 43, 'MatriculaNoRevisadaPorApoderado'),
(57,null,null, NULL, NULL, NULL, NULL, NULL, NULL, 44, 'MatriculaNoRevisadaPorApoderado'),
(58,null,null, NULL, NULL, NULL, NULL, NULL, NULL, 45, 'MatriculaNoRevisadaPorApoderado'),
(59,null,null, NULL, NULL, NULL, NULL, NULL, NULL, 46, 'MatriculaNoRevisadaPorApoderado'),
(60,null,null, NULL, NULL, NULL, NULL, NULL, NULL, 47, 'MatriculaNoRevisadaPorApoderado'),
(61,null,null, NULL, NULL, NULL, NULL, NULL, NULL, 48, 'MatriculaNoRevisadaPorApoderado'),
(62,null,null, NULL, NULL, NULL, NULL, NULL, NULL, 49, 'MatriculaNoRevisadaPorApoderado'),
(63,null,null, NULL, NULL, NULL, NULL, NULL, NULL, 50, 'MatriculaNoRevisadaPorApoderado'),
(64,null,null, NULL, NULL, NULL, NULL, NULL, NULL, 51, 'MatriculaNoRevisadaPorApoderado'),
(65,null,null, NULL, NULL, NULL, NULL, NULL, NULL, 52, 'MatriculaNoRevisadaPorApoderado'),
(66,null,null, NULL, NULL, NULL, NULL, NULL, NULL, 53, 'MatriculaNoRevisadaPorApoderado'),
(67,null,null, NULL, NULL, NULL, NULL, NULL, NULL, 54, 'MatriculaNoRevisadaPorApoderado'),
(68,null,null, NULL, NULL, NULL, NULL, NULL, NULL, 55, 'MatriculaNoRevisadaPorApoderado'),
(69,null,null, NULL, NULL, NULL, NULL, NULL, NULL, 56, 'MatriculaNoRevisadaPorApoderado'),
(70,null,null, NULL, NULL, NULL, NULL, NULL, NULL, 57, 'MatriculaNoRevisadaPorApoderado'),
(71,null,null, NULL, NULL, NULL, NULL, NULL, NULL, 58, 'MatriculaNoRevisadaPorApoderado'),
(72,null,null, NULL, NULL, NULL, NULL, NULL, NULL, 59, 'MatriculaNoRevisadaPorApoderado'),
(73,null,null, NULL, NULL, NULL, NULL, NULL, NULL, 60, 'MatriculaNoRevisadaPorApoderado'),
(74,null,null, NULL, NULL, NULL, NULL, NULL, NULL, 61, 'MatriculaNoRevisadaPorApoderado'),
(75,null,null, NULL, NULL, NULL, NULL, NULL, NULL, 62, 'MatriculaNoRevisadaPorApoderado'),
(76,null,null, NULL, NULL, NULL, NULL, NULL, NULL, 63, 'MatriculaNoRevisadaPorApoderado'),
(77,null,null, NULL, NULL, NULL, NULL, NULL, NULL, 64, 'MatriculaNoRevisadaPorApoderado'),
(78,null,null, NULL, NULL, NULL, NULL, NULL, NULL, 65, 'MatriculaNoRevisadaPorApoderado'),
(79,null,null, NULL, NULL, NULL, NULL, NULL, NULL, 66, 'MatriculaNoRevisadaPorApoderado'),
(80,null,null, NULL, NULL, NULL, NULL, NULL, NULL, 67, 'MatriculaNoRevisadaPorApoderado'),
(81,null,null, NULL, NULL, NULL, NULL, NULL, NULL, 68, 'MatriculaNoRevisadaPorApoderado'),
(82,null,null, NULL, NULL, NULL, NULL, NULL, NULL, 69, 'MatriculaNoRevisadaPorApoderado'),
(83,null,null, NULL, NULL, NULL, NULL, NULL, NULL, 70, 'MatriculaNoRevisadaPorApoderado'),
(85,null,null, NULL, NULL, NULL, NULL, NULL, NULL, 71, 'MatriculaNoRevisadaPorApoderado'),
(87,null,null, NULL, NULL, NULL, NULL, NULL, NULL, 72, 'MatriculaNoRevisadaPorApoderado'),
(88,null,null, NULL, NULL, NULL, NULL, NULL, NULL, 73, 'MatriculaNoRevisadaPorApoderado'),
(89,null,null, NULL, NULL, NULL, NULL, NULL, NULL, 74, 'MatriculaNoRevisadaPorApoderado'),
(90,null,null, NULL, NULL, NULL, NULL, NULL, NULL, 75, 'MatriculaNoRevisadaPorApoderado'),
(91,null,null, NULL, NULL, NULL, NULL, NULL, NULL, 76, 'MatriculaNoRevisadaPorApoderado'),
(92,null,null, NULL, NULL, NULL, NULL, NULL, NULL, 77, 'MatriculaNoRevisadaPorApoderado'),
(93,null,null, NULL, NULL, NULL, NULL, NULL, NULL, 78, 'MatriculaNoRevisadaPorApoderado'),
(94,null,null, NULL, NULL, NULL, NULL, NULL, NULL, 79, 'MatriculaNoRevisadaPorApoderado'),
(95,null,null, NULL, NULL, NULL, NULL, NULL, NULL, 80, 'MatriculaNoRevisadaPorApoderado'),
(96,null,null, NULL, NULL, NULL, NULL, NULL, NULL, 81, 'MatriculaNoRevisadaPorApoderado'),
(97,null,null, NULL, NULL, NULL, NULL, NULL, NULL, 82, 'MatriculaNoRevisadaPorApoderado'),
(98,null,null, NULL, NULL, NULL, NULL, NULL, NULL, 83, 'MatriculaNoRevisadaPorApoderado'),
(99,null,null, NULL, NULL, NULL, NULL, NULL, NULL, 84, 'MatriculaNoRevisadaPorApoderado'),
(101,null,null, NULL, NULL, NULL, NULL, NULL, NULL, 85, 'MatriculaNoRevisadaPorApoderado'),
(102,null,null, NULL, NULL, NULL, NULL, NULL, NULL, 86, 'MatriculaNoRevisadaPorApoderado'),
(103,null,null, NULL, NULL, NULL, NULL, NULL, NULL, 87, 'MatriculaNoRevisadaPorApoderado'),
(104,null,null, NULL, NULL, NULL, NULL, NULL, NULL, 88, 'MatriculaNoRevisadaPorApoderado'),
(105,null,null, NULL, NULL, NULL, NULL, NULL, NULL, 89, 'MatriculaNoRevisadaPorApoderado'),
(106,null,null, NULL, NULL, NULL, NULL, NULL, NULL, 90, 'MatriculaNoRevisadaPorApoderado'),
(108,null,null, NULL, NULL, NULL, NULL, NULL, NULL, 91, 'MatriculaNoRevisadaPorApoderado'),
(109,null,null, NULL, NULL, NULL, NULL, NULL, NULL, 92, 'MatriculaNoRevisadaPorApoderado'),
(110,null,null, NULL, NULL, NULL, NULL, NULL, NULL, 93, 'MatriculaNoRevisadaPorApoderado'),
(111,null,null, NULL, NULL, NULL, NULL, NULL, NULL, 94, 'MatriculaNoRevisadaPorApoderado'),
(112,null,null, NULL, NULL, NULL, NULL, NULL, NULL, 95, 'MatriculaNoRevisadaPorApoderado'),
(113,null,null, NULL, NULL, NULL, NULL, NULL, NULL, 96, 'MatriculaNoRevisadaPorApoderado'),
(114,null,null, NULL, NULL, NULL, NULL, NULL, NULL, 97, 'MatriculaNoRevisadaPorApoderado'),
(115,null,null, NULL, NULL, NULL, NULL, NULL, NULL, 98, 'MatriculaNoRevisadaPorApoderado'),
(116,null,null, NULL, NULL, NULL, NULL, NULL, NULL, 99, 'MatriculaNoRevisadaPorApoderado'),
(118,null,null, NULL, NULL, NULL, NULL, NULL, NULL, 100, 'MatriculaNoRevisadaPorApoderado'),
(119,null,null, NULL, NULL, NULL, NULL, NULL, NULL, 101, 'MatriculaNoRevisadaPorApoderado'),
(120,null,null, NULL, NULL, NULL, NULL, NULL, NULL, 102, 'MatriculaNoRevisadaPorApoderado'),
(121,null,null, NULL, NULL, NULL, NULL, NULL, NULL, 103, 'MatriculaNoRevisadaPorApoderado'),
(122,null,null, NULL, NULL, NULL, NULL, NULL, NULL, 104, 'MatriculaNoRevisadaPorApoderado'),
(123,null,null, NULL, NULL, NULL, NULL, NULL, NULL, 105, 'MatriculaNoRevisadaPorApoderado'),
(124,null,null, NULL, NULL, NULL, NULL, NULL, NULL, 106, 'MatriculaNoRevisadaPorApoderado'),
(125,null,null, NULL, NULL, NULL, NULL, NULL, NULL, 107, 'MatriculaNoRevisadaPorApoderado'),
(126,null,null, NULL, NULL, NULL, NULL, NULL, NULL, 108, 'MatriculaNoRevisadaPorApoderado'),
(127,null,null, NULL, NULL, NULL, NULL, NULL, NULL, 109, 'MatriculaNoRevisadaPorApoderado'),
(128,null,null, NULL, NULL, NULL, NULL, NULL, NULL, 110, 'MatriculaNoRevisadaPorApoderado'),
(129,null,null, NULL, NULL, NULL, NULL, NULL, NULL, 111, 'MatriculaNoRevisadaPorApoderado'),
(130,null,null, NULL, NULL, NULL, NULL, NULL, NULL, 112, 'MatriculaNoRevisadaPorApoderado'),
(133,null,null, NULL, NULL, NULL, NULL, NULL, NULL, 113, 'MatriculaNoRevisadaPorApoderado'),
(134,null,null, NULL, NULL, NULL, NULL, NULL, NULL, 114, 'MatriculaNoRevisadaPorApoderado'),
(135,null,null, NULL, NULL, NULL, NULL, NULL, NULL, 115, 'MatriculaNoRevisadaPorApoderado'),
(136,null,null, NULL, NULL, NULL, NULL, NULL, NULL, 116, 'MatriculaNoRevisadaPorApoderado'),
(137,null,null, NULL, NULL, NULL, NULL, NULL, NULL, 117, 'MatriculaNoRevisadaPorApoderado'),
(139,null,null, NULL, NULL, NULL, NULL, NULL, NULL, 118, 'MatriculaNoRevisadaPorApoderado'),
(140,null,null, NULL, NULL, NULL, NULL, NULL, NULL, 119, 'MatriculaNoRevisadaPorApoderado'),
(141,null,null, NULL, NULL, NULL, NULL, NULL, NULL, 120, 'MatriculaNoRevisadaPorApoderado'),
(142,null,null, NULL, NULL, NULL, NULL, NULL, NULL, 121, 'MatriculaNoRevisadaPorApoderado'),
(143,null,null, NULL, NULL, NULL, NULL, NULL, NULL, 122, 'MatriculaNoRevisadaPorApoderado'),
(144,null,null, NULL, NULL, NULL, NULL, NULL, NULL, 123, 'MatriculaNoRevisadaPorApoderado'),
(145,null,null, NULL, NULL, NULL, NULL, NULL, NULL, 124, 'MatriculaNoRevisadaPorApoderado'),
(146,null,null, NULL, NULL, NULL, NULL, NULL, NULL, 125, 'MatriculaNoRevisadaPorApoderado'),
(147,null,null, NULL, NULL, NULL, NULL, NULL, NULL, 126, 'MatriculaNoRevisadaPorApoderado'),
(148,null,null, NULL, NULL, NULL, NULL, NULL, NULL, 127, 'MatriculaNoRevisadaPorApoderado'),
(149,null,null, NULL, NULL, NULL, NULL, NULL, NULL, 128, 'MatriculaNoRevisadaPorApoderado'),
(150,null,null, NULL, NULL, NULL, NULL, NULL, NULL, 129, 'MatriculaNoRevisadaPorApoderado'),
(151,null,null, NULL, NULL, NULL, NULL, NULL, NULL, 130, 'MatriculaNoRevisadaPorApoderado'),
(153,null,null, NULL, NULL, NULL, NULL, NULL, NULL, 131, 'MatriculaNoRevisadaPorApoderado'),
(154,null,null, NULL, NULL, NULL, NULL, NULL, NULL, 132, 'MatriculaNoRevisadaPorApoderado'),
(156,null,null, NULL, NULL, NULL, NULL, NULL, NULL, 133, 'MatriculaNoRevisadaPorApoderado'),
(157,null,null, NULL, NULL, NULL, NULL, NULL, NULL, 134, 'MatriculaNoRevisadaPorApoderado'),
(158,null,null, NULL, NULL, NULL, NULL, NULL, NULL, 135, 'MatriculaNoRevisadaPorApoderado'),
(159,null,null, NULL, NULL, NULL, NULL, NULL, NULL, 136, 'MatriculaNoRevisadaPorApoderado'),
(160,null,null, NULL, NULL, NULL, NULL, NULL, NULL, 137, 'MatriculaNoRevisadaPorApoderado'),
(161,null,null, NULL, NULL, NULL, NULL, NULL, NULL, 138, 'MatriculaNoRevisadaPorApoderado'),
(162,null,null, NULL, NULL, NULL, NULL, NULL, NULL, 139, 'MatriculaNoRevisadaPorApoderado'),
(163,null,null, NULL, NULL, NULL, NULL, NULL, NULL, 140, 'MatriculaNoRevisadaPorApoderado'),
(164,null,null, NULL, NULL, NULL, NULL, NULL, NULL, 141, 'MatriculaNoRevisadaPorApoderado'),
(165,null,null, NULL, NULL, NULL, NULL, NULL, NULL, 142, 'MatriculaNoRevisadaPorApoderado'),
(168,null,null, NULL, NULL, NULL, NULL, NULL, NULL, 143, 'MatriculaNoRevisadaPorApoderado'),
(170,null,null, NULL, NULL, NULL, NULL, NULL, NULL, 144, 'MatriculaNoRevisadaPorApoderado'),
(171,null,null, NULL, NULL, NULL, NULL, NULL, NULL, 145, 'MatriculaNoRevisadaPorApoderado'),
(172,null,null, NULL, NULL, NULL, NULL, NULL, NULL, 146, 'MatriculaNoRevisadaPorApoderado'),
(173,null,null, NULL, NULL, NULL, NULL, NULL, NULL, 147, 'MatriculaNoRevisadaPorApoderado'),
(174,null,null, NULL, NULL, NULL, NULL, NULL, NULL, 148, 'MatriculaNoRevisadaPorApoderado'),
(175,null,null, NULL, NULL, NULL, NULL, NULL, NULL, 149, 'MatriculaNoRevisadaPorApoderado'),
(176,null,null, NULL, NULL, NULL, NULL, NULL, NULL, 150, 'MatriculaNoRevisadaPorApoderado'),
(177,null,null, NULL, NULL, NULL, NULL, NULL, NULL, 151, 'MatriculaNoRevisadaPorApoderado'),
(179,null,null, NULL, NULL, NULL, NULL, NULL, NULL, 152, 'MatriculaNoRevisadaPorApoderado'),
(180,null,null, NULL, NULL, NULL, NULL, NULL, NULL, 153, 'MatriculaNoRevisadaPorApoderado'),
(182,null,null, NULL, NULL, NULL, NULL, NULL, NULL, 154, 'MatriculaNoRevisadaPorApoderado'),
(183,null,null, NULL, NULL, NULL, NULL, NULL, NULL, 155, 'MatriculaNoRevisadaPorApoderado'),
(185,null,null, NULL, NULL, NULL, NULL, NULL, NULL, 156, 'MatriculaNoRevisadaPorApoderado'),
(187,null,null, NULL, NULL, NULL, NULL, NULL, NULL, 157, 'MatriculaNoRevisadaPorApoderado'),
(191,null,null, NULL, NULL, NULL, NULL, NULL, NULL, 158, 'MatriculaNoRevisadaPorApoderado'),
(192,null,null, NULL, NULL, NULL, NULL, NULL, NULL, 159, 'MatriculaNoRevisadaPorApoderado'),
(193,null,null, NULL, NULL, NULL, NULL, NULL, NULL, 160, 'MatriculaNoRevisadaPorApoderado'),
(194,null,null, NULL, NULL, NULL, NULL, NULL, NULL, 161, 'MatriculaNoRevisadaPorApoderado'),
(195,null,null, NULL, NULL, NULL, NULL, NULL, NULL, 162, 'MatriculaNoRevisadaPorApoderado'),
(196,null,null, NULL, NULL, NULL, NULL, NULL, NULL, 163, 'MatriculaNoRevisadaPorApoderado'),
(198,null,null, NULL, NULL, NULL, NULL, NULL, NULL, 164, 'MatriculaNoRevisadaPorApoderado'),
(199,null,null, NULL, NULL, NULL, NULL, NULL, NULL, 165, 'MatriculaNoRevisadaPorApoderado'),
(200,null,null, NULL, NULL, NULL, NULL, NULL, NULL, 166, 'MatriculaNoRevisadaPorApoderado'),
(201,null,null, NULL, NULL, NULL, NULL, NULL, NULL, 167, 'MatriculaNoRevisadaPorApoderado'),
(204,null,null, NULL, NULL, NULL, NULL, NULL, NULL, 168, 'MatriculaNoRevisadaPorApoderado'),
(206,null,null, NULL, NULL, NULL, NULL, NULL, NULL, 169, 'MatriculaNoRevisadaPorApoderado'),
(214,null,null, NULL, NULL, NULL, NULL, NULL, NULL, 170, 'MatriculaNoRevisadaPorApoderado'),
(218,null,null, NULL, NULL, NULL, NULL, NULL, NULL, 171, 'MatriculaNoRevisadaPorApoderado'),
(220,null,null, NULL, NULL, NULL, NULL, NULL, NULL, 172, 'MatriculaNoRevisadaPorApoderado'),
(222,null,null, NULL, NULL, NULL, NULL, NULL, NULL, 173, 'MatriculaNoRevisadaPorApoderado'),
(226,null,null, NULL, NULL, NULL, NULL, NULL, NULL, 174, 'MatriculaNoRevisadaPorApoderado'),
(228,null,null, NULL, NULL, NULL, NULL, NULL, NULL, 175, 'MatriculaNoRevisadaPorApoderado'),
(233,null,null, NULL, NULL, NULL, NULL, NULL, NULL, 176, 'MatriculaNoRevisadaPorApoderado'),
(234,null,null, NULL, NULL, NULL, NULL, NULL, NULL, 177, 'MatriculaNoRevisadaPorApoderado'),
(238,null,null, NULL, NULL, NULL, NULL, NULL, NULL, 178, 'MatriculaNoRevisadaPorApoderado'),
(241,null,null, NULL, NULL, NULL, NULL, NULL, NULL, 179, 'MatriculaNoRevisadaPorApoderado'),
(255,null,null, NULL, NULL, NULL, NULL, NULL, NULL, 180, 'MatriculaNoRevisadaPorApoderado');

REPLACE INTO `comunas` (`id`, `created_at`, `updated_at`, `nombreComu`, `codigoUnico`, `idProvincia`) VALUES
(1, '2018-09-24 03:00:00', '2018-09-24 03:00:00', 'Arica', '15101', 1),
(2, '2018-09-24 03:00:00', '2018-09-24 03:00:00', 'Camarones', '15102', 1),
(3, '2018-09-24 03:00:00', '2018-09-24 03:00:00', 'General Lagos', '15202', 2),
(4, '2018-09-24 03:00:00', '2018-09-24 03:00:00', 'Putre', '15201', 2),
(5, '2018-09-24 03:00:00', '2018-09-24 03:00:00', 'Alto Hospicio', '01107', 3),
(6, '2018-09-24 03:00:00', '2018-09-24 03:00:00', 'Iquique', '01101', 3),
(7, '2018-09-24 03:00:00', '2018-09-24 03:00:00', 'Camiña', '01402', 4),
(8, '2018-09-24 03:00:00', '2018-09-24 03:00:00', 'Colchane', '01403', 4),
(9, '2018-09-24 03:00:00', '2018-09-24 03:00:00', 'Huara', '01404', 4),
(10, '2018-09-24 03:00:00', '2018-09-24 03:00:00', 'Pica', '01405', 4),
(11, '2018-09-24 03:00:00', '2018-09-24 03:00:00', 'Pozo Almonte', '01401', 4),
(12, '2018-09-24 03:00:00', '2018-09-24 03:00:00', 'Antofagasta', '02101', 5),
(13, '2018-09-24 03:00:00', '2018-09-24 03:00:00', 'Mejillones', '02102', 5),
(14, '2018-09-24 03:00:00', '2018-09-24 03:00:00', 'Sierra Gorda', '02103', 5),
(15, '2018-09-24 03:00:00', '2018-09-24 03:00:00', 'Taltal', '02104', 5),
(16, '2018-09-24 03:00:00', '2018-09-24 03:00:00', 'Calama', '02201', 6),
(17, '2018-09-24 03:00:00', '2018-09-24 03:00:00', 'Ollague', '02202', 6),
(18, '2018-09-24 03:00:00', '2018-09-24 03:00:00', 'San Pedro de Atacama', '02203', 6),
(19, '2018-09-24 03:00:00', '2018-09-24 03:00:00', 'María Elena', '02302', 7),
(20, '2018-09-24 03:00:00', '2018-09-24 03:00:00', 'Tocopilla', '02301', 7),
(21, '2018-09-24 03:00:00', '2018-09-24 03:00:00', 'Chañaral', '03201', 8),
(22, '2018-09-24 03:00:00', '2018-09-24 03:00:00', 'Diego de Almagro', '03202', 8),
(23, '2018-09-24 03:00:00', '2018-09-24 03:00:00', 'Caldera', '03102', 9),
(24, '2018-09-24 03:00:00', '2018-09-24 03:00:00', 'Copiapó', '03101', 9),
(25, '2018-09-24 03:00:00', '2018-09-24 03:00:00', 'Tierra Amarilla', '03103', 9),
(26, '2018-09-24 03:00:00', '2018-09-24 03:00:00', 'Alto del Carmen', '03302', 10),
(27, '2018-09-24 03:00:00', '2018-09-24 03:00:00', 'Freirina', '03303', 10),
(28, '2018-09-24 03:00:00', '2018-09-24 03:00:00', 'Huasco', '03304', 10),
(29, '2018-09-24 03:00:00', '2018-09-24 03:00:00', 'Vallenar', '03301', 10),
(30, '2018-09-24 03:00:00', '2018-09-24 03:00:00', 'Canela', '04202', 11),
(31, '2018-09-24 03:00:00', '2018-09-24 03:00:00', 'Illapel', '04201', 11),
(32, '2018-09-24 03:00:00', '2018-09-24 03:00:00', 'Los Vilos', '04203', 11),
(33, '2018-09-24 03:00:00', '2018-09-24 03:00:00', 'Salamanca', '04204', 11),
(34, '2018-09-24 03:00:00', '2018-09-24 03:00:00', 'Andacollo', '04103', 12),
(35, '2018-09-24 03:00:00', '2018-09-24 03:00:00', 'Coquimbo', '04102', 12),
(36, '2018-09-24 03:00:00', '2018-09-24 03:00:00', 'La Higuera', '04104', 12),
(37, '2018-09-24 03:00:00', '2018-09-24 03:00:00', 'La Serena', '04101', 12),
(38, '2018-09-24 03:00:00', '2018-09-24 03:00:00', 'Paihuano', '04105', 12),
(39, '2018-09-24 03:00:00', '2018-09-24 03:00:00', 'Vicuña', '04106', 12),
(40, '2018-09-24 03:00:00', '2018-09-24 03:00:00', 'Combarbalá', '04302', 13),
(41, '2018-09-24 03:00:00', '2018-09-24 03:00:00', 'Monte Patria', '04303', 13),
(42, '2018-09-24 03:00:00', '2018-09-24 03:00:00', 'Ovalle', '04301', 13),
(43, '2018-09-24 03:00:00', '2018-09-24 03:00:00', 'Punitaqui', '04304', 13),
(44, '2018-09-24 03:00:00', '2018-09-24 03:00:00', 'Río Hurtado', '04305', 13),
(45, '2018-09-24 03:00:00', '2018-09-24 03:00:00', 'Isla de Pascua', '05201', 14),
(46, '2018-09-24 03:00:00', '2018-09-24 03:00:00', 'Calle Larga', '05302', 15),
(47, '2018-09-24 03:00:00', '2018-09-24 03:00:00', 'Los Andes', '05301', 15),
(48, '2018-09-24 03:00:00', '2018-09-24 03:00:00', 'Rinconada', '05303', 15),
(49, '2018-09-24 03:00:00', '2018-09-24 03:00:00', 'San Esteban', '05304', 15),
(50, '2018-09-24 03:00:00', '2018-09-24 03:00:00', 'La Ligua', '05401', 16),
(51, '2018-09-24 03:00:00', '2018-09-24 03:00:00', 'Papudo', '05403', 16),
(52, '2018-09-24 03:00:00', '2018-09-24 03:00:00', 'Petorca', '05404', 16),
(53, '2018-09-24 03:00:00', '2018-09-24 03:00:00', 'Zapallar', '05405', 16),
(54, '2018-09-24 03:00:00', '2018-09-24 03:00:00', 'Hijuelas', '05503', 17),
(55, '2018-09-24 03:00:00', '2018-09-24 03:00:00', 'La Calera', '05502', 17),
(56, '2018-09-24 03:00:00', '2018-09-24 03:00:00', 'La Cruz', '05504', 17),
(57, '2018-09-24 03:00:00', '2018-09-24 03:00:00', 'Limache', '05802', 17),
(58, '2018-09-24 03:00:00', '2018-09-24 03:00:00', 'Nogales', '05506', 17),
(59, '2018-09-24 03:00:00', '2018-09-24 03:00:00', 'Olmué', '05803', 17),
(60, '2018-09-24 03:00:00', '2018-09-24 03:00:00', 'Quillota', '05501', 17),
(61, '2018-09-24 03:00:00', '2018-09-24 03:00:00', 'Algarrobo', '05602', 18),
(62, '2018-09-24 03:00:00', '2018-09-24 03:00:00', 'Cartagena', '05603', 18),
(63, '2018-09-24 03:00:00', '2018-09-24 03:00:00', 'El Quisco', '05604', 18),
(64, '2018-09-24 03:00:00', '2018-09-24 03:00:00', 'El Tabo', '0605', 18),
(65, '2018-09-24 03:00:00', '2018-09-24 03:00:00', 'San Antonio', '05601', 18),
(66, '2018-09-24 03:00:00', '2018-09-24 03:00:00', 'Santo Domingo', '05606', 18),
(67, '2018-09-24 03:00:00', '2018-09-24 03:00:00', 'Catemu', '05702', 19),
(68, '2018-09-24 03:00:00', '2018-09-24 03:00:00', 'Llaillay', '05703', 19),
(69, '2018-09-24 03:00:00', '2018-09-24 03:00:00', 'Panquehue', '05704', 19),
(70, '2018-09-24 03:00:00', '2018-09-24 03:00:00', 'Putaendo', '05705', 19),
(71, '2018-09-24 03:00:00', '2018-09-24 03:00:00', 'San Felipe', '05701', 19),
(72, '2018-09-24 03:00:00', '2018-09-24 03:00:00', 'Santa María', '05706', 19),
(73, '2018-09-24 03:00:00', '2018-09-24 03:00:00', 'Casablanca', '05102', 20),
(74, '2018-09-24 03:00:00', '2018-09-24 03:00:00', 'Concón', '05103', 20),
(75, '2018-09-24 03:00:00', '2018-09-24 03:00:00', 'Juan Fernández', '05104', 20),
(76, '2018-09-24 03:00:00', '2018-09-24 03:00:00', 'Puchuncaví', '05105', 20),
(77, '2018-09-24 03:00:00', '2018-09-24 03:00:00', 'Quilpué', '05801', 20),
(78, '2018-09-24 03:00:00', '2018-09-24 03:00:00', 'Quintero', '05107', 20),
(79, '2018-09-24 03:00:00', '2018-09-24 03:00:00', 'Valparaíso', '05101', 20),
(80, '2018-09-24 03:00:00', '2018-09-24 03:00:00', 'Villa Alemana', '05804', 20),
(81, '2018-09-24 03:00:00', '2018-09-24 03:00:00', 'Viña del Mar', '05109', 20),
(82, '2018-09-24 03:00:00', '2018-09-24 03:00:00', 'Colina', '13301', 21),
(83, '2018-09-24 03:00:00', '2018-09-24 03:00:00', 'Lampa', '13302', 21),
(84, '2018-09-24 03:00:00', '2018-09-24 03:00:00', 'Tiltil', '13303', 21),
(85, '2018-09-24 03:00:00', '2018-09-24 03:00:00', 'Pirque', '13202', 22),
(86, '2018-09-24 03:00:00', '2018-09-24 03:00:00', 'Puente Alto', '13201', 22),
(87, '2018-09-24 03:00:00', '2018-09-24 03:00:00', 'San José de Maipo', '13203', 22),
(88, '2018-09-24 03:00:00', '2018-09-24 03:00:00', 'Buin', '13402', 23),
(89, '2018-09-24 03:00:00', '2018-09-24 03:00:00', 'Calera de Tango', '13403', 23),
(90, '2018-09-24 03:00:00', '2018-09-24 03:00:00', 'Paine', '13404', 23),
(91, '2018-09-24 03:00:00', '2018-09-24 03:00:00', 'San Bernardo', '13401', 23),
(92, '2018-09-24 03:00:00', '2018-09-24 03:00:00', 'Alhué', '13502', 24),
(93, '2018-09-24 03:00:00', '2018-09-24 03:00:00', 'Curacaví', '13503', 24),
(94, '2018-09-24 03:00:00', '2018-09-24 03:00:00', 'María Pinto', '13504', 24),
(95, '2018-09-24 03:00:00', '2018-09-24 03:00:00', 'Melipilla', '13501', 24),
(96, '2018-09-24 03:00:00', '2018-09-24 03:00:00', 'San Pedro', '13505', 24),
(97, '2018-09-24 03:00:00', '2018-09-24 03:00:00', 'Cerrillos', '13102', 25),
(98, '2018-09-24 03:00:00', '2018-09-24 03:00:00', 'Cerro Navia', '13103', 25),
(99, '2018-09-24 03:00:00', '2018-09-24 03:00:00', 'Conchalí', '13104', 25),
(100, '2018-09-24 03:00:00', '2018-09-24 03:00:00', 'El Bosque', '13105', 25),
(101, '2018-09-24 03:00:00', '2018-09-24 03:00:00', 'Estación Central', '13106', 25),
(102, '2018-09-24 03:00:00', '2018-09-24 03:00:00', 'Huechuraba', '13107', 25),
(103, '2018-09-24 03:00:00', '2018-09-24 03:00:00', 'Independencia', '13108', 25),
(104, '2018-09-24 03:00:00', '2018-09-24 03:00:00', 'La Cisterna', '13109', 25),
(105, '2018-09-24 03:00:00', '2018-09-24 03:00:00', 'La Granja', '13111', 25),
(106, '2018-09-24 03:00:00', '2018-09-24 03:00:00', 'La Florida', '13110', 25),
(107, '2018-09-24 03:00:00', '2018-09-24 03:00:00', 'La Pintana', '13112', 25),
(108, '2018-09-24 03:00:00', '2018-09-24 03:00:00', 'La Reina', '13113', 25),
(109, '2018-09-24 03:00:00', '2018-09-24 03:00:00', 'Las Condes', '13114', 25),
(110, '2018-09-24 03:00:00', '2018-09-24 03:00:00', 'Lo Barnechea', '13115', 25),
(111, '2018-09-24 03:00:00', '2018-09-24 03:00:00', 'Lo Espejo', '13116', 25),
(112, '2018-09-24 03:00:00', '2018-09-24 03:00:00', 'Lo Prado', '13117', 25),
(113, '2018-09-24 03:00:00', '2018-09-24 03:00:00', 'Macul', '13118', 25),
(114, '2018-09-24 03:00:00', '2018-09-24 03:00:00', 'Maipú', '13119', 25),
(115, '2018-09-24 03:00:00', '2018-09-24 03:00:00', 'Ñuñoa', '13120', 25),
(116, '2018-09-24 03:00:00', '2018-09-24 03:00:00', 'Pedro Aguirre Cerda', '13121', 25),
(117, '2018-09-24 03:00:00', '2018-09-24 03:00:00', 'Peñalolén', '13122', 25),
(118, '2018-09-24 03:00:00', '2018-09-24 03:00:00', 'Providencia', '13123', 25),
(119, '2018-09-24 03:00:00', '2018-09-24 03:00:00', 'Pudahuel', '13124', 25),
(120, '2018-09-24 03:00:00', '2018-09-24 03:00:00', 'Quilicura', '13125', 25),
(121, '2018-09-24 03:00:00', '2018-09-24 03:00:00', 'Quinta Normal', '13126', 25),
(122, '2018-09-24 03:00:00', '2018-09-24 03:00:00', 'Recoleta', '13127', 25),
(123, '2018-09-24 03:00:00', '2018-09-24 03:00:00', 'Renca', '13128', 25),
(124, '2018-09-24 03:00:00', '2018-09-24 03:00:00', 'San Miguel', '13130', 25),
(125, '2018-09-24 03:00:00', '2018-09-24 03:00:00', 'San Joaquín', '13129', 25),
(126, '2018-09-24 03:00:00', '2018-09-24 03:00:00', 'San Ramón', '13131', 25),
(127, '2018-09-24 03:00:00', '2018-09-24 03:00:00', 'Santiago', '13101', 25),
(128, '2018-09-24 03:00:00', '2018-09-24 03:00:00', 'Vitacura', '13132', 25),
(129, '2018-09-24 03:00:00', '2018-09-24 03:00:00', 'El Monte', '13602', 26),
(130, '2018-09-24 03:00:00', '2018-09-24 03:00:00', 'Isla de Maipo', '13603', 26),
(131, '2018-09-24 03:00:00', '2018-09-24 03:00:00', 'Padre Hurtado', '13604', 26),
(132, '2018-09-24 03:00:00', '2018-09-24 03:00:00', 'Peñaflor', '13605', 26),
(133, '2018-09-24 03:00:00', '2018-09-24 03:00:00', 'Talagante', '13601', 26),
(134, '2018-09-24 03:00:00', '2018-09-24 03:00:00', 'Codegua', '06102', 27),
(135, '2018-09-24 03:00:00', '2018-09-24 03:00:00', 'Coínco', '06103', 27),
(136, '2018-09-24 03:00:00', '2018-09-24 03:00:00', 'Coltauco', '06104', 27),
(137, '2018-09-24 03:00:00', '2018-09-24 03:00:00', 'Doñihue', '06105', 27),
(138, '2018-09-24 03:00:00', '2018-09-24 03:00:00', 'Graneros', '06106', 27),
(139, '2018-09-24 03:00:00', '2018-09-24 03:00:00', 'Las Cabras', '06107', 27),
(140, '2018-09-24 03:00:00', '2018-09-24 03:00:00', 'Machalí', '06108', 27),
(141, '2018-09-24 03:00:00', '2018-09-24 03:00:00', 'Malloa', '06109', 27),
(142, '2018-09-24 03:00:00', '2018-09-24 03:00:00', 'Mostazal', '06110', 27),
(143, '2018-09-24 03:00:00', '2018-09-24 03:00:00', 'Olivar', '06111', 27),
(144, '2018-09-24 03:00:00', '2018-09-24 03:00:00', 'Peumo', '06112', 27),
(145, '2018-09-24 03:00:00', '2018-09-24 03:00:00', 'Pichidegua', '06113', 27),
(146, '2018-09-24 03:00:00', '2018-09-24 03:00:00', 'Quinta de Tilcoco', '06114', 27),
(147, '2018-09-24 03:00:00', '2018-09-24 03:00:00', 'Rancagua', '06101', 27),
(148, '2018-09-24 03:00:00', '2018-09-24 03:00:00', 'Rengo', '06115', 27),
(149, '2018-09-24 03:00:00', '2018-09-24 03:00:00', 'Requínoa', '06116', 27),
(150, '2018-09-24 03:00:00', '2018-09-24 03:00:00', 'San Vicente de Tagua Tagua', '06117', 27),
(151, '2018-09-24 03:00:00', '2018-09-24 03:00:00', 'La Estrella', '06202', 28),
(152, '2018-09-24 03:00:00', '2018-09-24 03:00:00', 'Litueche', '06203', 28),
(153, '2018-09-24 03:00:00', '2018-09-24 03:00:00', 'Marchihue', '06204', 28),
(154, '2018-09-24 03:00:00', '2018-09-24 03:00:00', 'Navidad', '06205', 28),
(155, '2018-09-24 03:00:00', '2018-09-24 03:00:00', 'Peredones', '06206', 28),
(156, '2018-09-24 03:00:00', '2018-09-24 03:00:00', 'Pichilemu', '06201', 28),
(157, '2018-09-24 03:00:00', '2018-09-24 03:00:00', 'Chépica', '06302', 29),
(158, '2018-09-24 03:00:00', '2018-09-24 03:00:00', 'Chimbarongo', '06303', 29),
(159, '2018-09-24 03:00:00', '2018-09-24 03:00:00', 'Lolol', '06304', 29),
(160, '2018-09-24 03:00:00', '2018-09-24 03:00:00', 'Nancagua', '06305', 29),
(161, '2018-09-24 03:00:00', '2018-09-24 03:00:00', 'Palmilla', '06306', 29),
(162, '2018-09-24 03:00:00', '2018-09-24 03:00:00', 'Peralillo', '06307', 29),
(163, '2018-09-24 03:00:00', '2018-09-24 03:00:00', 'Placilla', '06308', 29),
(164, '2018-09-24 03:00:00', '2018-09-24 03:00:00', 'Pumanque', '06309', 29),
(165, '2018-09-24 03:00:00', '2018-09-24 03:00:00', 'San Fernando', '06301', 29),
(166, '2018-09-24 03:00:00', '2018-09-24 03:00:00', 'Santa Cruz', '06310', 29),
(167, '2018-09-24 03:00:00', '2018-09-24 03:00:00', 'Cauquenes', '07201', 30),
(168, '2018-09-24 03:00:00', '2018-09-24 03:00:00', 'Chanco', '07202', 30),
(169, '2018-09-24 03:00:00', '2018-09-24 03:00:00', 'Pelluhue', '07203', 30),
(170, '2018-09-24 03:00:00', '2018-09-24 03:00:00', 'Curicó', '07301', 31),
(171, '2018-09-24 03:00:00', '2018-09-24 03:00:00', 'Hualañé', '07302', 31),
(172, '2018-09-24 03:00:00', '2018-09-24 03:00:00', 'Licantén', '07303', 31),
(173, '2018-09-24 03:00:00', '2018-09-24 03:00:00', 'Molina', '07304', 31),
(174, '2018-09-24 03:00:00', '2018-09-24 03:00:00', 'Rauco', '07305', 31),
(175, '2018-09-24 03:00:00', '2018-09-24 03:00:00', 'Romeral', '07306', 31),
(176, '2018-09-24 03:00:00', '2018-09-24 03:00:00', 'Sagrada Familia', '07307', 31),
(177, '2018-09-24 03:00:00', '2018-09-24 03:00:00', 'Teno', '07308', 31),
(178, '2018-09-24 03:00:00', '2018-09-24 03:00:00', 'Vichuquén', '07309', 31),
(179, '2018-09-24 03:00:00', '2018-09-24 03:00:00', 'Colbún', '07402', 32),
(180, '2018-09-24 03:00:00', '2018-09-24 03:00:00', 'Linares', '07401', 32),
(181, '2018-09-24 03:00:00', '2018-09-24 03:00:00', 'Longaví', '07403', 32),
(182, '2018-09-24 03:00:00', '2018-09-24 03:00:00', 'Parral', '07404', 32),
(183, '2018-09-24 03:00:00', '2018-09-24 03:00:00', 'Retiro', '07405', 32),
(184, '2018-09-24 03:00:00', '2018-09-24 03:00:00', 'San Javier', '07406', 32),
(185, '2018-09-24 03:00:00', '2018-09-24 03:00:00', 'Villa Alegre', '07407', 32),
(186, '2018-09-24 03:00:00', '2018-09-24 03:00:00', 'Yerbas Buenas', '07408', 32),
(187, '2018-09-24 03:00:00', '2018-09-24 03:00:00', 'Constitución', '07102', 33),
(188, '2018-09-24 03:00:00', '2018-09-24 03:00:00', 'Curepto', '07103', 33),
(189, '2018-09-24 03:00:00', '2018-09-24 03:00:00', 'Empedrado', '07104', 33),
(190, '2018-09-24 03:00:00', '2018-09-24 03:00:00', 'Maule', '07105', 33),
(191, '2018-09-24 03:00:00', '2018-09-24 03:00:00', 'Pelarco', '07106', 33),
(192, '2018-09-24 03:00:00', '2018-09-24 03:00:00', 'Pencahue', '07107', 33),
(193, '2018-09-24 03:00:00', '2018-09-24 03:00:00', 'Río Claro', '07108', 33),
(194, '2018-09-24 03:00:00', '2018-09-24 03:00:00', 'San Clemente', '07109', 33),
(195, '2018-09-24 03:00:00', '2018-09-24 03:00:00', 'San Rafael', '07110', 33),
(196, '2018-09-24 03:00:00', '2018-09-24 03:00:00', 'Talca', '07101', 33),
(197, '2018-09-24 03:00:00', '2018-09-24 03:00:00', 'Arauco', '08202', 34),
(198, '2018-09-24 03:00:00', '2018-09-24 03:00:00', 'Cañete', '08203', 34),
(199, '2018-09-24 03:00:00', '2018-09-24 03:00:00', 'Contulmo', '08204', 34),
(200, '2018-09-24 03:00:00', '2018-09-24 03:00:00', 'Curanilahue', '08205', 34),
(201, '2018-09-24 03:00:00', '2018-09-24 03:00:00', 'Lebu', '08201', 34),
(202, '2018-09-24 03:00:00', '2018-09-24 03:00:00', 'Los Álamos', '08206', 34),
(203, '2018-09-24 03:00:00', '2018-09-24 03:00:00', 'Tirúa', '08207', 34),
(204, '2018-09-24 03:00:00', '2018-09-24 03:00:00', 'Alto Biobío', '08314', 35),
(205, '2018-09-24 03:00:00', '2018-09-24 03:00:00', 'Antuco', '08302', 35),
(206, '2018-09-24 03:00:00', '2018-09-24 03:00:00', 'Cabrero', '08303', 35),
(207, '2018-09-24 03:00:00', '2018-09-24 03:00:00', 'Laja', '08304', 35),
(208, '2018-09-24 03:00:00', '2018-09-24 03:00:00', 'Los Ángeles', '08301', 35),
(209, '2018-09-24 03:00:00', '2018-09-24 03:00:00', 'Mulchén', '08305', 35),
(210, '2018-09-24 03:00:00', '2018-09-24 03:00:00', 'Nacimiento', '08306', 35),
(211, '2018-09-24 03:00:00', '2018-09-24 03:00:00', 'Negrete', '08307', 35),
(212, '2018-09-24 03:00:00', '2018-09-24 03:00:00', 'Quilaco', '08308', 35),
(213, '2018-09-24 03:00:00', '2018-09-24 03:00:00', 'Quilleco', '08309', 35),
(214, '2018-09-24 03:00:00', '2018-09-24 03:00:00', 'San Rosendo', '08310', 35),
(215, '2018-09-24 03:00:00', '2018-09-24 03:00:00', 'Santa Bárbara', '08311', 35),
(216, '2018-09-24 03:00:00', '2018-09-24 03:00:00', 'Tucapel', '08312', 35),
(217, '2018-09-24 03:00:00', '2018-09-24 03:00:00', 'Yumbel', '08313', 35),
(218, '2018-09-24 03:00:00', '2018-09-24 03:00:00', 'Chiguayante', '08103', 36),
(219, '2018-09-24 03:00:00', '2018-09-24 03:00:00', 'Concepción', '08101', 36),
(220, '2018-09-24 03:00:00', '2018-09-24 03:00:00', 'Coronel', '08102', 36),
(221, '2018-09-24 03:00:00', '2018-09-24 03:00:00', 'Florida', '08104', 36),
(222, '2018-09-24 03:00:00', '2018-09-24 03:00:00', 'Hualpén', '08112', 36),
(223, '2018-09-24 03:00:00', '2018-09-24 03:00:00', 'Hualqui', '08105', 36),
(224, '2018-09-24 03:00:00', '2018-09-24 03:00:00', 'Lota', '08106', 36),
(225, '2018-09-24 03:00:00', '2018-09-24 03:00:00', 'Penco', '08107', 36),
(226, '2018-09-24 03:00:00', '2018-09-24 03:00:00', 'San Pedro de La Paz', '08108', 36),
(227, '2018-09-24 03:00:00', '2018-09-24 03:00:00', 'Santa Juana', '08109', 36),
(228, '2018-09-24 03:00:00', '2018-09-24 03:00:00', 'Talcahuano', '08110', 36),
(229, '2018-09-24 03:00:00', '2018-09-24 03:00:00', 'Tomé', '08111', 36),
(230, '2018-09-24 03:00:00', '2018-09-24 03:00:00', 'Bulnes', '08402', 37),
(231, '2018-09-24 03:00:00', '2018-09-24 03:00:00', 'Chillán', '08401', 37),
(232, '2018-09-24 03:00:00', '2018-09-24 03:00:00', 'Chillán Viejo', '08406', 37),
(233, '2018-09-24 03:00:00', '2018-09-24 03:00:00', 'Cobquecura', '08403', 37),
(234, '2018-09-24 03:00:00', '2018-09-24 03:00:00', 'Coelemu', '08404', 37),
(235, '2018-09-24 03:00:00', '2018-09-24 03:00:00', 'Coihueco', '08405', 37),
(236, '2018-09-24 03:00:00', '2018-09-24 03:00:00', 'El Carmen', '08407', 37),
(237, '2018-09-24 03:00:00', '2018-09-24 03:00:00', 'Ninhue', '08408', 37),
(238, '2018-09-24 03:00:00', '2018-09-24 03:00:00', 'Ñiquen', '08409', 37),
(239, '2018-09-24 03:00:00', '2018-09-24 03:00:00', 'Pemuco', '08410', 37),
(240, '2018-09-24 03:00:00', '2018-09-24 03:00:00', 'Pinto', '08411', 37),
(241, '2018-09-24 03:00:00', '2018-09-24 03:00:00', 'Portezuelo', '08412', 37),
(242, '2018-09-24 03:00:00', '2018-09-24 03:00:00', 'Quillón', '08413', 37),
(243, '2018-09-24 03:00:00', '2018-09-24 03:00:00', 'Quirihue', '08414', 37),
(244, '2018-09-24 03:00:00', '2018-09-24 03:00:00', 'Ránquil', '08415', 37),
(245, '2018-09-24 03:00:00', '2018-09-24 03:00:00', 'San Carlos', '08416', 37),
(246, '2018-09-24 03:00:00', '2018-09-24 03:00:00', 'San Fabián', '08417', 37),
(247, '2018-09-24 03:00:00', '2018-09-24 03:00:00', 'San Ignacio', '08418', 37),
(248, '2018-09-24 03:00:00', '2018-09-24 03:00:00', 'San Nicolás', '08419', 37),
(249, '2018-09-24 03:00:00', '2018-09-24 03:00:00', 'Treguaco', '08420', 37),
(250, '2018-09-24 03:00:00', '2018-09-24 03:00:00', 'Yungay', '08421', 37),
(251, '2018-09-24 03:00:00', '2018-09-24 03:00:00', 'Carahue', '09102', 38),
(252, '2018-09-24 03:00:00', '2018-09-24 03:00:00', 'Cholchol', '09121', 38),
(253, '2018-09-24 03:00:00', '2018-09-24 03:00:00', 'Cunco', '09103', 38),
(254, '2018-09-24 03:00:00', '2018-09-24 03:00:00', 'Curarrehue', '09104', 38),
(255, '2018-09-24 03:00:00', '2018-09-24 03:00:00', 'Freire', '09105', 38),
(256, '2018-09-24 03:00:00', '2018-09-24 03:00:00', 'Galvarino', '09106', 38),
(257, '2018-09-24 03:00:00', '2018-09-24 03:00:00', 'Gorbea', '09107', 38),
(258, '2018-09-24 03:00:00', '2018-09-24 03:00:00', 'Lautaro', '09108', 38),
(259, '2018-09-24 03:00:00', '2018-09-24 03:00:00', 'Loncoche', '09109', 38),
(260, '2018-09-24 03:00:00', '2018-09-24 03:00:00', 'Melipeuco', '09110', 38),
(261, '2018-09-24 03:00:00', '2018-09-24 03:00:00', 'Nueva Imperial', '09111', 38),
(262, '2018-09-24 03:00:00', '2018-09-24 03:00:00', 'Padre Las Casas', '09112', 38),
(263, '2018-09-24 03:00:00', '2018-09-24 03:00:00', 'Perquenco', '09113', 38),
(264, '2018-09-24 03:00:00', '2018-09-24 03:00:00', 'Pitrufquén', '09114', 38),
(265, '2018-09-24 03:00:00', '2018-09-24 03:00:00', 'Pucón', '09115', 38),
(266, '2018-09-24 03:00:00', '2018-09-24 03:00:00', 'Saavedra', '09116', 38),
(267, '2018-09-24 03:00:00', '2018-09-24 03:00:00', 'Temuco', '09101', 38),
(268, '2018-09-24 03:00:00', '2018-09-24 03:00:00', 'Teodoro Schmidt', '09117', 38),
(269, '2018-09-24 03:00:00', '2018-09-24 03:00:00', 'Toltén', '09118', 38),
(270, '2018-09-24 03:00:00', '2018-09-24 03:00:00', 'Vilcún', '09119', 38),
(271, '2018-09-24 03:00:00', '2018-09-24 03:00:00', 'Villarrica', '09120', 38),
(272, '2018-09-24 03:00:00', '2018-09-24 03:00:00', 'Angol', '09201', 39),
(273, '2018-09-24 03:00:00', '2018-09-24 03:00:00', 'Collipulli', '09202', 39),
(274, '2018-09-24 03:00:00', '2018-09-24 03:00:00', 'Curacautín', '09203', 39),
(275, '2018-09-24 03:00:00', '2018-09-24 03:00:00', 'Ercilla', '09204', 39),
(276, '2018-09-24 03:00:00', '2018-09-24 03:00:00', 'Lonquimay', '09205', 39),
(277, '2018-09-24 03:00:00', '2018-09-24 03:00:00', 'Los Sauces', '09206', 39),
(278, '2018-09-24 03:00:00', '2018-09-24 03:00:00', 'Lumaco', '09207', 39),
(279, '2018-09-24 03:00:00', '2018-09-24 03:00:00', 'Purén', '09208', 39),
(280, '2018-09-24 03:00:00', '2018-09-24 03:00:00', 'Renaico', '09209', 39),
(281, '2018-09-24 03:00:00', '2018-09-24 03:00:00', 'Traiguén', '09210', 39),
(282, '2018-09-24 03:00:00', '2018-09-24 03:00:00', 'Victoria', '09211', 39),
(283, '2018-09-24 03:00:00', '2018-09-24 03:00:00', 'Corral', '14102', 40),
(284, '2018-09-24 03:00:00', '2018-09-24 03:00:00', 'Lanco', '14103', 40),
(285, '2018-09-24 03:00:00', '2018-09-24 03:00:00', 'Los Lagos', '14104', 40),
(286, '2018-09-24 03:00:00', '2018-09-24 03:00:00', 'Máfil', '14105', 40),
(287, '2018-09-24 03:00:00', '2018-09-24 03:00:00', 'Mariquina', '14106', 40),
(288, '2018-09-24 03:00:00', '2018-09-24 03:00:00', 'Paillaco', '14107', 40),
(289, '2018-09-24 03:00:00', '2018-09-24 03:00:00', 'Panguipulli', '14108', 40),
(290, '2018-09-24 03:00:00', '2018-09-24 03:00:00', 'Valdivia', '14101', 40),
(291, '2018-09-24 03:00:00', '2018-09-24 03:00:00', 'Futrono', '14202', 41),
(292, '2018-09-24 03:00:00', '2018-09-24 03:00:00', 'La Unión', '14201', 41),
(293, '2018-09-24 03:00:00', '2018-09-24 03:00:00', 'Lago Ranco', '14203', 41),
(294, '2018-09-24 03:00:00', '2018-09-24 03:00:00', 'Río Bueno', '14204', 41),
(295, '2018-09-24 03:00:00', '2018-09-24 03:00:00', 'Ancud', '10202', 42),
(296, '2018-09-24 03:00:00', '2018-09-24 03:00:00', 'Castro', '10201', 42),
(297, '2018-09-24 03:00:00', '2018-09-24 03:00:00', 'Chonchi', '10203', 42),
(298, '2018-09-24 03:00:00', '2018-09-24 03:00:00', 'Curaco de Vélez', '10204', 42),
(299, '2018-09-24 03:00:00', '2018-09-24 03:00:00', 'Dalcahue', '10205', 42),
(300, '2018-09-24 03:00:00', '2018-09-24 03:00:00', 'Puqueldón', '10206', 42),
(301, '2018-09-24 03:00:00', '2018-09-24 03:00:00', 'Queilén', '10207', 42),
(302, '2018-09-24 03:00:00', '2018-09-24 03:00:00', 'Quemchi', '10209', 42),
(303, '2018-09-24 03:00:00', '2018-09-24 03:00:00', 'Quellón', '10208', 42),
(304, '2018-09-24 03:00:00', '2018-09-24 03:00:00', 'Quinchao', '10210', 42),
(305, '2018-09-24 03:00:00', '2018-09-24 03:00:00', 'Calbuco', '10102', 43),
(306, '2018-09-24 03:00:00', '2018-09-24 03:00:00', 'Cochamó', '10103', 43),
(307, '2018-09-24 03:00:00', '2018-09-24 03:00:00', 'Fresia', '10104', 43),
(308, '2018-09-24 03:00:00', '2018-09-24 03:00:00', 'Frutillar', '10105', 43),
(309, '2018-09-24 03:00:00', '2018-09-24 03:00:00', 'Llanquihue', '10107', 43),
(310, '2018-09-24 03:00:00', '2018-09-24 03:00:00', 'Los Muermos', '10106', 43),
(311, '2018-09-24 03:00:00', '2018-09-24 03:00:00', 'Maullín', '10108', 43),
(312, '2018-09-24 03:00:00', '2018-09-24 03:00:00', 'Puerto Montt', '10101', 43),
(313, '2018-09-24 03:00:00', '2018-09-24 03:00:00', 'Puerto Varas', '10109', 43),
(314, '2018-09-24 03:00:00', '2018-09-24 03:00:00', 'Osorno', '10301', 44),
(315, '2018-09-24 03:00:00', '2018-09-24 03:00:00', 'Puero Octay', '10302', 44),
(316, '2018-09-24 03:00:00', '2018-09-24 03:00:00', 'Purranque', '10303', 44),
(317, '2018-09-24 03:00:00', '2018-09-24 03:00:00', 'Puyehue', '10304', 44),
(318, '2018-09-24 03:00:00', '2018-09-24 03:00:00', 'Río Negro', '10305', 44),
(319, '2018-09-24 03:00:00', '2018-09-24 03:00:00', 'San Juan de la Costa', '10306', 44),
(320, '2018-09-24 03:00:00', '2018-09-24 03:00:00', 'San Pablo', '10307', 44),
(321, '2018-09-24 03:00:00', '2018-09-24 03:00:00', 'Chaitén', '10401', 45),
(322, '2018-09-24 03:00:00', '2018-09-24 03:00:00', 'Futaleufú', '10402', 45),
(323, '2018-09-24 03:00:00', '2018-09-24 03:00:00', 'Hualaihué', '10403', 45),
(324, '2018-09-24 03:00:00', '2018-09-24 03:00:00', 'Palena', '10404', 45),
(325, '2018-09-24 03:00:00', '2018-09-24 03:00:00', 'Aisén', '11201', 46),
(326, '2018-09-24 03:00:00', '2018-09-24 03:00:00', 'Cisnes', '11202', 46),
(327, '2018-09-24 03:00:00', '2018-09-24 03:00:00', 'Guaitecas', '11203', 46),
(328, '2018-09-24 03:00:00', '2018-09-24 03:00:00', 'Cochrane', '11301', 47),
(329, '2018-09-24 03:00:00', '2018-09-24 03:00:00', 'O\'higgins', '11302', 47),
(330, '2018-09-24 03:00:00', '2018-09-24 03:00:00', 'Tortel', '11303', 47),
(331, '2018-09-24 03:00:00', '2018-09-24 03:00:00', 'Coihaique', '11101', 48),
(332, '2018-09-24 03:00:00', '2018-09-24 03:00:00', 'Lago Verde', '11102', 48),
(333, '2018-09-24 03:00:00', '2018-09-24 03:00:00', 'Chile Chico', '11401', 49),
(334, '2018-09-24 03:00:00', '2018-09-24 03:00:00', 'Río Ibáñez', '11402', 49),
(335, '2018-09-24 03:00:00', '2018-09-24 03:00:00', 'Antártica', '12202', 50),
(336, '2018-09-24 03:00:00', '2018-09-24 03:00:00', 'Cabo de Hornos', '12201', 50),
(337, '2018-09-24 03:00:00', '2018-09-24 03:00:00', 'Laguna Blanca', '12102', 51),
(338, '2018-09-24 03:00:00', '2018-09-24 03:00:00', 'Punta Arenas', '12101', 51),
(339, '2018-09-24 03:00:00', '2018-09-24 03:00:00', 'Río Verde', '12103', 51),
(340, '2018-09-24 03:00:00', '2018-09-24 03:00:00', 'San Gregorio', '12104', 51),
(341, '2018-09-24 03:00:00', '2018-09-24 03:00:00', 'Porvenir', '12301', 52),
(342, '2018-09-24 03:00:00', '2018-09-24 03:00:00', 'Primavera', '12302', 52),
(343, '2018-09-24 03:00:00', '2018-09-24 03:00:00', 'Timaukel', '12303', 52),
(344, '2018-09-24 03:00:00', '2018-09-24 03:00:00', 'Natales', '12401', 53),
(345, '2018-09-24 03:00:00', '2018-09-24 03:00:00', 'Torres del Paine', '12402', 53);

-- --------------------------------------------------------


REPLACE INTO `cursos` (`id`, `created_at`, `updated_at`, `nivel`, `basicaMedia`, `arancelAnual`) VALUES
(1, '2018-09-25 22:14:13', '2018-09-25 22:14:13', '1', 'Básico', 267300),
(2, '2018-09-25 22:14:13', '2018-09-25 22:14:13', '2', 'Básico', 338250),
(3, '2018-09-25 22:14:13', '2018-09-25 22:14:13', '3', 'Básico', 408550),
(4, '2018-09-25 22:14:13', '2018-09-25 22:14:13', '4', 'Básico', 408550),
(5, '2018-09-25 22:14:13', '2018-09-25 22:14:13', '5', 'Básico', 408550),
(6, '2018-09-25 22:14:13', '2018-09-25 22:14:13', '6', 'Básico', 408550),
(7, '2018-09-25 22:14:13', '2018-09-25 22:14:13', '7', 'Básico', 408550),
(8, '2018-09-25 22:14:13', '2018-09-25 22:14:13', '8', 'Básico', 408550),
(9, '2018-09-25 22:14:13', '2018-09-25 22:14:13', '1', 'Medio', 408550),
(10, '2018-09-25 22:14:13', '2018-09-25 22:14:13', '2', 'Medio', 408550),
(11, '2018-09-25 22:14:13', '2018-09-25 22:14:13', '3', 'Medio', 408550),
(12, '2018-09-25 22:14:13', '2018-09-25 22:14:13', '4', 'Medio', 408550),
(13, '2018-09-25 22:14:13', '2018-09-25 22:14:13', 'PK', 'Pre-Básico', 267300),
(14, '2018-09-25 22:14:13', '2018-09-25 22:14:13', 'K', 'Pre-Básico', 267300);



REPLACE INTO `direcciones` (`id`, `created_at`, `updated_at`, `idComuna`, `calle`, `nroCalle`, `bloqueTorre`, `dpto`) VALUES
(1,null,null, 100, 'AVENIDA CENTRAL', '885', NULL, NULL),
(2,null,null, 104, 'ALEJANDRO VIAL', '8730', NULL, NULL),
(3,null,null, 104, 'PASAJE ELEUTERIO RAMIREZ', '9105', NULL, NULL),
(4,null,null, 104, 'SAN PEDRO', '9153', NULL, NULL),
(5,null,null, 126, 'CADETE ORLANDO MEDINA', '1699', NULL, NULL),
(6,null,null, 126, 'FRANCISCO ENCINA', '1640', NULL, NULL),
(7,null,null, 104, 'SANPPEDRO 9153', '9153', NULL, NULL),
(8,null,null, 105, 'OSCAR CASTRO', '10381', NULL, NULL),
(9,null,null, 91, 'PASAJE PENTECOSTES', '1787', NULL, NULL),
(10,null,null, 104, 'PJE ANIBAL PINTO', '9129', NULL, NULL),
(11,null,null, 104, 'JOSE JUAQUIN PRIETO', '8360', '2', '34'),
(12,null,null, 126, 'PSJE ANTARTICA CHILENA', '1700', NULL, NULL),
(13,null,null, 97, 'AERODROMO GENERAL RAMON FREIRE', '3007', NULL, NULL),
(14,null,null, 97, 'AERODROMO GENERAL RAMON FREIRE', '3007', NULL, NULL),
(15,null,null, 107, 'PASAJE A', '12745', NULL, NULL),
(16,null,null, 91, 'PASAJE LAUTARO', '10538', NULL, NULL),
(17,null,null, 100, 'AV PADRE HURTADO', '11320', NULL, NULL),
(18,null,null, 126, 'VICUÑA MACKENNA', '1923', NULL, NULL),
(19,null,null, 126, 'PSJE 4', '9540', NULL, NULL),
(20,null,null, 126, 'VICUÑA MACKENNA', '1881', NULL, NULL),
(21,null,null, 126, 'SAN FRANCISCO', '9484', NULL, NULL),
(22,null,null, 126, 'PASAJE LA CONCEPCION', '1828', NULL, NULL),
(23,null,null, 100, 'BALMACEDA', '312', '6', '33'),
(24,null,null, 104, 'TORREBLANCA', '761', NULL, NULL),
(25,null,null, 114, 'CALLE CAMIÑA', '1406', NULL, NULL),
(26,null,null, 104, 'IGNACIO ECHEVERRIA', '8240', NULL, NULL),
(27,null,null, 116, 'PJE.MINISTERIO', '2538', NULL, NULL),
(28,null,null, 100, 'COVARRUBIAS', '10225', NULL, NULL),
(29,null,null, 116, 'VECINAL', '2767', NULL, 'E'),
(30,null,null, 100, 'PASAJE RIO LAJA', '1300', NULL, NULL),
(31,null,null, 126, 'CALLE UNO', '1879', NULL, NULL),
(32,null,null, 126, 'AURORA DE CHILE', '9931', NULL, NULL),
(33,null,null, 105, 'SOFIA CARMONA', '91', 'N', '355'),
(34,null,null, 104, 'ERNESTO RIQUELME', '534', NULL, NULL),
(35,null,null, 105, 'SOFIA CARMONA', '91', 'A', '502'),
(36,null,null, 105, 'ANITA ARAYA', '8301', NULL, NULL),
(37,null,null, 100, 'EL ESFUERZO', '1138', NULL, NULL),
(38,null,null, 105, 'PJE 5 PONIENTE', '8276', NULL, NULL),
(39,null,null, 105, 'SOFIA CARMONA', '91', 'A', '502'),
(40,null,null, 104, 'CARLOS CONDELL', '696', '2', '119'),
(41,null,null, 107, 'PEDRO AGUIRRE CERDA  VILLA MAGDALENA 2', '10991', NULL, NULL),
(42,null,null, 104, 'CARLOS CONDELL', '696', '2', '119'),
(43,null,null, 104, 'SAN MIGUEL', '9083', NULL, NULL),
(44,null,null, 100, 'PJE 35', '1275', NULL, NULL),
(45,null,null, 100, 'LOS OLIVOS', '10621', NULL, '103'),
(46,null,null, 100, 'RIO RAPEL', '13230', NULL, NULL),
(47,null,null, 104, 'VICUÑA MACKENNA', '669', 'A', '717'),
(48,null,null, 100, 'CALLE EL PINO', '75', NULL, NULL),
(49,null,null, 107, 'ALMIRANTE LA TORRE', '10989', NULL, '26'),
(50,null,null, 100, 'SUR', '866', NULL, NULL),
(51,null,null, 126, 'NUEVA ORIENTE', '9624', NULL, NULL),
(52,null,null, 100, 'PASAJE LAS CATALPAS', '11947', NULL, NULL),
(53,null,null, 104, 'VICUÑA MACKENNA', '980', '2', '11'),
(54,null,null, 100, 'LOS ABEDULES', '11847', NULL, NULL),
(55,null,null, 104, 'AVENIDA OSSA', '1052', NULL, NULL),
(56,null,null, 100, 'ESPERANZA', '600', NULL, NULL),
(57,null,null, 91, 'AV CARLOS CONDELL', '1699', NULL, NULL),
(58,null,null, 100, 'COLONIAL PASAJE 1', '11719', NULL, 'E'),
(59,null,null, 111, 'CALLE SIERRA', '9315', NULL, NULL),
(60,null,null, 100, 'MINISTRO BONILLA', '940', NULL, NULL),
(61,null,null, 107, 'ARCOS DE LA FRONTERA', '10604', NULL, NULL),
(62,null,null, 104, 'IGNACIO ECHEVERRIA', '8345', NULL, NULL),
(63,null,null, 100, 'AVENIDA COLONIAL PASAJE 9', '11869', NULL, NULL),
(64,null,null, 104, 'GOYCOLEA', '467', NULL, '503'),
(65,null,null, 126, 'QUINTIN ROMERO', '1870', NULL, NULL),
(66,null,null, 104, 'IGNACIO ECHEVERRIA', '8345', NULL, NULL),
(67,null,null, 104, 'OVILICANTE', '13210', NULL, NULL),
(68,null,null, 100, 'CAPITAN DANILO VICENCIO', '635', NULL, NULL),
(69,null,null, 104, 'PAZ', '8449', NULL, NULL),
(70,null,null, 100, 'SANTA EDUVIGES', '1364', NULL, NULL),
(71,null,null, 107, 'PASAJE LEUCOTON', '829', NULL, NULL),
(72,null,null, 104, 'PARAGUAY', '1121', NULL, NULL),
(73,null,null, 100, 'LOS RETAMOS', '10720', NULL, NULL),
(74,null,null, 100, 'LOS SAUCES', '1317', NULL, NULL),
(75,null,null, 104, 'MARIA ISABEL', '8461', NULL, NULL),
(76,null,null, 100, 'LOS SAUCES', '1005', NULL, NULL),
(77,null,null, 111, 'FRANCISCO DE ENCINA', '9199', NULL, NULL),
(78,null,null, 100, 'LA ESMERALDA', '11343', NULL, NULL),
(79,null,null, 91, 'AVENIDA ESTRELLA DE BELEN', '1584', NULL, NULL),
(80,null,null, 104, 'CAPITÁN THOMPSON', '9549', NULL, NULL),
(81,null,null, 126, 'ALPATACAL', '1461', NULL, NULL),
(82,null,null, 91, 'PASAJE 5', '2824', NULL, NULL),
(83,null,null, 126, 'EUGENIO MATTE HURTADO', '9584', NULL, NULL),
(84,null,null, 91, 'AVENIDA ESTRELLA DE BELEN', '1584', NULL, NULL),
(85,null,null, 105, 'MANUEL RODRIGUEZ', '395', NULL, NULL),
(86,null,null, 104, 'CAPITHAN THOMPSON', '9478', NULL, NULL),
(87,null,null, 126, 'ANIBAL ZAÑARTU', '8351', NULL, NULL),
(88,null,null, 91, 'GABRIEL DE AVILES', '14287', NULL, NULL),
(89,null,null, 100, 'PASAJE 4', '9626', NULL, NULL),
(90,null,null, 100, 'GENERAL MANUEL TOBARIAS', '602', NULL, '304'),
(91,null,null, 124, 'SAN NICOLAS', '1250', 'UNICO', '206'),
(92,null,null, 100, 'LOS AVIADORES', '882', NULL, NULL),
(93,null,null, 100, 'LLANCAHUE', '1435', 'P', '16'),
(94,null,null, 100, 'AVIADORES', '882', NULL, NULL),
(95,null,null, 104, 'TRINIDAD RAMIREZ', '1007', NULL, NULL),
(96,null,null, 126, 'PASAJE RENE SCHNEIDER', '9128', NULL, NULL),
(97,null,null, 126, 'FERNANDEZ ALBANO', '9465', NULL, NULL),
(98,null,null, 104, 'MARIA VIAL', '8759', NULL, NULL),
(99,null,null, 126, 'VENANCIA LEIVA', '1664', NULL, NULL),
(100,null,null, 104, 'SAN PEDRO', '9184', NULL, NULL),
(101,null,null, 116, 'RAUL FUICA', '4863', NULL, NULL),
(102,null,null, 100, 'LOS LINGUES', '11252', NULL, NULL),
(103,null,null, 100, 'EL PILLAN', '1187', NULL, NULL),
(104,null,null, 104, 'GOYCOLEA', '86', 'C', '507'),
(105,null,null, 100, 'COLO COLO', '9725', NULL, NULL),
(106,null,null, 100, 'LAURA LEON COLOMA', '930', NULL, NULL),
(107,null,null, 100, 'AVENIDA PADRE HURTADO', '12809', NULL, NULL),
(108,null,null, 107, 'JULIO BARRENECHEA', '738', NULL, NULL),
(109,null,null, 100, 'LOS OLIVOS', '10682', NULL, '301'),
(110,null,null, 111, 'JUAN FRANCISCO GONSALEZ', '8755', 'M', '12'),
(111,null,null, 111, 'CALLE SIERRA', '9227', NULL, NULL),
(112,null,null, 91, 'RAFAELSOTOMAYOR', '1100', NULL, '10'),
(113,null,null, 111, 'FRANCISCO ASTABURUAGA', '500', NULL, NULL),
(114,null,null, 111, 'FERRARI', '9248', NULL, '8'),
(115,null,null, 111, 'BALMACEDA', '2787', NULL, NULL),
(116,null,null, 91, 'KOMPU NEWEN', '10652', NULL, '1'),
(117,null,null, 111, 'PASAJE LAS MERCEDES', '2625', NULL, NULL),
(118,null,null, 124, 'NOVENA AVENIDA', '1628', NULL, NULL),
(119,null,null, 104, 'CARLOS CONDELL', '696', '1', '707'),
(120,null,null, 100, 'CAPITAN THOMPSON', '9643', NULL, NULL),
(121,null,null, 104, 'PEDRO AGUIRRE CERDA', '256', 'E', '119'),
(122,null,null, 111, 'FERRARI', '9017', NULL, NULL),
(123,null,null, 100, 'LLANCAHUE', '1435', 'J', '21'),
(124,null,null, 104, 'JOSE JOAQUIN PRIETO VIAL', '8340', '3', '345'),
(125,null,null, 105, 'PASAJE ISLA DESOLACION', '8668', NULL, NULL),
(126,null,null, 100, 'LA SERENA', '660', NULL, NULL),
(127,null,null, 126, 'CHACABUCO', '9440', NULL, NULL),
(128,null,null, 105, 'PASAJE MATAVERI', '8521', NULL, NULL),
(129,null,null, 105, 'PRESIDENTE EISENHOWER', '199', NULL, NULL),
(130,null,null, 111, 'GIL DE CASTRO', '2988', NULL, NULL),
(131,null,null, 107, 'CLARO DE LUNA VILLA SALVADOR DALÍ', '1639', NULL, NULL),
(132,null,null, 107, 'SAN JUAN BAUTISTA', '10663', NULL, '15'),
(133,null,null, 100, 'CONTINENTAL CASA 1', '11712', NULL, NULL),
(134,null,null, 126, 'RIQUELME', '1535', NULL, NULL),
(135,null,null, 100, 'LAS CANTERAS', '692', NULL, NULL),
(136,null,null, 107, 'AURELIO DIAZ MEZA', '632', NULL, NULL),
(137,null,null, 104, 'IGNACIO ECHEVERRIA', '8541', NULL, NULL),
(138,null,null, 104, 'VICUÑA MACKENNA', '980', '17', '21'),
(139,null,null, 100, 'ANIBAL PINTO', '9761', NULL, NULL),
(140,null,null, 104, 'GOYCOLEA', '496', NULL, '414'),
(141,null,null, 107, 'AVENIDA OBSERVATORIO VILLA SAN MATIAS', '2336', NULL, NULL),
(142,null,null, 104, 'AIDA', '834', NULL, NULL),
(143,null,null, 104, 'BRISAS DELMAIPO', '326', '1', '122'),
(144,null,null, 104, 'VICTOR JARA', '1608', 'A', '403'),
(145,null,null, 104, 'AVENIDA OSSA', '1161', NULL, NULL),
(146,null,null, 91, 'PORTILLO', '1878', NULL, NULL),
(147,null,null, 126, 'CAUPOLICAN', '10372', NULL, NULL),
(148,null,null, 107, 'PASAJE IRUN', '1861', NULL, NULL),
(149,null,null, 107, 'EL AVELLANO', '10776', NULL, NULL),
(150,null,null, 100, 'LOS DIAGUITAS', '291', NULL, NULL),
(151,null,null, 100, 'BAÑOS MORALES', '1046', NULL, NULL),
(152,null,null, 107, 'PASAJE GALA', '10738', NULL, NULL),
(153,null,null, 91, 'ALONSO CORONA', '573', NULL, NULL),
(154,null,null, 100, 'GENERAL KORNER', '614', NULL, NULL),
(155,null,null, 100, 'AVENIDA LO ESPEJO', '490', 'D', '43'),
(156,null,null, 100, 'AV PORTALES', '995', NULL, NULL),
(157,null,null, 100, 'OBSERVATORIO', '1400', NULL, NULL),
(158,null,null, 100, 'RAMON SUBERCASEAUX', '12970', NULL, NULL),
(159,null,null, 107, 'OVILICANTE', '13140', NULL, NULL),
(160,null,null, 104, 'FERNANDEZ ALBANO', '492', 'B', '501'),
(161,null,null, 107, 'LAS AGUILAS', '10968', NULL, NULL),
(162,null,null, 100, 'LOS RETAMOS', '10730', NULL, NULL),
(163,null,null, 104, 'GOYCOLEA', '467', '1', '302'),
(164,null,null, 86, 'PAMPA DEL TAMARUGAL', '2827', NULL, NULL),
(165,null,null, 126, 'AVENIDA OSSA', '1875', '26', '22'),
(166,null,null, 104, 'MARIA VIAL', '8308', NULL, NULL),
(167,null,null, 107, 'AVENIDA ANTONIOMACHADO', '2133', NULL, NULL),
(168,null,null, 107, 'PASAJE POETA EMILIO PRADOS', '11020', NULL, NULL),
(169,null,null, 104, 'AVENIDA FRANCIA', '808', NULL, NULL),
(170,null,null, 100, 'PSJE SAN LUCIO', '1837', NULL, NULL),
(171,null,null, 100, 'PSJE SAN LUCIO', '1837', NULL, NULL),
(172,null,null, 104, 'VICUÑA MACKENNA', '966', NULL, NULL),
(173,null,null, 126, 'EUGENIO MATTE HURTADO', '9265', NULL, NULL),
(174,null,null, 100, 'SARGENTO ALDEA', '842', NULL, NULL),
(175,null,null, 107, 'PASAJE SAN ANDRES', '1237', NULL, NULL),
(176,null,null, 104, 'AVENIDA VICUNA MACKENNA', '980', '1', '43'),
(177,null,null, 104, 'LOS JUNCOS', '8884', NULL, NULL),
(178,null,null, 100, 'ALBERTO BLEST GANA', '658', NULL, NULL),
(179,null,null, 91, 'LAS VIZCACHAS', '818', NULL, NULL),
(180,null,null, 105, 'PARGUA', '8947', NULL, NULL),
(181,null,null, 100, 'LOS PINARES', '11056', NULL, NULL),
(182,null,null, 104, 'VICUÑA MACKENA', '980', '3', '34'),
(183,null,null, 100, 'BALMACEDA', '312', '1', '41'),
(184,null,null, 126, 'EUGENIO MATTE HURTADO', '9133', NULL, NULL),
(185,null,null, 104, 'CONDELL', '696', '2', '113'),
(186,null,null, 91, 'PASAJE PEDRO MIRA', '3116', NULL, NULL),
(187,null,null, 126, 'ANTARTICA CHILENA', '1709', NULL, NULL),
(188,null,null, 105, 'AVENIDA SUR', '449', NULL, NULL);

-- --------------------------------------------------------

REPLACE INTO `personas` (`id`, `created_at`, `updated_at`, `PNombre`, `SNombre`, `TNombre`, `ApPat`, `ApMat`, `fonoFijo`, `fonoCelu`, `idUser`, `rut`, `genero`, `email`, `fechaNacimiento`, `fechaDefuncion`, `estadoCivil`, `idDireccion`) VALUES
(1,null,null, 'AHSLEY', 'STEPHANIE', NULL, 'MARCHANT', 'BUSTOS', NULL, 989097602, 1, '19634616-3', NULL, 'ahsley.stephanie@gmail.com', NULL, NULL, NULL, NULL),
(2,null,null, 'PAOLA', 'ANAHI', NULL, 'ORTIZ', 'LEIVA', 225582199, 999883220, 2, '21314219-4', NULL, 'polyarte@live.cl', NULL, NULL, NULL, NULL),
(3,null,null, 'ANA', 'PATRICIA', NULL, 'MEJIAS', 'SAEZ', 225595515, 978798977, 3, '15539377-7', NULL, 'anymejias@gmail.com', NULL, NULL, NULL, NULL),
(4,null,null, 'PATRICIO', 'DE JESUS', NULL, 'ORTIZ', 'QUIROZ', NULL, 965034144, 4, '12355556-2', NULL, 'pavipabe@gmail.com', NULL, NULL, NULL, NULL),
(5,null,null, 'ANGELICA', 'DE LAS MERCEDES', NULL, 'NEIRA', 'ARRIAGADA', NULL, 945134208, 5, '12132149-1', NULL, 'alizon_diaz@hotmail.com', NULL, NULL, NULL, NULL),
(6,null,null, 'JOCELIN', 'ANDREA', NULL, 'ALBORNOZ', 'CORREA', 226157145, 997167526, 6, '15889909-4', NULL, 'alremo24@gmail.com', NULL, NULL, NULL, NULL),
(7,null,null, 'CRISTIAN', 'MAURICIO', NULL, 'SANTANDER', 'SEPÚLVEDA', 227133910, 986344603, 7, '12640850-1', NULL, 'csantander@sename.cl', NULL, NULL, NULL, NULL),
(8,null,null, 'GIOVANNA', 'DEL CARMEN', NULL, 'SANCHEZ', 'CATALAN', NULL, 976243674, 8, '12902176-4', NULL, 'giovannasanchez03@hotmail.com', NULL, NULL, NULL, NULL),
(9,null,null, 'VICTOR', 'DAVID', NULL, 'COSIO', 'COSIO', NULL, 974774787, 9, '15450322-6', NULL, 'perezarteagamariadelosangeles@gmail.com', NULL, NULL, NULL, NULL),
(10,null,null, 'CHERIE', 'JOCELYN', NULL, 'VASQUEZ', 'GONZALEZ', 232474266, 984465348, 10, '13711952-8', NULL, 'cherie-16@live.com', NULL, NULL, NULL, NULL),
(11,null,null, 'FRANCHESCA', 'SOLANGE', NULL, 'MEZA', 'DIAZ', NULL, 951042855, 11, '13080009-2', NULL, 'familiamezadiaz@gmail.com', NULL, NULL, NULL, NULL),
(12,null,null, 'ELIZABETH', 'YOHANA', NULL, 'VEGA', 'SILVA', 227176838, 974547383, 12, '15928234-1', NULL, 'elyvega32@gmail.com', NULL, NULL, NULL, NULL),
(13,null,null, 'YASSENIA', 'DEL PILAR', NULL, 'VILLARROEL', 'QUEZADA', 224718619, 962876294, 13, '14150056-2', NULL, 'yeyita.villa281280@gmail.com', NULL, NULL, NULL, NULL),
(14,null,null, 'OLGA', 'MERCEDEZ', NULL, 'SAAVEDRA', 'SAAVEDRA', NULL, 945683350, 14, '15386008-4', NULL, 'dannaestefanny@gmail.com', NULL, NULL, NULL, NULL),
(15,null,null, 'ZUNILDA', 'HAYDDE', NULL, 'ARAVENA', 'MARTINEZ', 225289015, 930810528, 15, '11914312-8', NULL, 'karina.c.fhl@gmail.com', NULL, NULL, NULL, NULL),
(16,null,null, 'SONIA', 'MARISOL', NULL, 'SEVERINO', 'MORA', 225695440, 986812513, 16, '11164264-8', NULL, 'sonyseverino.m@gmail.com', NULL, NULL, NULL, NULL),
(17,null,null, 'CRISTINA', 'MARCELA', NULL, 'OLIVARES', 'PALMA', 225275403, 986473890, 17, '11338074-8', NULL, 'cmolivarplalma@gmail.com', NULL, NULL, NULL, NULL),
(18,null,null, 'LUCIA', 'IVONNE', NULL, 'LAGOS', 'GONZALEZ', NULL, 999117500, 18, '12828550-4', NULL, 'lucia.ivonne.lagos@gmail.com', NULL, NULL, NULL, NULL),
(19,null,null, 'SILVANA', 'ANDREA', NULL, 'MERIÑO', 'LEON', NULL, 954041866, 19, '18073679-4', NULL, 'patojramirezt@hotmail.com', NULL, NULL, NULL, NULL),
(20,null,null, 'MANUEL', 'JESUS', NULL, 'ROMERO', 'INOSTROZA', 225276662, 981619441, 20, '11870594-7', NULL, 'manuel.allman@gmail.com', NULL, NULL, NULL, NULL),
(21,null,null, 'VALERIA', 'ELIZABETH', NULL, 'VALENZUELA', 'HENRIQUEZ', 225583502, 957336119, 21, '13715571-0', NULL, 'cestarosaparvulo@gmail.com', NULL, NULL, NULL, NULL),
(22,null,null, 'LORENA', 'ANDREA', NULL, 'NAHUELPAN', 'MELLADO', NULL, 978438753, 22, '14561482-1', NULL, 'l.nahuelpanmellado@gmail.com', NULL, NULL, NULL, NULL),
(23,null,null, 'EDINSON', 'ANDRÉS', NULL, 'GATICA', 'HERNÁNDEZ', NULL, 987596034, 23, '13494441-2', NULL, 'edinsongatica@hotmail.com', NULL, NULL, NULL, NULL),
(24,null,null, 'IVAN', 'PATRICIO', NULL, 'VEGA', 'MORENO', 225272429, 983700026, 24, '14232999-9', NULL, 'patovega8240@gmail.com', NULL, NULL, NULL, NULL),
(25,null,null, 'SANDRA', 'ESTHER', NULL, 'ZAMORANO', 'CARRASCO', NULL, 965047580, 25, '15319975-2', NULL, 'zamoranosandra55@gmail.com', NULL, NULL, NULL, NULL),
(26,null,null, 'MARGARITA', 'ERMITA', NULL, 'ZAMORANO', 'CARRASCO', NULL, 979547390, 26, '15319976-0', NULL, 'cristobal.vistoso@gmail.com', NULL, NULL, NULL, NULL),
(27,null,null, 'LORENA', 'CAROLINA', NULL, 'ZUÑIGA', 'SEPULVEDA', 225479306, 984835120, 27, '10629459-3', NULL, 'lore@gmail.com', NULL, NULL, NULL, NULL),
(28,null,null, 'JAVIER', 'ANTONIO', NULL, 'MUÑOZ', 'URIBE', NULL, 945672981, 28, '15957994-8', NULL, 'javitoblindado7@gmail.com', NULL, NULL, NULL, NULL),
(29,null,null, 'RUTH', 'MAGDALENA', NULL, 'SALAS', 'URRA', NULL, 958705340, 29, '10988458-8', NULL, 'ruthsalas2626@gmail.com', NULL, NULL, NULL, NULL),
(30,null,null, 'MARTA', 'MERCEDES', NULL, 'OLIVERA', 'FUENTES', 232475375, 946876518, 30, '13940168-9', NULL, 'martitaolivera75@gmail.com', NULL, NULL, NULL, NULL),
(31,null,null, 'CAROLINA', 'SOLEDAD', NULL, 'MATUS', 'DUARTE', 966084470, 978539417, 31, '13469696-6', NULL, 'c.matus.d@gmail.com', NULL, NULL, NULL, NULL),
(32,null,null, 'EMILIA', 'ADRIANA', NULL, 'CONTRERAS', 'FUENTES', 225432729, 966084470, 32, '15443756-8', NULL, 'emilia.renata.fuentes@gmail.com', NULL, NULL, NULL, NULL),
(33,null,null, 'VICTOR', 'ALEXIS', NULL, 'VIDAL', 'CASTILLO', 227917902, 963532328, 33, '15623550-4', NULL, 'victorvidalcastillo@gmail.com', NULL, NULL, NULL, NULL),
(34,null,null, 'CAROLINA', 'ANDREA', NULL, 'BARRERA', 'GALAZ', 225168033, 942750960, 34, '15443082-2', NULL, 'carolinaandreabarrera@gmail.com', NULL, NULL, NULL, NULL),
(35,null,null, 'NELLY', 'AURORA', NULL, 'MERCADO', 'MUÑOZ', 225615663, 960677336, 35, '10154022-7', NULL, 'notengo@notengo.cl', NULL, NULL, NULL, NULL),
(36,null,null, 'ALLINSON', 'ANDREA', NULL, 'ROZAS', 'LAGOS', 225466914, 958917572, 36, '15436464-1', NULL, 'confeccionesallys@gmail.com', NULL, NULL, NULL, NULL),
(37,null,null, 'ELISAMA', 'GIGLIOLA', NULL, 'TORRES', 'CAMPOS', NULL, 989321470, 37, '13586579-6', NULL, 'ely.g.torres@gmail.com', NULL, NULL, NULL, NULL),
(38,null,null, 'BARBARA', 'ALEJANDRA', NULL, 'DIAZ', 'CARRASCO', NULL, 959514941, 38, '15348977-7', NULL, 'm.herrerav@yahoo.com', NULL, NULL, NULL, NULL),
(39,null,null, 'MARIA', 'ANGELICA', NULL, 'CHAMORRO', 'SILVA', NULL, 967771535, 39, '12472691-3', NULL, 'chamorro_mary1998@hotmail.com', NULL, NULL, NULL, NULL),
(40,null,null, 'JENNY', 'BERNARDITA', NULL, 'FLORES', 'HERIQUEZ', NULL, 984830244, 40, '13940395-9', NULL, 'floresjenny564@gmail.com', NULL, NULL, NULL, NULL),
(41,null,null, 'LUCIA', 'MAGALY', 'ODETH', 'LEMU', 'CAUCAO', 225588676, 975020686, 41, '16256432-3', NULL, 'lucialemu@gmail.com', NULL, NULL, NULL, NULL),
(42,null,null, 'MARIA', 'JOSE', NULL, 'ZUÑIGA', 'GUTIERREZ', NULL, 975237286, 42, '15919617-8', NULL, 'cotetita_linda25@hotmail.com', NULL, NULL, NULL, NULL),
(43,null,null, 'PATRICIO', 'ORIÓN', NULL, 'INOSTROZA', 'GARRIDO', NULL, 983864585, 43, '17118568-8', NULL, 'pato.inostroza@gmail.com', NULL, NULL, NULL, NULL),
(44,null,null, 'CAROLINA', 'FRANCISCA', NULL, 'CAMPOS', 'VIDAL', NULL, 997131295, 44, '15833654-5', NULL, 'camposcarolina@gmail.com', NULL, NULL, NULL, NULL),
(45,null,null, 'RUTH', 'CAROLINA', NULL, 'DONOSO', 'DONOSO', 225160850, 995853731, 45, '15730279-5', NULL, 'r.caroladonoso@gmail.com', NULL, NULL, NULL, NULL),
(46,null,null, 'ELIZABETH', 'NORMA', NULL, 'SILVA', 'BUGUEÑO', 228886490, 990776380, 46, '6388989-K', NULL, 'ensilva@pjud.cl', NULL, NULL, NULL, NULL),
(47,null,null, 'ANGELICA', 'DEL CARMEN', NULL, 'ROJAS', 'VIDAL', NULL, 979678936, 47, '10747548-6', NULL, 'angelica.rojas@mamutchile.cl', NULL, NULL, NULL, NULL),
(48,null,null, 'MARCIA', 'ANGELICA', NULL, 'OLATE', 'VERGARA', 993279555, 993276220, 48, '16265554-K', NULL, 'marcia.olate315@gmail.com', NULL, NULL, NULL, NULL),
(49,null,null, 'IVETTE', 'KARINA', NULL, 'PELDOZA', 'AGUAYO', NULL, 976049073, 49, '13722922-6', NULL, 'ivettepeldoza@hotmail.com', NULL, NULL, NULL, NULL),
(50,null,null, 'MARIA', 'INES', NULL, 'CELEDON', 'ARANDA', 225295548, 979722488, 50, '14340608-3', NULL, 'maria.kcm@hotmail.com', NULL, NULL, NULL, NULL),
(51,null,null, 'PAMELA', 'LISSETTE', NULL, 'ALARCON', 'ARAYA', NULL, 979463901, 51, '13293927-6', NULL, 'pamela_alarcon30@hotmail.es', NULL, NULL, NULL, NULL),
(52,null,null, 'ADRIAN', 'EDUARDO', NULL, 'BARRERA', 'VERGARA', 225278145, 935448814, 52, '17534997-9', NULL, 'adbarrera0404@gmail.com', NULL, NULL, NULL, NULL),
(53,null,null, 'PAOLA', 'ANDREA', NULL, 'SEPULVEDA', 'TORRES', NULL, 948744534, 53, '12793413-4', NULL, 'siemprelamisma1@hotmail.com', NULL, NULL, NULL, NULL),
(54,null,null, 'ENA', 'VIVIAN', NULL, 'DELSO', 'RETAMAL', NULL, 997862517, 54, '14251823-6', NULL, 'marcosgomez.a7@gmail.com', NULL, NULL, NULL, NULL),
(55,null,null, 'CARLOS', 'ANTONIO', NULL, 'FARIAS', 'CUEVAS', NULL, 968585815, 55, '11994078-8', NULL, 'fygservicios@gmail.com', NULL, NULL, NULL, NULL),
(56,null,null, 'CARLOS', 'ROBERTO', NULL, 'LORCA', 'PARADA', 227244774, 984685129, 56, '10742771-6', NULL, 'carlosroberto_lorca@hotmail.com', NULL, NULL, NULL, NULL),
(57,null,null, 'MARIA', 'CRISTINA', NULL, 'FUENTES', 'GONZALEZ', NULL, 989616747, 57, '11275990-5', NULL, 'crisii1968@gmail.com', NULL, NULL, NULL, NULL),
(58,null,null, 'PAOLA', 'ALEJANDRA', NULL, 'CARRASCO', 'VERGARA', 225270720, 990127032, 58, '12283315-1', NULL, 'aamg@live.cl', NULL, NULL, NULL, NULL),
(59,null,null, 'ALEJANDRO', 'ANDRES', NULL, 'VALDIVIA', 'MARTINEZ', NULL, 965592087, 59, '13276752-1', NULL, 'avaldiviam@gmail.com', NULL, NULL, NULL, NULL),
(60,null,null, 'ROSA', 'IRENE', NULL, 'ROMERO', 'BARRIENTOS', NULL, 967755020, 60, '14044613-0', NULL, 'rromerofundacion@gmail.com', NULL, NULL, NULL, NULL),
(61,null,null, 'JULIA', 'PATRICIA', NULL, 'MORALES', 'ACEVEDO', 225435180, 955150855, 61, '17001695-5', NULL, 'julia.morales.a@gmail.com', NULL, NULL, NULL, NULL),
(62,null,null, 'MARIA', 'CRISTINA', NULL, 'BRIONES', 'BOMBAL', NULL, 984808748, 62, '11856515-0', NULL, 'notengo@notengo.cl', NULL, NULL, NULL, NULL),
(63,null,null, 'KARINA', 'MARIO', NULL, 'ALARCON', 'PEREZ', NULL, 986631978, 63, '13246650-5', NULL, NULL, NULL, NULL, NULL, NULL),
(64,null,null, 'PAULA', 'ANDREA', NULL, 'HINOJOSA', 'MOYA', 225488724, 977727184, 64, '13266867-1', NULL, 'phinojosamoya@gmail.com', NULL, NULL, NULL, NULL),
(65,null,null, 'ANGELA', 'MARISOL', NULL, 'LOPEZ', 'GONZALEZ', NULL, 950011892, 65, '15542890-2', NULL, 'angelalopez1983@gmail.com', NULL, NULL, NULL, NULL),
(66,null,null, 'JUAN', 'ANTONIO', NULL, 'CARRASCO', 'NAVARRETE', 225294099, 972728241, 66, '14093607-3', NULL, 'juan.carrasconavarrete@gmail.com', NULL, NULL, NULL, NULL),
(67,null,null, 'FLOR', 'SARELA', NULL, 'HERRERA', 'GAJARDO', NULL, 989804379, 67, '12743947-8', NULL, 'campanasevilla18702@gmail.com', NULL, NULL, NULL, NULL),
(68,null,null, 'JOHANNA', 'ALEJANDRA', NULL, 'JARA', 'TAMBURRINI', 229207397, 979070456, 68, '13288732-2', NULL, 'janrry_02@hotmail.com', NULL, NULL, NULL, NULL),
(69,null,null, 'EXEQUIEL', 'ELIAS', NULL, 'RIQUELME', 'CANIO', NULL, 940025565, 69, '17227959-7', NULL, 'exequiel.r.c.28@gmail.com', NULL, NULL, NULL, NULL),
(70,null,null, 'KATHERINE', 'DANITZA', NULL, 'COLLADO', 'TAPIA', 232704643, 976373050, 70, '16995684-7', NULL, 'katherinecolladotapia@gmail.com', NULL, NULL, NULL, NULL),
(71,null,null, 'LUZ', 'YOHANA', NULL, 'QUEZADA', 'NAVARRETE', NULL, 999796535, 71, '13129027-6', NULL, 'yohanaydc1976@gmail.com', NULL, NULL, NULL, NULL),
(72,null,null, 'JOVITA', 'ENRIQUETA', NULL, 'GALLARDO', 'QUIDULEF', NULL, 984890412, 72, '10593942-6', NULL, 'paulinda_06@hotmail.com', NULL, NULL, NULL, NULL),
(73,null,null, 'JORGE', 'ESTEFANO', NULL, 'ARAYA', 'ESPOZ', NULL, 989013787, 73, '17839100-3', NULL, 'jorge.as@outlook.cl', NULL, NULL, NULL, NULL),
(74,null,null, 'GRACIELA', 'DEL CARMEN', NULL, 'CONTRERAS', 'PAREDES', 228576390, 987757450, 74, '9223531-9', NULL, 'merycristy777@hotmail.cl', NULL, NULL, NULL, NULL),
(75,null,null, 'MURIEL', 'ISABEL', NULL, 'SAAVEDRA', 'MOLINA', 225073062, 994745832, 75, '15375451-9', NULL, 'muriel.viajando@gmail.com', NULL, NULL, NULL, NULL),
(76,null,null, 'YANDRY', 'ANDREA', NULL, 'TORRES', 'TORRES', 225598320, 990908222, 76, '18662836-5', NULL, 'yandry_chinita@hotmail.com', NULL, NULL, NULL, NULL),
(77,null,null, 'MARTA', 'JACQUELINE', NULL, 'REYES', 'CASTILLO', NULL, 964747072, 77, '15587948-3', NULL, 'jaquer430@gmail.com', NULL, NULL, NULL, NULL),
(78,null,null, 'MARIA', 'CECILIA', NULL, 'MONTECINO', 'GARRIDO', NULL, 998462486, 78, '16693175-4', NULL, 'montecinogarridomaria@hotmail.com', NULL, NULL, NULL, NULL),
(79,null,null, 'VANESA', 'DEL ROSARIO', NULL, 'FUENTEALBA', 'OLAVE', NULL, 967044861, 79, '17062608-7', NULL, 'nachitorojas1994@gmail.com', NULL, NULL, NULL, NULL),
(80,null,null, 'JANINA', 'MARLEN', NULL, 'GARRIDO', 'MUÑOZ', 226093180, 994745832, 80, '12474897-6', NULL, 'janinagarrido@hotmail.com', NULL, NULL, NULL, NULL),
(81,null,null, 'KATHERINNE', 'PAOLA', NULL, 'CISTERNA', 'ESPEJO', 228592789, 946707543, 81, '16901393-4', NULL, 'katty.88.25@gmail.com', NULL, NULL, NULL, NULL),
(82,null,null, 'ALEJANDRA', 'SOLEDAD', NULL, 'SOTO', 'PACHECO', NULL, 948620009, 82, '13701162-K', NULL, 'alejandra_sp@hotmail.es', NULL, NULL, NULL, NULL),
(83,null,null, 'GLORIA', 'DEL CARMEN', NULL, 'VILCHES', 'HERMOSILLA', NULL, 950851565, 83, '8575978-7', NULL, 'gloriavilcheshermosilla@gmail.com', NULL, NULL, NULL, NULL),
(84,null,null, 'ANDREINA', NULL, NULL, 'VERDE', 'DE ROMERO', 229733765, 975520271, 84, '25500137-K', NULL, 'anverde_21@hotmail.com', NULL, NULL, NULL, NULL),
(85,null,null, 'VERONICA', 'ESTELA', NULL, 'MEDINA', 'OCARES', 223299000, 956497267, 85, '9990921-8', NULL, 'veronicaestelamedina1@gmail.com', NULL, NULL, NULL, NULL),
(86,null,null, 'CRISTIAN', 'ESTEBAN', NULL, 'INOSTROZA', 'GAMBOA', NULL, 962279486, 86, '15901238-7', NULL, 'cristian.inostroza.ian@gmail.com', NULL, NULL, NULL, NULL),
(87,null,null, 'RACHEL', 'NOEMI', NULL, 'RIQUELME', 'RIQUELME', NULL, 956201331, 87, '14182828-2', NULL, 'eduardogz2012@gmail.com', NULL, NULL, NULL, NULL),
(88,null,null, 'AIDA', 'GLORIA', NULL, 'CABEZA', 'OCAMPO', NULL, 956314459, 88, '5024033-9', NULL, 'monsterxd510@gmail.com', NULL, NULL, NULL, NULL),
(89,null,null, 'FRANCISCA', 'FABIOLA', NULL, 'MARTINEZ', 'SEPULVEDA', 232349319, 967235868, 89, '16724786-5', NULL, 'franciscamartinez235@gmail.com', NULL, NULL, NULL, NULL),
(90,null,null, 'SINUE', 'MOISES', NULL, 'PARRAGUEZ', 'CORREA', NULL, 968291618, 90, '10926729-5', NULL, 'sinueparraguez@gmail.com', NULL, NULL, NULL, NULL),
(91,null,null, 'DELPHINI', 'DEL CARMEN', NULL, 'CERDA', 'MOLINA', NULL, 978297344, 91, '12579796-2', NULL, 'carmen.cerda.2015@gmail.com', NULL, NULL, NULL, NULL),
(92,null,null, 'JOCELYN', 'CAROL', NULL, 'HERNANDEZ', 'OLEA', NULL, 999372080, 92, '16042349-8', NULL, 'naxo_xh@hotmail.com', NULL, NULL, NULL, NULL),
(93,null,null, 'SEBASTIAN', 'ALFONSO', NULL, 'ROBLEDO', 'OLIVA', 229874374, 959859073, 93, '17278412-7', NULL, 'contagina@hotmail.com', NULL, NULL, NULL, NULL),
(94,null,null, 'EVELIN', 'NOELIA', NULL, 'GRANDON', 'MACHACAN', NULL, 946178617, 94, '13803432-1', NULL, 'noelia.grandon@hotmail.com', NULL, NULL, NULL, NULL),
(95,null,null, 'LUZ', 'HORTENCIA', NULL, 'MORENO', 'JAUREGUI', 225635601, 969184297, 95, '7250644-8', NULL, 'liandmoncada@gmail.com', NULL, NULL, NULL, NULL),
(96,null,null, 'FELIPE', 'IGNACIO', NULL, 'NAVARRO', 'ROMO', 229376524, 982830323, 96, '16546911-9', NULL, 'felipe.navarro.romo@hotmail.com', NULL, NULL, NULL, NULL),
(97,null,null, 'EVELYN', 'CRISTINA', NULL, 'SOLANO', 'ORTÍZ', 223019010, 950367322, 97, '14196153-5', NULL, 'evelyn_solano@hotmail.es', NULL, NULL, NULL, NULL),
(98,null,null, 'CYNTHIA', 'DEL CARMEN', NULL, 'PASMIÑO', 'PASMIÑO', NULL, 984925376, 98, '11665056-8', NULL, 'dani07vivallo@gmail.com', NULL, NULL, NULL, NULL),
(99,null,null, 'TRINIDAD', 'VIOLETA', NULL, 'GONZALEZ', 'JARA', NULL, 996724788, 99, '10938135-7', NULL, 'trivaba69@hotmail.com', NULL, NULL, NULL, NULL),
(100,null,null, 'MILAGRO', 'DEL CARMEN', NULL, 'OSES', 'LILLO', NULL, 999083754, 100, '8939407-4', NULL, 'notengo@notengo.cl', NULL, NULL, NULL, NULL),
(101,null,null, 'PAULA', 'ANDREA', NULL, 'RONDON', 'TAPIA', 225452557, 950931660, 101, '13490168-3', NULL, 'paula.rondont@gmail.com', NULL, NULL, NULL, NULL),
(102,null,null, 'ANDREA', 'DEL CARMEN', NULL, 'PÉREZ', 'HERRERA', 225274912, 994650270, 102, '18274135-3', NULL, 'andy.perez.herrera@gmail.com', NULL, NULL, NULL, NULL),
(103,null,null, 'LISSETTE', 'ANDREA', NULL, 'VIVEROS', 'INZUNZA', 228542105, 994289915, 103, '16118029-7', NULL, 'colorina24@hotmail.com', NULL, NULL, NULL, NULL),
(104,null,null, 'MYRIAM', 'ESTER', NULL, 'INZUNZA', 'ARMIJO', 228542105, 994289915, 104, '9029787-2', NULL, 'colorina24@homtail.com', NULL, NULL, NULL, NULL),
(105,null,null, 'CAROLINA', 'DEL PILAR', NULL, 'GATICA', 'LINCOPI', 228451162, 978572057, 105, '13496412-K', NULL, 'vicentetomas.diazg@gmail.com', NULL, NULL, NULL, NULL),
(106,null,null, 'PAOLA', 'ESTER', NULL, 'FUENTES', 'ALBORNOZ', NULL, 999371327, 106, '12283586-3', NULL, 'paola.fuentes.albornoz@gmail.com', NULL, NULL, NULL, NULL),
(107,null,null, 'JOHANNA', 'IVONNE', NULL, 'MEZA', 'ESPINOZA', 228668584, 989492127, 107, '9806137-1', NULL, 'johanna.mezae@gmail.com', NULL, NULL, NULL, NULL),
(108,null,null, 'MARCELA', 'DEL CARMEN', NULL, 'HERNANDEZ', 'ROMERO', NULL, 962549636, 108, '12231261-5', NULL, 'marce.72hernandez@gmail.com', NULL, NULL, NULL, NULL),
(109,null,null, 'SUGEY', 'KARINA', NULL, 'FLORES', 'NUÑEZ', NULL, 968227620, 109, '14698729-K', NULL, 'lcvmontajes@hotmail.com', NULL, NULL, NULL, NULL),
(110,null,null, 'LUZ', 'MARIA', 'DELAS NIEVES', 'URRUTIA', 'PENROZ', NULL, 952610879, 110, '11883424-0', NULL, 'brianprogamer615@gmail.com', NULL, NULL, NULL, NULL),
(111,null,null, 'MARILUZ', 'DE LAS MERCEDES', NULL, 'PEREZ', 'COFRE', NULL, 981832846, 111, '8529203-K', NULL, 'notengo@notengo.cl', NULL, NULL, NULL, NULL),
(112,null,null, 'RODRIGO', 'ALBERTO', NULL, 'VALENZUELA', 'MARTINEZ', NULL, 990922674, 112, '15700877-3', NULL, 'hajime.nargalen@gmail.com', NULL, NULL, NULL, NULL),
(113,null,null, 'ANTONIETA', 'DEL PILAR', NULL, 'MEZA', 'TOLEDO', NULL, 978009863, 113, '13265314-3', NULL, 'antonieta.meza@hotmail.com', NULL, NULL, NULL, NULL),
(114,null,null, 'ALEJANDRA', 'JACQUELINE', NULL, 'FLORES', 'SEPULVEDA', 228716748, 995606299, 114, '12859195-8', NULL, 'zamirgonzalezflores@gmail.com', NULL, NULL, NULL, NULL),
(115,null,null, 'CRISTIAN', 'EDUARDO', NULL, 'LAGOS', 'MONTOYA', 224336003, 963208514, 115, '12902627-8', NULL, 'clagosmontoya@gmail.com', NULL, NULL, NULL, NULL),
(116,null,null, 'YESSENIA', 'ALEJANDRINA', NULL, 'OLCAY', 'VALDEBENITO', 225584311, 997592252, 116, '15949512-4', NULL, 'yessenia_cosita@hotmail.com', NULL, NULL, NULL, NULL),
(117,null,null, 'ROXANA', 'ANDREA', NULL, 'ALARCON', 'PARRAGUEZ', NULL, 957926543, 117, '16044205-0', NULL, 'cata.fran3@gmail.com', NULL, NULL, NULL, NULL),
(118,null,null, 'ISAAC', 'OSVALDO', NULL, 'VALENZUELA', 'GONZALEZ', 223015279, 944972635, 118, '16405957-K', NULL, 'osvaldo.isaacs@gmail.com', NULL, NULL, NULL, NULL),
(119,null,null, 'GISSEL', 'PATRICIA', NULL, 'RIVAS', 'ÑANCULEO', NULL, 985874813, 119, '16603935-5', NULL, 'gisselarivas06@gmail.com', NULL, NULL, NULL, NULL),
(120,null,null, 'PAMELA', 'ALEJANDRA', NULL, 'SILVA', 'OLIVARES', 225466946, 945078636, 120, '18075061-4', NULL, 'pamela.silvao@correoaiep.cl', NULL, NULL, NULL, NULL),
(121,null,null, 'CAROLINA', 'IVONNE', NULL, 'SANCHEZ', 'SAEZ', NULL, 983105161, 121, '13254558-8', NULL, 'sanchezsaez.carolina@gmail.com', NULL, NULL, NULL, NULL),
(122,null,null, 'ROSA', 'DEL CARMEN', NULL, 'IBARRA', 'DELGADO', NULL, 971557425, 122, '11524728-K', NULL, 'rosaibarra.d99@gmail.com', NULL, NULL, NULL, NULL),
(123,null,null, 'MARCIA', 'RITA', NULL, 'HIDALGO', 'PEÑA', NULL, 987308422, 123, '12289756-7', NULL, 'tabitacanales.01@gmail.com', NULL, NULL, NULL, NULL),
(124,null,null, 'MAGNO', 'AUGUSTO', NULL, 'ZUÑIGA', 'PALMA', NULL, 965754061, 124, '12160907-K', NULL, 'magnozp@gmail.com', NULL, NULL, NULL, NULL),
(125,null,null, 'KARINA', 'ANDREA', NULL, 'SANDOVAL', 'NECULQUEO', 224612179, 934949724, 125, '15438476-6', NULL, 'karinaatonella14@gmail.com', NULL, NULL, NULL, NULL),
(126,null,null, 'JIMENA', 'DE LOURDES', NULL, 'QUIROZ', 'FLORES', NULL, 990802258, 126, '13577310-7', NULL, 'jimenafquiroz@gmail.com', NULL, NULL, NULL, NULL),
(127,null,null, 'ENRIQUE', 'ISRAEL', NULL, 'VERDUGO', 'VERGARA', NULL, 959300811, 127, '11844947-9', NULL, 'enriqueisraelverdugovergara@gmail.com', NULL, NULL, NULL, NULL),
(128,null,null, 'SOLANGE', 'MABEL', NULL, 'DOMINGUEZ', 'MARTINEZ', NULL, 997112820, 128, '11755767-7', NULL, 'solangemabel.42@gmail.com', NULL, NULL, NULL, NULL),
(129,null,null, 'ROSA', 'VIRGINIA', NULL, 'GUZMÁN', 'NEIRA', 225364737, 998070021, 129, '12116573-2', NULL, 'jael.araneda0632@gmail.com', NULL, NULL, NULL, NULL),
(130,null,null, 'ANA', 'MARIA', NULL, 'COBIAN', 'LIRA', 232193141, 999631289, 130, '7767309-1', NULL, 'ymacoly@hotmail.com', NULL, NULL, NULL, NULL),
(131,null,null, 'ANGELO', 'ANDRES', NULL, 'DE LA COSTA', 'MAUREIRA', 966639238, 976501114, 131, '15335137-6', NULL, 'anglo.delacosta@gmail.com', NULL, NULL, NULL, NULL),
(132,null,null, 'YESENIA', 'TAMARA', NULL, 'CID', 'RECABAL', NULL, 993377522, 132, '13602577-5', NULL, 'jesenia0808@gmail.com', NULL, NULL, NULL, NULL),
(133,null,null, 'GISSELLA', 'TERESA', NULL, 'GODOY', 'VALENZUELA', NULL, 999162428, 133, '12143991-3', NULL, 'gissella_dos@hotmail.com', NULL, NULL, NULL, NULL),
(134,null,null, 'VERÓNICA', 'DEL CARMEN', NULL, 'CANALES', 'SANDOVAL', NULL, 978175728, 134, '10154408-7', NULL, 'cnavarrete@py.cl', NULL, NULL, NULL, NULL),
(135,null,null, 'CAROLAIN', 'YANIRA', NULL, 'GONZALEZ', 'OVANDO', NULL, 991207309, 135, '18289119-3', NULL, 'carolaing23@hotmail.com', NULL, NULL, NULL, NULL),
(136,null,null, 'MARLENE', 'LORETO', NULL, 'SAEZ', 'MOYA', 229068067, 955178167, 136, '16547937-8', NULL, 'skulone@hotmail.com', NULL, NULL, NULL, NULL),
(137,null,null, 'LUIS', 'ALBERTO', NULL, 'MILLAN', 'VARGAS', NULL, 945844076, 137, '14184990-5', NULL, 'luismillanvargas@gmail.com', NULL, NULL, NULL, NULL),
(138,null,null, 'JUAN', 'EDUARDO', NULL, 'LARA', 'LABARCA', 225590682, 974064542, 138, '18661274-4', NULL, 'juanlara152@hotmail.es', NULL, NULL, NULL, NULL),
(139,null,null, 'JENNIFER', 'ANDREA', NULL, 'GALAZ', 'GONZALEZ', NULL, 953164644, 139, '16902641-6', NULL, 'jenniandreagg@gmail.com', NULL, NULL, NULL, NULL),
(140,null,null, 'OSCAR', 'EDUARDO', NULL, 'MUÑOZ', 'CORREA', NULL, 987647359, 140, '12166699-5', NULL, 'munozcorrea05@gmail.com', NULL, NULL, NULL, NULL),
(141,null,null, 'SAMUEL', 'ANDRES', NULL, 'RUIZ', 'CHAMORRO', NULL, 994400347, 141, '17662508-2', NULL, 'samuel.ruiz@usach.cl', NULL, NULL, NULL, NULL),
(142,null,null, 'JACQUELINE', 'ALEJANDRA', NULL, 'MERCADO', 'AYALA', NULL, 996348473, 142, '16696350-8', NULL, 'jacqueline.mercado1987@gmail.com', NULL, NULL, NULL, NULL),
(143,null,null, 'IRIS', 'ANGELINA', NULL, 'FERNANDEZ', 'PINTO', 226718241, 973958494, 143, '13290084-1', NULL, 'angelinafer2011@gmail.com', NULL, NULL, NULL, NULL),
(144,null,null, 'MARGARITA', 'DEL CARMEN', NULL, 'FIGUEROA', 'ALTAMIRANO', NULL, 933571735, 144, '12735738-2', NULL, 'margaritafigueroaaltamirano@gmail.com', NULL, NULL, NULL, NULL),
(145,null,null, 'ANDREA', 'MARIA', NULL, 'SEPULVEDA', 'VASQUEZ', NULL, 977551311, 145, '14192086-3', NULL, 'nachoallisoncolo@gmail.com', NULL, NULL, NULL, NULL),
(146,null,null, 'DAISY', 'MARILET', NULL, 'PAREDES', 'GUTIERREZ', NULL, 988065172, 146, '12910204-7', NULL, 'paredes.marilet1975@gmail.com', NULL, NULL, NULL, NULL),
(147,null,null, 'KARLA', 'EUGENIA', NULL, 'GOYCOLEA', 'ZUÑIGA', 229661886, 974657976, 147, '13912310-7', NULL, 'karla.goycolea@ips.gob.cl', NULL, NULL, NULL, NULL),
(148,null,null, 'ROSA', 'IVETTE', NULL, 'GUTIERREZ', 'GONZALEZ', 228662411, 950121774, 148, '16714080-7', NULL, 'r.ivette109@gmail.com', NULL, NULL, NULL, NULL),
(149,null,null, 'MARGARITA', 'CAROLINA', NULL, 'MORALES', 'ARENAS', NULL, 982157203, 149, '15667007-3', NULL, 'margaritacarolina.mm@gmail.com', NULL, NULL, NULL, NULL),
(150,null,null, 'PRICILLA', 'ANDREA', NULL, 'SANHUEZA', 'GALLARDO', NULL, 984352781, 150, '16041812-5', NULL, 'pricillasanhueza@gmail.com', NULL, NULL, NULL, NULL),
(151,null,null, 'MAXIMO', 'ANTONIO', NULL, 'TORRES', 'MOLINA', NULL, 940640693, 151, '10810953-K', NULL, 'torresmaximo896@gmail.com', NULL, NULL, NULL, NULL),
(152,null,null, 'AMARILYS', 'MARIA', NULL, 'PEREZ', 'MEDINA', NULL, 958889525, 152, '150000001-1', NULL, 'amarilysmaria8@gmail.com', NULL, NULL, NULL, NULL),
(153,null,null, 'ANGELICA', 'DEL ROSARIO', NULL, 'GONZALEZ', 'CONTRERAS', NULL, 953833412, 153, '13694451-7', NULL, 'angelita13140@hotmail.com', NULL, NULL, NULL, NULL),
(154,null,null, 'JENNY', 'MARISOL', NULL, 'PEÑAILILLO', 'MALDONADO', NULL, 968994210, 154, '15259958-7', NULL, 'jenny.penailillo@gmail.com', NULL, NULL, NULL, NULL),
(155,null,null, 'CASSANDRA', 'ATENEA', NULL, 'HENRIQUEZ', 'CONTRERAS', NULL, 986398038, 155, '16150718-0', NULL, 'martavial@gmail.com', NULL, NULL, NULL, NULL),
(156,null,null, 'JENNIFER', 'FABIOLA', NULL, 'GATICA', 'ARROYO', NULL, 974320944, 156, '16901492-2', NULL, 'jennifergatica54@gmail.com', NULL, NULL, NULL, NULL),
(157,null,null, 'CRISTINA', 'SASANA', NULL, 'VERA', 'ROMAN', 223923113, 963884153, 157, '16710821-0', NULL, 'yeru_2909@hotmail.com', NULL, NULL, NULL, NULL),
(158,null,null, 'TATIANA', NULL, NULL, 'OLAVE', 'CHACON', NULL, 989626905, 158, '11167714-K', NULL, 'tantatianaolave@gmail.com', NULL, NULL, NULL, NULL),
(159,null,null, 'PAMELA', 'BELEN', NULL, 'DIAZ', 'OLIVARES', NULL, 999111794, 159, '21104503-5', NULL, 'diazolivaresjulieta@gmail.com', NULL, NULL, NULL, NULL),
(160,null,null, 'RICARDO', 'HUMBERTO', NULL, 'QUEZADA', 'MOYA', NULL, 947704866, 160, '13299147-2', NULL, 'quezadafamilia41@gmail.com', NULL, NULL, NULL, NULL),
(161,null,null, 'PEDRO', 'ALEJANDRO', NULL, 'CONTRERAS', 'VEJAR', NULL, 990004741, 161, '15658469-K', NULL, 'pedroale@live.cl', NULL, NULL, NULL, NULL),
(162,null,null, 'KATHERINE', 'GISSELLE', NULL, 'QUIROZ', 'GONZALEZ', NULL, 973240556, 162, '14194917-9', NULL, 'katherine.quiroz@bci.cl', NULL, NULL, NULL, NULL),
(163,null,null, 'MELISSA', 'MACARENA', NULL, 'YAÑEZ', 'GONZALEZ', 225617832, 983500803, 163, '15537347-4', NULL, 'melissa.y.gonzalez1984@gmail.com', NULL, NULL, NULL, NULL),
(164,null,null, 'GABRIEL', 'IGNACIO', NULL, 'GONZALEZ', 'BENAVIDES', NULL, 982090623, 164, '14169982-2', NULL, 'gigonzalb@gmail.com', NULL, NULL, NULL, NULL),
(165,null,null, 'LEONARDO', 'ANDRES', NULL, 'CASTILLO', 'VENEGAS', NULL, 964196385, 165, '13835635-3', NULL, 'venessa.reyes@sip.cl', NULL, NULL, NULL, NULL),
(166,null,null, 'EZERELI', 'ANNY', 'BETEL', 'JARA', 'GUERRERO', 232351165, 973790666, 166, '15447975-9', NULL, 'ezereli.jara@hotmail.com', NULL, NULL, NULL, NULL),
(167,null,null, 'CATHERINE', 'MERRY', NULL, 'IBARRA', 'ROJAS', NULL, 950329187, 167, '14318248-7', NULL, 'cathy.ibarra.rojas@gmail.com', NULL, NULL, NULL, NULL),
(168,null,null, 'ESTHER', NULL, NULL, 'VINCENT', 'NO TIENE', NULL, 945625489, 168, '24701034-3', NULL, 'esther20@hmail.com', NULL, NULL, NULL, NULL),
(169,null,null, 'MYRIAN', 'CAROL', NULL, 'NUÑEZ', 'GUTIERREZ', NULL, 971914446, 169, '12860689-0', NULL, 'myriancarol@hotmail.com', NULL, NULL, NULL, NULL),
(170,null,null, 'MIGUEL', 'ANGEL', NULL, 'CIFUENTES', 'SAEZ', NULL, 990395420, 170, '16218835-6', NULL, 'miguel.cifuentes.saez@gmail.com', NULL, NULL, NULL, NULL),
(171,null,null, 'RUBEN', 'DARIO', NULL, 'ALVARADO', 'ORTEGA', NULL, 957394582, 171, '10599713-2', NULL, 'alvardo.ruben196@gmail.com', NULL, NULL, NULL, NULL),
(172,null,null, 'PABLITA', 'ANDREA', NULL, 'BARRIGA', 'CANTO', NULL, 982620723, 172, '13703811-0', NULL, 'cata_seba_pably@hotmail.com', NULL, NULL, NULL, NULL),
(173,null,null, 'BARBARA', 'MARITZA', NULL, 'MALLANES', 'OSORIO', NULL, 952153943, 173, '20559212-1', NULL, 'barbara.mallanes@hotmail.es', NULL, NULL, NULL, NULL),
(174,null,null, 'FLOR', 'ADRIANA', NULL, 'GONZALEZ', 'PEREDES', 225281620, 992000814, 174, '10382370-6', NULL, 'floradriana123@gmail.com', NULL, NULL, NULL, NULL),
(175,null,null, 'KATHERINE', 'VALESKA', NULL, 'LEAL', 'MILLAR', 232766418, 948626840, 175, '16357726-7', NULL, 'lealk177@gmail.com', NULL, NULL, NULL, NULL),
(176,null,null, 'SANDRA', 'DANIELA', NULL, 'AHUMADA', 'ESCOBAR', NULL, 978628633, 176, '12658336-2', NULL, 'mdsc73@gmail.com', NULL, NULL, NULL, NULL),
(177,null,null, 'BETZABE', 'ALEJANDRA', NULL, 'MÁRQUEZ', 'CARRASCO', 225589950, 947089580, 177, '19188470-1', NULL, 'betzaandgrace@gmail.com', NULL, NULL, NULL, NULL),
(178,null,null, 'ROSA', 'DEL CARMEN', NULL, 'HERRERA', 'CARDENAS', NULL, 990068125, 178, '16986121-8', NULL, 'rodrigosilva027@gmail.com', NULL, NULL, NULL, NULL),
(179,null,null, 'JEANINE', 'VIVIANA', NULL, 'FERNANDEZ', 'LOBOS', NULL, 994285493, 179, '16724546-3', NULL, 'j_ani_23@hotmail.cl', NULL, NULL, NULL, NULL),
(180,null,null, 'ELUDUVINA', 'DEL CARMEN', NULL, 'FERNANDEZ', 'HIDALGO', NULL, 988384510, 180, '9776632-0', NULL, 'carmencitafernandez569@gmail.com', NULL, NULL, NULL, NULL),
(181,null,null, 'VICTORIA', 'FLORENCIA', NULL, 'HERRERA', 'MARCHANT', NULL, NULL, NULL, '24850373-4', NULL, NULL, '2042-01-01 00:00:00', NULL, NULL, 1),
(182,null,null, 'IAN', 'ROBERTO', NULL, 'DURAN', 'ORTIZ', NULL, NULL, NULL, '24076461-K', NULL, NULL,null, NULL, NULL, 2),
(183,null,null, 'ALONSO', 'LUCIANO', NULL, 'FUENTES', 'MEJIAS', NULL, NULL, NULL, '24350815-0', NULL, NULL,null, NULL, NULL, 3),
(184,null,null, 'VICENTE', 'VALENTIN', NULL, 'ORTIZ', 'CELIS', NULL, NULL, NULL, '21827240-1', NULL, NULL,null, NULL, NULL, 4),
(185,null,null, 'LUIS', 'ALFONSO', NULL, 'DIAZ', 'NEIRA', NULL, NULL, NULL, '21798576-5', NULL, NULL,null, NULL, NULL, 5),
(186,null,null, 'IGNACIA', 'ANTONIA', NULL, 'REYES', 'ALBORNOZ', NULL, NULL, NULL, '24088342-2', NULL, NULL,null, NULL, NULL, 6),
(187,null,null, 'JEAN', 'ANTONIO', NULL, 'REYES', 'ALBORNOZ', NULL, NULL, NULL, '21244641-6', NULL, NULL, '2038-11-09 00:00:00', NULL, NULL, 7),
(188,null,null, 'ARANZAZU', 'ALICIA', NULL, 'SANTANDER', 'ROJAS', NULL, NULL, NULL, '21691168-7', NULL, NULL,null, NULL, NULL, 8),
(189,null,null, 'TAMARA', 'MILLARAY', NULL, 'MELLA', 'SANCHEZ', NULL, NULL, NULL, '21297287-8', NULL, NULL,null, NULL, NULL, 9),
(190,null,null, 'AYMARA', 'ANTONIA', NULL, 'COSIO', 'PEREZ', NULL, NULL, NULL, '24617485-7', NULL, NULL,null, NULL, NULL, 10),
(191,null,null, 'FIORELLA', 'JASLIN', NULL, 'ZENTENO', 'VASQUEZ', NULL, NULL, NULL, '24290655-1', NULL, NULL,null, NULL, NULL, 11),
(192,null,null, 'BEMJAMIN', 'WUALTER', NULL, 'MORALES', 'MEZA', NULL, NULL, NULL, '21244651-3', NULL, NULL, '2038-11-05 00:00:00', NULL, NULL, 12),
(193,null,null, 'ALONSO', 'EMANUEL', NULL, 'ESCOBAR', 'VEGA', NULL, NULL, NULL, '23980816-6', NULL, NULL, '2041-07-01 00:00:00', NULL, NULL, 13),
(194,null,null, 'VICTORIA', 'ELIZABETH', NULL, 'ESCOBAR', 'VEGA', NULL, NULL, NULL, '24503647-7', NULL, NULL,null, NULL, NULL, 14),
(195,null,null, 'RAYEN', 'ALEJANDRA', 'DEL PILAR', 'TORRES', 'VILLARROEL', NULL, NULL, NULL, '22133763-8', NULL, NULL,null, NULL, NULL, 15),
(196,null,null, 'DANNAE', 'STEFANNY', NULL, 'BECERRA', 'SAAVEDRA', NULL, NULL, NULL, '21244763-3', NULL, NULL,null, NULL, NULL, 16),
(197,null,null, 'KARINA', 'BELEN', NULL, 'COFRE', 'ARAVENA', NULL, NULL, NULL, '21827729-2', NULL, NULL,null, NULL, NULL, 17),
(198,null,null, 'GABRIELA', 'MARISOL', NULL, 'SALINAS', 'SEVERINO', NULL, NULL, NULL, '21844187-4', NULL, NULL,null, NULL, NULL, 18),
(199,null,null, 'DANIEL', 'ANTONIO', NULL, 'CAMPOS', 'OLIVARES', NULL, NULL, NULL, '21798757-1', NULL, NULL,null, NULL, NULL, 19),
(200,null,null, 'BARBARA', 'LUCIA', NULL, 'BORQUEZ', 'LAGOS', NULL, NULL, NULL, '21773223-9', NULL, NULL,null, NULL, NULL, 20),
(201,null,null, 'ELIZABETH', 'MONSERRAT', NULL, 'DURAN', 'MERIÑO', NULL, NULL, NULL, '21817343-8', NULL, NULL,null, NULL, NULL, 21),
(202,null,null, 'VICTORIA', 'ALEJANDRA', NULL, 'ROMERO', 'LOPEZ', NULL, NULL, NULL, '21245476-1', NULL, NULL,null, NULL, NULL, 22),
(203,null,null, 'ALVARO', 'ALEJANDRO', NULL, 'MORALES', 'VALENZUELA', NULL, NULL, NULL, '21834604-9', NULL, NULL,null, NULL, NULL, 23),
(204,null,null, 'BRUNO', 'MAXIMILIANO', NULL, 'RUIZ', 'NAHUELPAN', NULL, NULL, NULL, '21592069-0', NULL, NULL,null, NULL, NULL, 24),
(205,null,null, 'JAVIER', 'ANDRÉS', NULL, 'GATICA', 'ULLOA', NULL, NULL, NULL, '21751732-K', NULL, NULL,null, NULL, NULL, 25),
(206,null,null, 'AGUSTIN', 'PATRICIO', NULL, 'VEGA', 'PORTUS', NULL, NULL, NULL, '21743873-K', NULL, NULL,null, NULL, NULL, 26),
(207,null,null, 'NICOLE', 'SCARLETT', NULL, 'MORENO', 'ZAMORANO', NULL, NULL, NULL, '23333585-1', NULL, NULL,null, NULL, NULL, 27),
(208,null,null, 'ANDREW', 'SCOTT', NULL, 'VISTOSO', 'ZAMORANO', NULL, NULL, NULL, '21645308-5', NULL, NULL,null, NULL, NULL, 28),
(209,null,null, 'JAVIER', 'PATRICIO', NULL, 'ABARCA', 'ZUÑIGA', NULL, NULL, NULL, '21786741-K', NULL, NULL,null, NULL, NULL, 29),
(210,null,null, 'JAVIER', 'ANTONIO', NULL, 'MUÑOZ', 'MARCHANT', NULL, NULL, NULL, '21467815-2', NULL, NULL,null, NULL, NULL, 30),
(211,null,null, 'BELEN', 'CONSTANZA', 'ANAIS', 'COFRE', 'SALAS', NULL, NULL, NULL, '21628237-K', NULL, NULL,null, NULL, NULL, 31),
(212,null,null, 'ANTONY', 'ALEXANDER', NULL, 'LARA', 'OLIVERA', NULL, NULL, NULL, '21640464-5', NULL, NULL,null, NULL, NULL, 32),
(213,null,null, 'RENATO', 'JOAQUIN', NULL, 'CORTES', 'MATUS', NULL, NULL, NULL, '21846881-0', NULL, NULL,null, NULL, NULL, 33),
(214,null,null, 'BASTIAN', 'ALEXANDER', NULL, 'GALLARDO', 'CONTRERAS', NULL, NULL, NULL, '21244070-1', NULL, NULL, '2038-01-07 00:00:00', NULL, NULL, 34),
(215,null,null, 'EMILY', 'RENATA', NULL, 'GALLARDO', 'CONTRERAS', NULL, NULL, NULL, '24038896-0', NULL, NULL,null, NULL, NULL, 35),
(216,null,null, 'PAULINA', 'ALMENDRA', NULL, 'VARGAS', 'CASTILLO', NULL, NULL, NULL, '21583724-6', NULL, NULL,null, NULL, NULL, 36),
(217,null,null, 'NICOLAS', 'ALEJANDRO', NULL, 'SILVA', 'BARRERA', NULL, NULL, NULL, '21547211-6', NULL, NULL, '2038-07-08 00:00:00', NULL, NULL, 37),
(218,null,null, 'RAFAEL', 'ANDRES', NULL, 'CONTRERAS', 'MERCADO', NULL, NULL, NULL, '21419469-4', NULL, NULL,null, NULL, NULL, 38),
(219,null,null, 'BENJAMIN', 'ALEJANDRO', NULL, 'VALENZUELA', 'ROZAS', NULL, NULL, NULL, '21245108-8', NULL, NULL,null, NULL, NULL, 39),
(220,null,null, 'DARY', 'YASSEL', NULL, 'ALCAINO', 'SUAREZ', NULL, NULL, NULL, '21713812-4', NULL, NULL,null, NULL, NULL, 40),
(221,null,null, 'JAIME', 'IGNACIO', NULL, 'HERRERA', 'DIAZ', NULL, NULL, NULL, '21674122-6', NULL, NULL,null, NULL, NULL, 41),
(222,null,null, 'LUCIANO', 'PHILLIP', NULL, 'HERRERA', 'DIAZ', NULL, NULL, NULL, '23008954-K', NULL, NULL,null, NULL, NULL, 42),
(223,null,null, 'ENYA', 'MELEC', NULL, 'MAC-HALE', 'CHAMORRO', NULL, NULL, NULL, '21823555-7', NULL, NULL,null, NULL, NULL, 43),
(224,null,null, 'MARTIN', 'NICOLAS', NULL, 'CATRIN', 'FLORES', NULL, NULL, NULL, '21619025-4', NULL, NULL,null, NULL, NULL, 44),
(225,null,null, 'DIEGO', 'ALONSO', NULL, 'AVENDAÑO', 'LEMU', NULL, NULL, NULL, '21818287-9', NULL, NULL,null, NULL, NULL, 45),
(226,null,null, 'JORDAN', 'NICOLAS', NULL, 'PASTOR', 'ZUÑIGA', NULL, NULL, NULL, '21500887-8', NULL, NULL, '2038-02-00 00:00:00', NULL, NULL, 46),
(227,null,null, 'PATRICIO', 'MANUEL', NULL, 'INOSTROZA', 'CALDERÓN', NULL, NULL, NULL, '24694992-1', NULL, NULL,null, NULL, NULL, 47),
(228,null,null, 'ELIAS', 'FRANCISCO', NULL, 'VELIZ', 'DEVIA', NULL, NULL, NULL, '24684322-8', NULL, NULL,null, NULL, NULL, 48),
(229,null,null, 'PATRICK', 'STEPHANO', NULL, 'CORTES', 'DONOSO', NULL, NULL, NULL, '21652429-2', NULL, NULL,null, NULL, NULL, 49),
(230,null,null, 'NORMA', 'ANTONIA', 'AMALIA', 'FUENTES', 'FUENTES', NULL, NULL, NULL, '21872685-2', NULL, NULL,null, NULL, NULL, 50),
(231,null,null, 'ALEJANDRA', 'GRACIELA', NULL, 'SANCHEZ', 'ROJAS', NULL, NULL, NULL, '21496451-1', NULL, NULL, '2038-01-06 00:00:00', NULL, NULL, 51),
(232,null,null, 'JAVIERA', 'SOLEDAD', NULL, 'VARELA', 'OLATE', NULL, NULL, NULL, '24863993-8', NULL, NULL, '2042-01-09 00:00:00', NULL, NULL, 52),
(233,null,null, 'VALENTINA', 'ANTONIA', NULL, 'SEGURA', 'PELDOZA', NULL, NULL, NULL, '21648910-1', NULL, NULL,null, NULL, NULL, 53),
(234,null,null, 'MAURICIO', 'ALEJANDRO', NULL, 'MATURANA', 'CELEDON', NULL, NULL, NULL, '21713086-7', NULL, NULL,null, NULL, NULL, 54),
(235,null,null, 'CATALINA', 'ALEJANDRA', NULL, 'SALCEDO', 'ALARCON', NULL, NULL, NULL, '21635937-2', NULL, NULL,null, NULL, NULL, 55),
(236,null,null, 'RAFAELA', 'AMANDA', NULL, 'BARRERA', 'GAMBOA', NULL, NULL, NULL, '24927003-2', NULL, NULL, '2042-07-05 00:00:00', NULL, NULL, 56),
(237,null,null, 'CRISTOBAL', 'ALEJANDRO', NULL, 'OSORIO', 'SEPULVEDA', NULL, NULL, NULL, '21671982-4', NULL, NULL,null, NULL, NULL, 57),
(238,null,null, 'DANIELA', 'BELEN', NULL, 'GOMEZ', 'DELSO', NULL, NULL, NULL, '21554682-9', NULL, NULL, '2038-09-02 00:00:00', NULL, NULL, 58),
(239,null,null, 'HELENA', 'CATALINA', NULL, 'FARIAS', 'GODOY', NULL, NULL, NULL, '21550403-4', NULL, NULL,null, NULL, NULL, 59),
(240,null,null, 'JULIO', 'MAXIMILIANO', NULL, 'LORCA', 'CRUZ', NULL, NULL, NULL, '21819995-K', NULL, NULL,null, NULL, NULL, 60),
(241,null,null, 'VICTOR', 'FELIPE', NULL, 'ARAYA', 'FUENTES', NULL, NULL, NULL, '21661897-1', NULL, NULL,null, NULL, NULL, 61),
(242,null,null, 'DANIELA', 'ALEJANDRA', NULL, 'MIRANDA', 'CARRASCO', NULL, NULL, NULL, '24674287-1', NULL, NULL,null, NULL, NULL, 62),
(243,null,null, 'JOAQUIN', 'ALONSO', NULL, 'VALDIVIA', 'ANGULO', NULL, NULL, NULL, '24268647-0', NULL, NULL,null, NULL, NULL, 63),
(244,null,null, 'ISIDORA', 'VALENTINA', NULL, 'VALDIVIA', 'ANGULO', NULL, NULL, NULL, '21789017-9', NULL, NULL,null, NULL, NULL, 64),
(245,null,null, 'EMA', 'JESUS', NULL, 'GALAZ', 'VALDIVIA', NULL, NULL, NULL, '24846877-7', NULL, NULL, '2042-00-02 00:00:00', NULL, NULL, 65),
(246,null,null, 'LUCAS', 'ALEJANDRO', NULL, 'MEDINA', 'ROMERO', NULL, NULL, NULL, '21786658-8', NULL, NULL,null, NULL, NULL, 66),
(247,null,null, 'FRANCISCA', 'IGNACIA', NULL, 'AHUMADA', 'MORALES', NULL, NULL, NULL, '21244909-1', NULL, NULL,null, NULL, NULL, 67),
(248,null,null, 'JAVIERA', 'ESTEFANIA', NULL, 'PAILLALEF', 'BRIONES', NULL, NULL, NULL, '21763542-K', NULL, NULL,null, NULL, NULL, 68),
(249,null,null, 'TOMAS', 'ALEXANDER', NULL, 'SILVA', 'ALARCON', NULL, NULL, NULL, '21863097-9', NULL, NULL,null, NULL, NULL, 69),
(250,null,null, 'VIOLETA', 'ANTONIA', NULL, 'MADARIAGA', 'HINOJOSA', NULL, NULL, NULL, '21741462-8', NULL, NULL,null, NULL, NULL, 70),
(251,null,null, 'ANAIS', 'CONSTANZA', NULL, 'FRAGA', 'LOPEZ', NULL, NULL, NULL, '21536138-1', NULL, NULL, '2038-07-00 00:00:00', NULL, NULL, 71),
(252,null,null, 'KEYLIN', 'DANAE', NULL, 'CARRASCO', 'SOTO', NULL, NULL, NULL, '21640674-5', NULL, NULL,null, NULL, NULL, 72),
(253,null,null, 'JAVIERA', 'IGNACIA', NULL, 'MARTINEZ', 'HERRERA', NULL, NULL, NULL, '21620556-1', NULL, NULL,null, NULL, NULL, 73),
(254,null,null, 'CONSTANZA', 'IGNACIA', NULL, 'CARRASCO', 'JARA', NULL, NULL, NULL, '24673880-7', NULL, NULL,null, NULL, NULL, 74),
(255,null,null, 'MARTIN', 'ALONSO', NULL, 'RIQUELME', 'SOTO', NULL, NULL, NULL, '24705409-K', NULL, NULL,null, NULL, NULL, 75),
(256,null,null, 'JOAN', 'VICENTE', NULL, 'CHAVEZ', 'COLLADO', NULL, NULL, NULL, '21788573-6', NULL, NULL,null, NULL, NULL, 76),
(257,null,null, 'DANIELA', 'BELEN', NULL, 'TORRES', 'QUEZADA', NULL, NULL, NULL, '21748005-1', NULL, NULL,null, NULL, NULL, 77),
(258,null,null, 'AARON', 'ALEJANDRO', NULL, 'CHAVEZ', 'GALLARDO', NULL, NULL, NULL, '21752210-2', NULL, NULL,null, NULL, NULL, 78),
(259,null,null, 'MARTINNA', 'IGNACIA', NULL, 'ARAYA', 'BERRIOS', NULL, NULL, NULL, '24804171-4', NULL, NULL,null, NULL, NULL, 79),
(260,null,null, 'ALONSO', 'ANTONIO', NULL, 'ARAYA', 'BERRIOS', NULL, NULL, NULL, '24056502-1', NULL, NULL,null, NULL, NULL, 80);
REPLACE INTO `personas` (`id`, `created_at`, `updated_at`, `PNombre`, `SNombre`, `TNombre`, `ApPat`, `ApMat`, `fonoFijo`, `fonoCelu`, `idUser`, `rut`, `genero`, `email`, `fechaNacimiento`, `fechaDefuncion`, `estadoCivil`, `idDireccion`) VALUES
(261,null,null, 'BASTIAN', 'FRANCISCO', NULL, 'PAREDES', 'CONTRERAS', NULL, NULL, NULL, '21595249-5', NULL, NULL,null, NULL, NULL, 81),
(262,null,null, 'DANTE', 'BENITO', NULL, 'LEÓN', 'SAAVEDRA', NULL, NULL, NULL, '21723323-2', NULL, NULL,null, NULL, NULL, 82),
(263,null,null, 'LEONEL', 'SANTINO', NULL, 'LUCERO', 'TORRES', NULL, NULL, NULL, '24704456-6', NULL, NULL,null, NULL, NULL, 83),
(264,null,null, 'PABLO', 'ANTONIO', NULL, 'CARIMAN', 'REYES', NULL, NULL, NULL, '21842323-K', NULL, NULL,null, NULL, NULL, 84),
(265,null,null, 'CONSTANZA', 'ANTONIA', NULL, 'ROJAS', 'MONTECINO', NULL, NULL, NULL, '21782413-3', NULL, NULL,null, NULL, NULL, 85),
(266,null,null, 'SEBASTIAN', 'ANDRES', NULL, 'ROJAS', 'FUENTEALBA', NULL, NULL, NULL, '21245516-4', NULL, NULL,null, NULL, NULL, 86),
(267,null,null, 'SEBASTIAN', 'ALEXANDER', NULL, 'SAAVEDRA', 'GARRIDO', NULL, NULL, NULL, '21681256-5', NULL, NULL,null, NULL, NULL, 87),
(268,null,null, 'CONSTANZA', 'SARAY', NULL, 'CARRASCO', 'CISTERNA', NULL, NULL, NULL, '21767775-0', NULL, NULL,null, NULL, NULL, 88),
(269,null,null, 'ABRAHAM', 'ANDRES', NULL, 'VILLALOBOS', 'SOTO', NULL, NULL, NULL, '21628983-8', NULL, NULL,null, NULL, NULL, 89),
(270,null,null, 'DAVID', 'IGNACIO', NULL, 'HERRERA', 'PALAVECINO', NULL, NULL, NULL, '21641037-8', NULL, NULL,null, NULL, NULL, 90),
(271,null,null, 'ANDREA', 'ISABEL', NULL, 'ROMERO', 'VERDE', NULL, NULL, NULL, '25500092-6', NULL, NULL,null, NULL, NULL, 91),
(272,null,null, 'VALENTINA', 'BELEN', NULL, 'HERRERA', 'MEDINA', NULL, NULL, NULL, '21671881-K', NULL, NULL,null, NULL, NULL, 92),
(273,null,null, 'IAN', 'NICOLAS', NULL, 'INOSTROZA', 'SOTO', NULL, NULL, NULL, '24224279-3', NULL, NULL,null, NULL, NULL, 93),
(274,null,null, 'DEREK', 'ANTER', 'ANAIN', 'GUTIERREZ', 'RIQUELME', NULL, NULL, NULL, '21675358-5', NULL, NULL,null, NULL, NULL, 94),
(275,null,null, 'BENJAMIN', 'VICENTE', 'DAVID', 'PALACIOS', 'AGUILERA', NULL, NULL, NULL, '21596324-1', NULL, NULL,null, NULL, NULL, 95),
(276,null,null, 'EMILIO', 'IGNACIO', NULL, 'FICA', 'MARTINEZ', NULL, NULL, NULL, '21747537-6', NULL, NULL,null, NULL, NULL, 96),
(277,null,null, 'SEBASTIAN', 'SINUE', NULL, 'PARRAGUEZ', 'GATICA', NULL, NULL, NULL, '21155499-1', NULL, NULL,null, NULL, NULL, 97),
(278,null,null, 'DIEGO', 'ALBERTO', NULL, 'MARTÍNEZ', 'CERDA', NULL, NULL, NULL, '21244761-7', NULL, NULL,null, NULL, NULL, 98),
(279,null,null, 'IGNACIO', 'ANDRES', NULL, 'CALDERON', 'HERNANDEZ', NULL, NULL, NULL, '21245405-2', NULL, NULL,null, NULL, NULL, 99),
(280,null,null, 'JOAQUIN', 'SEBASTIAN', NULL, 'ROBLEDO', 'LEVIO', NULL, NULL, NULL, '24634709-3', NULL, NULL,null, NULL, NULL, 100),
(281,null,null, 'CAMILA', 'CONSTANZA', NULL, 'LAVANDERO', 'GRANDON', NULL, NULL, NULL, '21718844-K', NULL, NULL,null, NULL, NULL, 101),
(282,null,null, 'LIAN', 'DESIRE', NULL, 'MONCADA', 'TORRES', NULL, NULL, NULL, '21733017-3', NULL, NULL,null, NULL, NULL, 102),
(283,null,null, 'DOMINGA', 'JAVIERA', NULL, 'NAVARRO', 'VERALDI', NULL, NULL, NULL, '24113785-6', NULL, NULL,null, NULL, NULL, 103),
(284,null,null, 'VANIA', 'DENISSE', NULL, 'JEREZ', 'SOLANO', NULL, NULL, NULL, '21787088-7', NULL, NULL,null, NULL, NULL, 104),
(285,null,null, 'DANIEL', 'FRANCESCO', NULL, 'VIVALLOS', 'PASMIÑO', NULL, NULL, NULL, '21675944-3', NULL, NULL,null, NULL, NULL, 105),
(286,null,null, 'BARBARA', 'ANDREA', NULL, 'GONZALEZ', 'JARA', NULL, NULL, NULL, '21869441-1', NULL, NULL,null, NULL, NULL, 106),
(287,null,null, 'EDUARDO', 'IGNACIO', NULL, 'GACITUA', 'OSES', NULL, NULL, NULL, '21760095-2', NULL, NULL,null, NULL, NULL, 107),
(288,null,null, 'JOAQUIN', 'IGNACIO', NULL, 'ALFARO', 'TAPIA', NULL, NULL, NULL, '21560133-1', NULL, NULL, '2038-09-06 00:00:00', NULL, NULL, 108),
(289,null,null, 'NATALY', 'VERONICA', NULL, 'PÉREZ', 'MASSONI', NULL, NULL, NULL, '21782815-5', NULL, NULL,null, NULL, NULL, 109),
(290,null,null, 'PIA', 'ANTONELLA', NULL, 'JARA', 'VIVEROS', NULL, NULL, NULL, '21764382-1', NULL, NULL,null, NULL, NULL, 110),
(291,null,null, 'MARIANO', 'ANTONIO', NULL, 'VIVEROS', 'SOTO', NULL, NULL, NULL, '21781005-1', NULL, NULL,null, NULL, NULL, 111),
(292,null,null, 'VICENTE', 'TOMAS', NULL, 'DIAZ', 'GATICA', NULL, NULL, NULL, '21686546-4', NULL, NULL,null, NULL, NULL, 112),
(293,null,null, 'SEBASTIAN', 'ANDRES', NULL, 'MARIN', 'FUENTES', NULL, NULL, NULL, '21572216-3', NULL, NULL, '2038-11-05 00:00:00', NULL, NULL, 113),
(294,null,null, 'FERNANDA', 'DEL CARMEN', NULL, 'GUERRA', 'MEZA', NULL, NULL, NULL, '21672599-9', NULL, NULL,null, NULL, NULL, 114),
(295,null,null, 'BENJAMIN', 'ANTONIO', NULL, 'MUÑOZ', 'HERNANDEZ', NULL, NULL, NULL, '21602192-4', NULL, NULL,null, NULL, NULL, 115),
(296,null,null, 'SOFIA', 'MILLARAY', NULL, 'CRUZ', 'FLORES', NULL, NULL, NULL, '24019664-6', NULL, NULL, '2041-11-04 00:00:00', NULL, NULL, 116),
(297,null,null, 'BRIAN', 'ALEXANDER', NULL, 'MUÑOZ', 'URRUTIA', NULL, NULL, NULL, '21808720-5', NULL, NULL,null, NULL, NULL, 117),
(298,null,null, 'VICENTE', 'ESTEBAN', NULL, 'DÍAZ', 'DÍAZ', NULL, NULL, NULL, '24750862-7', NULL, NULL,null, NULL, NULL, 118),
(299,null,null, 'ALDANAR', 'THEO', NULL, 'VALENZUELA', 'CACERES', NULL, NULL, NULL, '24636733-7', NULL, NULL,null, NULL, NULL, 119),
(300,null,null, 'CAROLINA', NULL, NULL, 'GUZMAN', 'MEZA', NULL, NULL, NULL, '21706788-K', NULL, NULL,null, NULL, NULL, 120),
(301,null,null, 'MONSERRATT', 'CATALINA', NULL, 'GONZALEZ', 'FLORES', NULL, NULL, NULL, '21437578-8', NULL, NULL,null, NULL, NULL, 121),
(302,null,null, 'GUSTAVO', 'CRISTIAN', NULL, 'LAGOS', 'CORREA', NULL, NULL, NULL, '24914464-9', NULL, NULL, '2042-06-02 00:00:00', NULL, NULL, 122),
(303,null,null, 'CASSIEL', 'VALENTINA', NULL, 'QUINTERO', 'OLCAY', NULL, NULL, NULL, '21434093-3', NULL, NULL,null, NULL, NULL, 123),
(304,null,null, 'CATALINA', 'FRANCISCA', NULL, 'SOLIS', 'ALARCÓN', NULL, NULL, NULL, '21731153-5', NULL, NULL,null, NULL, NULL, 124),
(305,null,null, 'ARIANNA', 'VALENTINA', NULL, 'VALENZUELA', 'GONZALEZ', NULL, NULL, NULL, '21245444-3', NULL, NULL,null, NULL, NULL, 125),
(306,null,null, 'MATIAS', 'IGNACIO', NULL, 'VASQUEZ', 'RIVAS', NULL, NULL, NULL, '21846652-4', NULL, NULL,null, NULL, NULL, 126),
(307,null,null, 'TRINNYDAD', 'AYLEEN', NULL, 'SANDOVAL', 'SILVA', NULL, NULL, NULL, '24811267-0', NULL, NULL,null, NULL, NULL, 127),
(308,null,null, 'LUCAS', 'FABIAN', NULL, 'JARA', 'SANCHEZ', NULL, NULL, NULL, '21784557-2', NULL, NULL,null, NULL, NULL, 128),
(309,null,null, 'VALENTINA', 'ANDREA', NULL, 'RUIZ', 'IBARRA', NULL, NULL, NULL, '21681203-4', NULL, NULL,null, NULL, NULL, 129),
(310,null,null, 'MATIAS', 'ANTONIO', NULL, 'CANALES', 'HIDALGO', NULL, NULL, NULL, '21591167-5', NULL, NULL,null, NULL, NULL, 130),
(311,null,null, 'MAXIMO', 'ANDRES', NULL, 'ZUÑIGA', 'VIDELA', NULL, NULL, NULL, '21790448-K', NULL, NULL,null, NULL, NULL, 131),
(312,null,null, 'DANIEL', 'ESTEBAN', NULL, 'CUADRA', 'SANDOVAL', NULL, NULL, NULL, '21819510-5', NULL, NULL,null, NULL, NULL, 132),
(313,null,null, 'XIMENA', 'ANDREA', NULL, 'GARRIDO', 'QUIROZ', NULL, NULL, NULL, '21605692-2', NULL, NULL,null, NULL, NULL, 133),
(314,null,null, 'VINCENT', 'ADAN', NULL, 'VERDUGO', 'ROSALES', NULL, NULL, NULL, '21700170-6', NULL, NULL,null, NULL, NULL, 134),
(315,null,null, 'JOSE', 'LUIS', NULL, 'VALDEBENITO', 'DOMINGUEZ', NULL, NULL, NULL, '21244930-K', NULL, NULL,null, NULL, NULL, 135),
(316,null,null, 'JAEL', 'MILLARAY', NULL, 'ARANEDA', 'GUZMAN', NULL, NULL, NULL, '21611960-6', NULL, NULL,null, NULL, NULL, 136),
(317,null,null, 'BASTIAN', 'NICOLAS', NULL, 'GONZALEZ', 'LOBOS', NULL, NULL, NULL, '21680704-9', NULL, NULL,null, NULL, NULL, 137),
(318,null,null, 'BENJAMIN', 'ANDRES', NULL, 'DE LA COSTA', 'FUENTES', NULL, NULL, NULL, '24835382-1', NULL, NULL,null, NULL, NULL, 138),
(319,null,null, 'JORDAN', 'ALEXANDER', NULL, 'NAVIA', 'CID', NULL, NULL, NULL, '21375428-9', NULL, NULL,null, NULL, NULL, 139),
(320,null,null, 'ALONDRA', 'GABRIELA', NULL, 'CARO', 'GODOY', NULL, NULL, NULL, '21863171-1', NULL, NULL,null, NULL, NULL, 140),
(321,null,null, 'MATIAS', 'BENJAMIN', NULL, 'ACEVEDO', 'CANALES', NULL, NULL, NULL, '21774874-7', NULL, NULL,null, NULL, NULL, 141),
(322,null,null, 'EYMILIN', 'ANAHIS', NULL, 'VALDEBENITO', 'GONZALEZ', NULL, NULL, NULL, '24826711-9', NULL, NULL,null, NULL, NULL, 142),
(323,null,null, 'VICENTE', 'MARTIN', NULL, 'REBOLLEDO', 'SAEZ', NULL, NULL, NULL, '23267880-1', NULL, NULL,null, NULL, NULL, 143),
(324,null,null, 'ABRAHAM', 'JOSIAS', NULL, 'MILLAN', 'SALVO', NULL, NULL, NULL, '21782548-2', NULL, NULL,null, NULL, NULL, 144),
(325,null,null, 'FERNANDO', 'AGUSTIN', NULL, 'LARA', 'MUNDACA', NULL, NULL, NULL, '24636411-7', NULL, NULL,null, NULL, NULL, 145),
(326,null,null, 'BENJAMIN', 'MAXIMILIANO', NULL, 'PILQUIÑIR', 'GALAZ', NULL, NULL, NULL, '21726133-3', NULL, NULL,null, NULL, NULL, 146),
(327,null,null, 'EMERSON', 'EDUARDO', NULL, 'MUÑOZ', 'LEIVA', NULL, NULL, NULL, '21713891-4', NULL, NULL,null, NULL, NULL, 147),
(328,null,null, 'SAMANTHA', 'ISABELLA', NULL, 'RUIZ', 'CANALES', NULL, NULL, NULL, '24660355-3', NULL, NULL,null, NULL, NULL, 148),
(329,null,null, 'ALVARO', 'AGUSTIN', NULL, 'ROJAS', 'MERCADO', NULL, NULL, NULL, '24798108-K', NULL, NULL,null, NULL, NULL, 149),
(330,null,null, 'MATIAS', 'ALONSO', NULL, 'MENARES', 'FERNANDEZ', NULL, NULL, NULL, '24931001-8', NULL, NULL, '2042-07-03 00:00:00', NULL, NULL, 150),
(331,null,null, 'MATILDE', 'ARIELA', NULL, 'GUENTELICAN', 'FIGUEROA', NULL, NULL, NULL, '21827534-6', NULL, NULL,null, NULL, NULL, 151),
(332,null,null, 'LUIS', 'IGNACIO', NULL, 'LAFFERTTE', 'SEPULVEDA', NULL, NULL, NULL, '21607766-0', NULL, NULL,null, NULL, NULL, 152),
(333,null,null, 'ISIDORA', 'VALENTINA', NULL, 'AVILA', 'PAREDES', NULL, NULL, NULL, '21712260-0', NULL, NULL,null, NULL, NULL, 153),
(334,null,null, 'MARTINA', 'VICTORIA', NULL, 'MORALES', 'GOYCOLEA', NULL, NULL, NULL, '21561406-9', NULL, NULL, '2038-09-01 00:00:00', NULL, NULL, 154),
(335,null,null, 'ALONSO', 'ESTEBAN', NULL, 'LETELIER', 'GUTIERREZ', NULL, NULL, NULL, '24941578-2', NULL, NULL, '2042-09-01 00:00:00', NULL, NULL, 155),
(336,null,null, 'BENJAMIN', 'GUSTAVO', NULL, 'ARAVENA', 'MORALES', NULL, NULL, NULL, '21849695-4', NULL, NULL,null, NULL, NULL, 156),
(337,null,null, 'ROGELIO', 'HERNAN', NULL, 'CALDERON', 'SANHUEZA', NULL, NULL, NULL, '21440602-0', NULL, NULL,null, NULL, NULL, 157),
(338,null,null, 'AMIRA', 'IGNACIA', NULL, 'TORRES', 'PAILLAMAN', NULL, NULL, NULL, '24740158-K', NULL, NULL,null, NULL, NULL, 158),
(339,null,null, 'JOHNNY', 'GREGORIO', NULL, 'SANCHEZ', 'PEREZ', NULL, NULL, NULL, '100366374-0', NULL, NULL,null, NULL, NULL, 159),
(340,null,null, 'KATHERINE', 'MICHEL', NULL, 'CHAÑAFIL', 'GONZALEZ', NULL, NULL, NULL, '21790120-0', NULL, NULL,null, NULL, NULL, 160),
(341,null,null, 'DANIEL', 'ANDRES', NULL, 'PAINEMAL', 'PEÑAILILLO', NULL, NULL, NULL, '21670899-7', NULL, NULL,null, NULL, NULL, 161),
(342,null,null, 'VICENTE', 'MATIAS', NULL, 'CASTRO', 'HENRIQUEZ', NULL, NULL, NULL, '24577259-9', NULL, NULL,null, NULL, NULL, 162),
(343,null,null, 'ELIAS', 'IGNACIO', NULL, 'ROJAS', 'GATICA', NULL, NULL, NULL, '21778111-6', NULL, NULL,null, NULL, NULL, 163),
(344,null,null, 'FLORENCIA', 'MARISOL', NULL, 'ALMENDRA', 'VERA', NULL, NULL, NULL, '24921522-8', NULL, NULL, '2042-07-00 00:00:00', NULL, NULL, 164),
(345,null,null, 'FERNANDA', 'CATALINA', NULL, 'DELGADO', 'OLAVE', NULL, NULL, NULL, '21658110-5', NULL, NULL,null, NULL, NULL, 165),
(346,null,null, 'MAXIMO', 'BENJAMIN', NULL, 'ESPINOZA', 'DIAZ', NULL, NULL, NULL, '21603216-0', NULL, NULL,null, NULL, NULL, 166),
(347,null,null, 'RICARDO', 'DANIEL', NULL, 'QUEZADA', 'SEPULVEDA', NULL, NULL, NULL, '21761288-8', NULL, NULL,null, NULL, NULL, 167),
(348,null,null, 'STEVEN', 'ABRAHAM', NULL, 'CONTRERAS', 'BRIONES', NULL, NULL, NULL, '21245565-2', NULL, NULL,null, NULL, NULL, 168),
(349,null,null, 'NICOLAS', 'ANTONIO', NULL, 'SALINAS', 'QUIROZ', NULL, NULL, NULL, '20881310-2', NULL, NULL,null, NULL, NULL, 169),
(350,null,null, 'ALAN', 'BASTIAN', NULL, 'ZUÑIGA', 'YAÑEZ', NULL, NULL, NULL, '24717229-7', NULL, NULL,null, NULL, NULL, 170),
(351,null,null, 'CAMILA', 'FERNANDA', NULL, 'ZUÑIGA', 'YAÑEZ', NULL, NULL, NULL, '21709577-8', NULL, NULL,null, NULL, NULL, 171),
(352,null,null, 'CATALINA', 'FERNANDA', NULL, 'GONZALEZ', 'ESCALONA', NULL, NULL, NULL, '24930246-5', NULL, NULL, '2042-07-02 00:00:00', NULL, NULL, 172),
(353,null,null, 'BENJAMIN', 'LEON', NULL, 'CASTILLO', 'REYES', NULL, NULL, NULL, '24593640-0', NULL, NULL,null, NULL, NULL, 173),
(354,null,null, 'MERARI', 'MILCA', 'MADAI', 'PINTO', 'JARA', NULL, NULL, NULL, '21711850-6', NULL, NULL,null, NULL, NULL, 174),
(355,null,null, 'MANUEL', 'IGNACIO', NULL, 'BASTIDAS', 'IBARRA', NULL, NULL, NULL, '21622679-8', NULL, NULL,null, NULL, NULL, 175),
(356,null,null, 'ARLY', 'BEJAMIN', NULL, 'FERREIRA', 'VINCENT', NULL, NULL, NULL, '24763771-0', NULL, NULL,null, NULL, NULL, 176),
(357,null,null, 'BENJAMIN', 'PATRICIO', NULL, 'MONROY', 'NUÑEZ', NULL, NULL, NULL, '21875019-2', NULL, NULL,null, NULL, NULL, 177),
(358,null,null, 'LAUTARO', 'TAHIEL', NULL, 'CIFUENTES', 'PONCE', NULL, NULL, NULL, '24680032-4', NULL, NULL,null, NULL, NULL, 178),
(359,null,null, 'MATEO', 'IGNACIO', NULL, 'ALVARADO', 'ROJAS', NULL, NULL, NULL, '24838207-4', NULL, NULL, '2042-00-00 00:00:00', NULL, NULL, 179),
(360,null,null, 'CATALINA', 'FRANCISCA', NULL, 'PINEDA', 'BARRIGA', NULL, NULL, NULL, '21818229-1', NULL, NULL,null, NULL, NULL, 180),
(361,null,null, 'MATEO', 'IGNACIO', NULL, 'CASTRO', 'MALLANES', NULL, NULL, NULL, '24081713-6', NULL, NULL,null, NULL, NULL, 181),
(362,null,null, 'CATALINA', 'ANTONIA', NULL, 'MENDEZ', 'GONZALEZ', NULL, NULL, NULL, '21476355-9', NULL, NULL,null, NULL, NULL, 182),
(363,null,null, 'ARANZA', 'BELEN', NULL, 'SANCHEZ', 'LEAL', NULL, NULL, NULL, '21700684-8', NULL, NULL,null, NULL, NULL, 183),
(364,null,null, 'PASCAL', 'SOFIA', NULL, 'SOTO', 'AHUMADA', NULL, NULL, NULL, '24704293-8', NULL, NULL,null, NULL, NULL, 184),
(365,null,null, 'GRACE', 'IGNACIA', NULL, 'LARA', 'MÁRQUEZ', NULL, NULL, NULL, '24745879-4', NULL, NULL,null, NULL, NULL, 185),
(366,null,null, 'ALONSO', 'IGNACIO', NULL, 'SILVA', 'HERRERA', NULL, NULL, NULL, '24624586-K', NULL, NULL,null, NULL, NULL, 186),
(367,null,null, 'CONSTANZA', 'ALEXANDRA', NULL, 'PERALTA', 'FERNANDEZ', NULL, NULL, NULL, '21547437-2', NULL, NULL, '2038-08-06 00:00:00', NULL, NULL, 187),
(368,null,null, 'MARCELO', 'JAVIER', NULL, 'VERA', 'FERNANDEZ', NULL, NULL, NULL, '21809316-7', NULL, NULL,null, NULL, NULL, 188);

-- --------------------------------------------------------



REPLACE INTO `provincias` (`id`, `created_at`, `updated_at`, `nombreProv`, `codigoUnico`, `idRegion`) VALUES
(1, '2018-09-24 03:00:00', '2018-09-24 03:00:00', 'Arica', '151', 1),
(2, '2018-09-24 03:00:00', '2018-09-24 03:00:00', 'Parinacota', '152', 1),
(3, '2018-09-24 03:00:00', '2018-09-24 03:00:00', 'Iquique', '011', 2),
(4, '2018-09-24 03:00:00', '2018-09-24 03:00:00', 'El Tamarugal', '014', 2),
(5, '2018-09-24 03:00:00', '2018-09-24 03:00:00', 'Antofagasta', '021', 3),
(6, '2018-09-24 03:00:00', '2018-09-24 03:00:00', 'El Loa', '022', 3),
(7, '2018-09-24 03:00:00', '2018-09-24 03:00:00', 'Tocopilla', '023', 3),
(8, '2018-09-24 03:00:00', '2018-09-24 03:00:00', 'Chañaral', '032', 4),
(9, '2018-09-24 03:00:00', '2018-09-24 03:00:00', 'Copiapó', '031', 4),
(10, '2018-09-24 03:00:00', '2018-09-24 03:00:00', 'Huasco', '033', 4),
(11, '2018-09-24 03:00:00', '2018-09-24 03:00:00', 'Choapa', '042', 5),
(12, '2018-09-24 03:00:00', '2018-09-24 03:00:00', 'Elqui', '041', 5),
(13, '2018-09-24 03:00:00', '2018-09-24 03:00:00', 'Limarí', '043', 5),
(14, '2018-09-24 03:00:00', '2018-09-24 03:00:00', 'Isla de Pascua', '052', 6),
(15, '2018-09-24 03:00:00', '2018-09-24 03:00:00', 'Los Andes', '053', 6),
(16, '2018-09-24 03:00:00', '2018-09-24 03:00:00', 'Petorca', '054', 6),
(17, '2018-09-24 03:00:00', '2018-09-24 03:00:00', 'Quillota', '055', 6),
(18, '2018-09-24 03:00:00', '2018-09-24 03:00:00', 'San Antonio', '056', 6),
(19, '2018-09-24 03:00:00', '2018-09-24 03:00:00', 'San Felipe de Aconcagua', '057', 6),
(20, '2018-09-24 03:00:00', '2018-09-24 03:00:00', 'Valparaiso', '051', 6),
(21, '2018-09-24 03:00:00', '2018-09-24 03:00:00', 'Chacabuco', '133', 7),
(22, '2018-09-24 03:00:00', '2018-09-24 03:00:00', 'Cordillera', '132', 7),
(23, '2018-09-24 03:00:00', '2018-09-24 03:00:00', 'Maipo', '134', 7),
(24, '2018-09-24 03:00:00', '2018-09-24 03:00:00', 'Melipilla', '135', 7),
(25, '2018-09-24 03:00:00', '2018-09-24 03:00:00', 'Santiago', '131', 7),
(26, '2018-09-24 03:00:00', '2018-09-24 03:00:00', 'Talagante', '136', 7),
(27, '2018-09-24 03:00:00', '2018-09-24 03:00:00', 'Cachapoal', '061', 8),
(28, '2018-09-24 03:00:00', '2018-09-24 03:00:00', 'Cardenal Caro', '062', 8),
(29, '2018-09-24 03:00:00', '2018-09-24 03:00:00', 'Colchagua', '063', 8),
(30, '2018-09-24 03:00:00', '2018-09-24 03:00:00', 'Cauquenes', '072', 9),
(31, '2018-09-24 03:00:00', '2018-09-24 03:00:00', 'Curicó', '073', 9),
(32, '2018-09-24 03:00:00', '2018-09-24 03:00:00', 'Linares', '074', 9),
(33, '2018-09-24 03:00:00', '2018-09-24 03:00:00', 'Talca', '071', 9),
(34, '2018-09-24 03:00:00', '2018-09-24 03:00:00', 'Arauco', '082', 10),
(35, '2018-09-24 03:00:00', '2018-09-24 03:00:00', 'Bio Bío', '083', 10),
(36, '2018-09-24 03:00:00', '2018-09-24 03:00:00', 'Concepción', '081', 10),
(37, '2018-09-24 03:00:00', '2018-09-24 03:00:00', 'Ñuble', '084', 10),
(38, '2018-09-24 03:00:00', '2018-09-24 03:00:00', 'Cautín', '091', 11),
(39, '2018-09-24 03:00:00', '2018-09-24 03:00:00', 'Malleco', '092', 11),
(40, '2018-09-24 03:00:00', '2018-09-24 03:00:00', 'Valdivia', '141', 12),
(41, '2018-09-24 03:00:00', '2018-09-24 03:00:00', 'Ranco', '142', 12),
(42, '2018-09-24 03:00:00', '2018-09-24 03:00:00', 'Chiloé', '102', 13),
(43, '2018-09-24 03:00:00', '2018-09-24 03:00:00', 'Llanquihue', '101', 13),
(44, '2018-09-24 03:00:00', '2018-09-24 03:00:00', 'Osorno', '103', 13),
(45, '2018-09-24 03:00:00', '2018-09-24 03:00:00', 'Palena', '104', 13),
(46, '2018-09-24 03:00:00', '2018-09-24 03:00:00', 'Aisén', '112', 14),
(47, '2018-09-24 03:00:00', '2018-09-24 03:00:00', 'Capitán Prat', '113', 14),
(48, '2018-09-24 03:00:00', '2018-09-24 03:00:00', 'Coihaique', '111', 14),
(49, '2018-09-24 03:00:00', '2018-09-24 03:00:00', 'General Carrera', '114', 14),
(50, '2018-09-24 03:00:00', '2018-09-24 03:00:00', 'Antártica Chilena', '122', 15),
(51, '2018-09-24 03:00:00', '2018-09-24 03:00:00', 'Magallanes', '121', 15),
(52, '2018-09-24 03:00:00', '2018-09-24 03:00:00', 'Tierra del Fuego', '123', 15),
(53, '2018-09-24 03:00:00', '2018-09-24 03:00:00', 'Última Esperanza', '124', 15);

-- --------------------------------------------------------


REPLACE INTO `regiones` (`id`, `created_at`, `updated_at`, `nombreReg`, `regionOrd`, `codigoUnico`) VALUES
(1, '2018-09-24 03:00:00', '2018-09-24 03:00:00', 'Arica y Parinacota', 'XV', '15'),
(2, '2018-09-24 03:00:00', '2018-09-24 03:00:00', 'Tarapacá', 'I', '01'),
(3, '2018-09-24 03:00:00', '2018-09-24 03:00:00', 'Antofagasta', 'II', '02'),
(4, '2018-09-24 03:00:00', '2018-09-24 03:00:00', 'Atacama', 'III', '03'),
(5, '2018-09-24 03:00:00', '2018-09-24 03:00:00', 'Coquimbo', 'IV', '04'),
(6, '2018-09-24 03:00:00', '2018-09-24 03:00:00', 'Valparaiso', 'V', '05'),
(7, '2018-09-24 03:00:00', '2018-09-24 03:00:00', 'Metropolitana de Santiago', 'RM', '13'),
(8, '2018-09-24 03:00:00', '2018-09-24 03:00:00', 'Libertador General Bernardo O\'Higgins', 'VI', '06'),
(9, '2018-09-24 03:00:00', '2018-09-24 03:00:00', 'Maule', 'VII', '07'),
(10, '2018-09-24 03:00:00', '2018-09-24 03:00:00', 'Biobío', 'VIII', '08'),
(11, '2018-09-24 03:00:00', '2018-09-24 03:00:00', 'La Araucanía', 'IX', '09'),
(12, '2018-09-24 03:00:00', '2018-09-24 03:00:00', 'Los Ríos', 'XIV', '14'),
(13, '2018-09-24 03:00:00', '2018-09-24 03:00:00', 'Los Lagos', 'X', '10'),
(14, '2018-09-24 03:00:00', '2018-09-24 03:00:00', 'Aisén del General Carlos Ibáñez del Campo', 'XI', '11'),
(15, '2018-09-24 03:00:00', '2018-09-24 03:00:00', 'Magallanes y de la Antártica Chilena', 'XII', '12');

-- --------------------------------------------------------

REPLACE INTO `roles` (`id`, `created_at`, `updated_at`, `nombre`, `descripcion`) VALUES
(1, NULL, NULL, 'Apoderado', 'Apoderado con alumnos matriculados'),
(2, NULL, NULL, 'Alumno', 'Alumno matrículado'),
(3, NULL, NULL, 'ApoderadoPostulante', 'Apoderado que aún no firma contrato con la escuela.'),
(4, NULL, NULL, 'AlumnoPostulante', 'Alumno que aún el apoderado no firma contrato con la escuela.'),
(5, NULL, NULL, 'Revisor', 'Apoderado colegio'),
(6, NULL, NULL, 'Secretariado', 'Secretariado colegio'),
(7, NULL, NULL, 'Administrador', 'Administrador colegio'),
(8, NULL, NULL, 'Otro', 'Otro cargo colegio');

-- --------------------------------------------------------


REPLACE INTO `tipos` (`id`, `created_at`, `updated_at`, `nombre`, `descripcion`) VALUES
(1, NULL, NULL, 'ApoderadoPostulante', 'Apoderado que aún no firma contrato con la escuela.'),
(2, NULL, NULL, 'Apoderado', 'Apoderado permanente del presente año'),
(3, NULL, NULL, 'Alumno', 'Alumno permanente del presente año'),
(4, NULL, NULL, 'AlumnoPostulante', 'Alumno que aún el apoderado no firma contrato con la escuela.'),
(5, NULL, NULL, 'Revisor', 'Revisores de la postulación'),
(6, NULL, NULL, 'Administrador', 'Administrador de la app'),
(7, NULL, NULL, 'Padre', 'El padre del Alumno'),
(8, NULL, NULL, 'Madre', 'La madre del alumno'),
(9, NULL, NULL, 'PrimerContacto', 'El primer contacto del Alumno'),
(10, NULL, NULL, 'SegundoContacto', 'El segundo contacto del Alumno');

-- --------------------------------------------------------

REPLACE INTO `tipo_persona` (`id`, `created_at`, `updated_at`, `idTipo`, `idPersona`) VALUES
(1,null,null, 1, 1),
(2,null,null, 1, 2),
(3,null,null, 1, 3),
(4,null,null, 1, 4),
(5,null,null, 1, 5),
(6,null,null, 1, 6),
(7,null,null, 1, 7),
(8,null,null, 1, 8),
(9,null,null, 1, 9),
(10,null,null, 1, 10),
(11,null,null, 1, 11),
(12,null,null, 1, 12),
(13,null,null, 1, 13),
(14,null,null, 1, 14),
(15,null,null, 1, 15),
(16,null,null, 1, 16),
(17,null,null, 1, 17),
(18,null,null, 1, 18),
(19,null,null, 1, 19),
(20,null,null, 1, 20),
(21,null,null, 1, 21),
(22,null,null, 1, 22),
(23,null,null, 1, 23),
(24,null,null, 1, 24),
(25,null,null, 1, 25),
(26,null,null, 1, 26),
(27,null,null, 1, 27),
(28,null,null, 1, 28),
(29,null,null, 1, 29),
(30,null,null, 1, 30),
(31,null,null, 1, 31),
(32,null,null, 1, 32),
(33,null,null, 1, 33),
(34,null,null, 1, 34),
(35,null,null, 1, 35),
(36,null,null, 1, 36),
(37,null,null, 1, 37),
(38,null,null, 1, 38),
(39,null,null, 1, 39),
(40,null,null, 1, 40),
(41,null,null, 1, 41),
(42,null,null, 1, 42),
(43,null,null, 1, 43),
(44,null,null, 1, 44),
(45,null,null, 1, 45),
(46,null,null, 1, 46),
(47,null,null, 1, 47),
(48,null,null, 1, 48),
(49,null,null, 1, 49),
(50,null,null, 1, 50),
(51,null,null, 1, 51),
(52,null,null, 1, 52),
(53,null,null, 1, 53),
(54,null,null, 1, 54),
(55,null,null, 1, 55),
(56,null,null, 1, 56),
(57,null,null, 1, 57),
(58,null,null, 1, 58),
(59,null,null, 1, 59),
(60,null,null, 1, 60),
(61,null,null, 1, 61),
(62,null,null, 1, 62),
(63,null,null, 1, 63),
(64,null,null, 1, 64),
(65,null,null, 1, 65),
(66,null,null, 1, 66),
(67,null,null, 1, 67),
(68,null,null, 1, 68),
(69,null,null, 1, 69),
(70,null,null, 1, 70),
(71,null,null, 1, 71),
(72,null,null, 1, 72),
(73,null,null, 1, 73),
(74,null,null, 1, 74),
(75,null,null, 1, 75),
(76,null,null, 1, 76),
(77,null,null, 1, 77),
(78,null,null, 1, 78),
(79,null,null, 1, 79),
(80,null,null, 1, 80),
(81,null,null, 1, 81),
(82,null,null, 1, 82),
(83,null,null, 1, 83),
(84,null,null, 1, 84),
(85,null,null, 1, 85),
(86,null,null, 1, 86),
(87,null,null, 1, 87),
(88,null,null, 1, 88),
(89,null,null, 1, 89),
(90,null,null, 1, 90),
(91,null,null, 1, 91),
(92,null,null, 1, 92),
(93,null,null, 1, 93),
(94,null,null, 1, 94),
(95,null,null, 1, 95),
(96,null,null, 1, 96),
(97,null,null, 1, 97),
(98,null,null, 1, 98),
(99,null,null, 1, 99),
(100,null,null, 1, 100),
(101,null,null, 1, 101),
(102,null,null, 1, 102),
(103,null,null, 1, 103),
(104,null,null, 1, 104),
(105,null,null, 1, 105),
(106,null,null, 1, 106),
(107,null,null, 1, 107),
(108,null,null, 1, 108),
(109,null,null, 1, 109),
(110,null,null, 1, 110),
(111,null,null, 1, 111),
(112,null,null, 1, 112),
(113,null,null, 1, 113),
(114,null,null, 1, 114),
(115,null,null, 1, 115),
(116,null,null, 1, 116),
(117,null,null, 1, 117),
(118,null,null, 1, 118),
(119,null,null, 1, 119),
(120,null,null, 1, 120),
(121,null,null, 1, 121),
(122,null,null, 1, 122),
(123,null,null, 1, 123),
(124,null,null, 1, 124),
(125,null,null, 1, 125),
(126,null,null, 1, 126),
(127,null,null, 1, 127),
(128,null,null, 1, 128),
(129,null,null, 1, 129),
(130,null,null, 1, 130),
(131,null,null, 1, 131),
(132,null,null, 1, 132),
(133,null,null, 1, 133),
(134,null,null, 1, 134),
(135,null,null, 1, 135),
(136,null,null, 1, 136),
(137,null,null, 1, 137),
(138,null,null, 1, 138),
(139,null,null, 1, 139),
(140,null,null, 1, 140),
(141,null,null, 1, 141),
(142,null,null, 1, 142),
(143,null,null, 1, 143),
(144,null,null, 1, 144),
(145,null,null, 1, 145),
(146,null,null, 1, 146),
(147,null,null, 1, 147),
(148,null,null, 1, 148),
(149,null,null, 1, 149),
(150,null,null, 1, 150),
(151,null,null, 1, 151),
(152,null,null, 1, 152),
(153,null,null, 1, 153),
(154,null,null, 1, 154),
(155,null,null, 1, 155),
(156,null,null, 1, 156),
(157,null,null, 1, 157),
(158,null,null, 1, 158),
(159,null,null, 1, 159),
(160,null,null, 1, 160),
(161,null,null, 1, 161),
(162,null,null, 1, 162),
(163,null,null, 1, 163),
(164,null,null, 1, 164),
(165,null,null, 1, 165),
(166,null,null, 1, 166),
(167,null,null, 1, 167),
(168,null,null, 1, 168),
(169,null,null, 1, 169),
(170,null,null, 1, 170),
(171,null,null, 1, 171),
(172,null,null, 1, 172),
(173,null,null, 1, 173),
(174,null,null, 1, 174),
(175,null,null, 1, 175),
(176,null,null, 1, 176),
(177,null,null, 1, 177),
(178,null,null, 1, 178),
(179,null,null, 1, 179),
(180,null,null, 1, 180),
(181,null,null, 4, 181),
(182,null,null, 4, 182),
(183,null,null, 4, 183),
(184,null,null, 4, 184),
(185,null,null, 4, 185),
(186,null,null, 4, 186),
(187,null,null, 4, 187),
(188,null,null, 4, 188),
(189,null,null, 4, 189),
(190,null,null, 4, 190),
(191,null,null, 4, 191),
(192,null,null, 4, 192),
(193,null,null, 4, 193),
(194,null,null, 4, 194),
(195,null,null, 4, 195),
(196,null,null, 4, 196),
(197,null,null, 4, 197),
(198,null,null, 4, 198),
(199,null,null, 4, 199),
(200,null,null, 4, 200),
(201,null,null, 4, 201),
(202,null,null, 4, 202),
(203,null,null, 4, 203),
(204,null,null, 4, 204),
(205,null,null, 4, 205),
(206,null,null, 4, 206),
(207,null,null, 4, 207),
(208,null,null, 4, 208),
(209,null,null, 4, 209),
(210,null,null, 4, 210),
(211,null,null, 4, 211),
(212,null,null, 4, 212),
(213,null,null, 4, 213),
(214,null,null, 4, 214),
(215,null,null, 4, 215),
(216,null,null, 4, 216),
(217,null,null, 4, 217),
(218,null,null, 4, 218),
(219,null,null, 4, 219),
(220,null,null, 4, 220),
(221,null,null, 4, 221),
(222,null,null, 4, 222),
(223,null,null, 4, 223),
(224,null,null, 4, 224),
(225,null,null, 4, 225),
(226,null,null, 4, 226),
(227,null,null, 4, 227),
(228,null,null, 4, 228),
(229,null,null, 4, 229),
(230,null,null, 4, 230),
(231,null,null, 4, 231),
(232,null,null, 4, 232),
(233,null,null, 4, 233),
(234,null,null, 4, 234),
(235,null,null, 4, 235),
(236,null,null, 4, 236),
(237,null,null, 4, 237),
(238,null,null, 4, 238),
(239,null,null, 4, 239),
(240,null,null, 4, 240),
(241,null,null, 4, 241),
(242,null,null, 4, 242),
(243,null,null, 4, 243),
(244,null,null, 4, 244),
(245,null,null, 4, 245),
(246,null,null, 4, 246),
(247,null,null, 4, 247),
(248,null,null, 4, 248),
(249,null,null, 4, 249),
(250,null,null, 4, 250),
(251,null,null, 4, 251),
(252,null,null, 4, 252),
(253,null,null, 4, 253),
(254,null,null, 4, 254),
(255,null,null, 4, 255),
(256,null,null, 4, 256),
(257,null,null, 4, 257),
(258,null,null, 4, 258),
(259,null,null, 4, 259),
(260,null,null, 4, 260),
(261,null,null, 4, 261),
(262,null,null, 4, 262),
(263,null,null, 4, 263),
(264,null,null, 4, 264),
(265,null,null, 4, 265),
(266,null,null, 4, 266),
(267,null,null, 4, 267),
(268,null,null, 4, 268),
(269,null,null, 4, 269),
(270,null,null, 4, 270),
(271,null,null, 4, 271),
(272,null,null, 4, 272),
(273,null,null, 4, 273),
(274,null,null, 4, 274),
(275,null,null, 4, 275),
(276,null,null, 4, 276),
(277,null,null, 4, 277),
(278,null,null, 4, 278),
(279,null,null, 4, 279),
(280,null,null, 4, 280),
(281,null,null, 4, 281),
(282,null,null, 4, 282),
(283,null,null, 4, 283),
(284,null,null, 4, 284),
(285,null,null, 4, 285),
(286,null,null, 4, 286),
(287,null,null, 4, 287),
(288,null,null, 4, 288),
(289,null,null, 4, 289),
(290,null,null, 4, 290),
(291,null,null, 4, 291),
(292,null,null, 4, 292),
(293,null,null, 4, 293),
(294,null,null, 4, 294),
(295,null,null, 4, 295),
(296,null,null, 4, 296),
(297,null,null, 4, 297),
(298,null,null, 4, 298),
(299,null,null, 4, 299),
(300,null,null, 4, 300),
(301,null,null, 4, 301),
(302,null,null, 4, 302),
(303,null,null, 4, 303),
(304,null,null, 4, 304),
(305,null,null, 4, 305),
(306,null,null, 4, 306),
(307,null,null, 4, 307),
(308,null,null, 4, 308),
(309,null,null, 4, 309),
(310,null,null, 4, 310),
(311,null,null, 4, 311),
(312,null,null, 4, 312),
(313,null,null, 4, 313),
(314,null,null, 4, 314),
(315,null,null, 4, 315),
(316,null,null, 4, 316),
(317,null,null, 4, 317),
(318,null,null, 4, 318),
(319,null,null, 4, 319),
(320,null,null, 4, 320),
(321,null,null, 4, 321),
(322,null,null, 4, 322),
(323,null,null, 4, 323),
(324,null,null, 4, 324),
(325,null,null, 4, 325),
(326,null,null, 4, 326),
(327,null,null, 4, 327),
(328,null,null, 4, 328),
(329,null,null, 4, 329),
(330,null,null, 4, 330),
(331,null,null, 4, 331),
(332,null,null, 4, 332),
(333,null,null, 4, 333),
(334,null,null, 4, 334),
(335,null,null, 4, 335),
(336,null,null, 4, 336),
(337,null,null, 4, 337),
(338,null,null, 4, 338),
(339,null,null, 4, 339),
(340,null,null, 4, 340),
(341,null,null, 4, 341),
(342,null,null, 4, 342),
(343,null,null, 4, 343),
(344,null,null, 4, 344),
(345,null,null, 4, 345),
(346,null,null, 4, 346),
(347,null,null, 4, 347),
(348,null,null, 4, 348),
(349,null,null, 4, 349),
(350,null,null, 4, 350),
(351,null,null, 4, 351),
(352,null,null, 4, 352),
(353,null,null, 4, 353),
(354,null,null, 4, 354),
(355,null,null, 4, 355),
(356,null,null, 4, 356),
(357,null,null, 4, 357),
(358,null,null, 4, 358),
(359,null,null, 4, 359),
(360,null,null, 4, 360),
(361,null,null, 4, 361),
(362,null,null, 4, 362),
(363,null,null, 4, 363),
(364,null,null, 4, 364),
(365,null,null, 4, 365),
(366,null,null, 4, 366),
(367,null,null, 4, 367),
(368,null,null, 4, 368);



REPLACE INTO `users` (`id`, `name`, `email`, `email_verified_at`, `password`, `remember_token`, `created_at`, `updated_at`) VALUES
(1, '19634616', 'ahsley.stephanie@gmail.com', NULL, 'MARCHANT', NULL,null,null),
(2, '21314219', 'polyarte@live.cl', NULL, 'ORTIZ', NULL,null,null),
(3, '15539377', 'anymejias@gmail.com', NULL, 'MEJIAS', NULL,null,null),
(4, '12355556', 'pavipabe@gmail.com', NULL, 'ORTIZ', NULL,null,null),
(5, '12132149', 'alizon_diaz@hotmail.com', NULL, 'NEIRA', NULL,null,null),
(6, '15889909', 'alremo24@gmail.com', NULL, 'ALBORNOZ', NULL,null,null),
(7, '12640850', 'csantander@sename.cl', NULL, 'SANTANDER', NULL,null,null),
(8, '12902176', 'giovannasanchez03@hotmail.com', NULL, 'SANCHEZ', NULL,null,null),
(9, '15450322', 'perezarteagamariadelosangeles@gmail.com', NULL, 'COSIO', NULL,null,null),
(10, '13711952', 'cherie-16@live.com', NULL, 'VASQUEZ', NULL,null,null),
(11, '13080009', 'familiamezadiaz@gmail.com', NULL, 'MEZA', NULL,null,null),
(12, '15928234', 'elyvega32@gmail.com', NULL, 'VEGA', NULL,null,null),
(13, '14150056', 'yeyita.villa281280@gmail.com', NULL, 'VILLARROEL', NULL,null,null),
(14, '15386008', 'dannaestefanny@gmail.com', NULL, 'SAAVEDRA', NULL,null,null),
(15, '11914312', 'karina.c.fhl@gmail.com', NULL, 'ARAVENA', NULL,null,null),
(16, '11164264', 'sonyseverino.m@gmail.com', NULL, 'SEVERINO', NULL,null,null),
(17, '11338074', 'cmolivarplalma@gmail.com', NULL, 'OLIVARES', NULL,null,null),
(18, '12828550', 'lucia.ivonne.lagos@gmail.com', NULL, 'LAGOS', NULL,null,null),
(19, '18073679', 'patojramirezt@hotmail.com', NULL, 'MERIÑO', NULL,null,null),
(20, '11870594', 'manuel.allman@gmail.com', NULL, 'ROMERO', NULL,null,null),
(21, '13715571', 'cestarosaparvulo@gmail.com', NULL, 'VALENZUELA', NULL,null,null),
(22, '14561482', 'l.nahuelpanmellado@gmail.com', NULL, 'NAHUELPAN', NULL,null,null),
(23, '13494441', 'edinsongatica@hotmail.com', NULL, 'GATICA', NULL,null,null),
(24, '14232999', 'patovega8240@gmail.com', NULL, 'VEGA', NULL,null,null),
(25, '15319975', 'zamoranosandra55@gmail.com', NULL, 'ZAMORANO', NULL,null,null),
(26, '15319976', 'cristobal.vistoso@gmail.com', NULL, 'ZAMORANO', NULL,null,null),
(27, '10629459', 'lore@gmail.com', NULL, 'ZUÑIGA', NULL,null,null),
(28, '15957994', 'javitoblindado7@gmail.com', NULL, 'MUÑOZ', NULL,null,null),
(29, '10988458', 'ruthsalas2626@gmail.com', NULL, 'SALAS', NULL,null,null),
(30, '13940168', 'martitaolivera75@gmail.com', NULL, 'OLIVERA', NULL,null,null),
(31, '13469696', 'c.matus.d@gmail.com', NULL, 'MATUS', NULL,null,null),
(32, '15443756', 'emilia.renata.fuentes@gmail.com', NULL, 'CONTRERAS', NULL,null,null),
(33, '15623550', 'victorvidalcastillo@gmail.com', NULL, 'VIDAL', NULL,null,null),
(34, '15443082', 'carolinaandreabarrera@gmail.com', NULL, 'BARRERA', NULL,null,null),
(35, '10154022', NULL, NULL, 'MERCADO', NULL,null,null),
(36, '15436464', 'confeccionesallys@gmail.com', NULL, 'ROZAS', NULL,null,null),
(37, '13586579', 'ely.g.torres@gmail.com', NULL, 'TORRES', NULL,null,null),
(38, '15348977', 'm.herrerav@yahoo.com', NULL, 'DIAZ', NULL,null,null),
(39, '12472691', 'chamorro_mary1998@hotmail.com', NULL, 'CHAMORRO', NULL,null,null),
(40, '13940395', 'floresjenny564@gmail.com', NULL, 'FLORES', NULL,null,null),
(41, '16256432', 'lucialemu@gmail.com', NULL, 'LEMU', NULL,null,null),
(42, '15919617', 'cotetita_linda25@hotmail.com', NULL, 'ZUÑIGA', NULL,null,null),
(43, '17118568', 'pato.inostroza@gmail.com', NULL, 'INOSTROZA', NULL,null,null),
(44, '15833654', 'camposcarolina@gmail.com', NULL, 'CAMPOS', NULL,null,null),
(45, '15730279', 'r.caroladonoso@gmail.com', NULL, 'DONOSO', NULL,null,null),
(46, '6388989', 'ensilva@pjud.cl', NULL, 'SILVA', NULL,null,null),
(47, '10747548', 'angelica.rojas@mamutchile.cl', NULL, 'ROJAS', NULL,null,null),
(48, '16265554', 'marcia.olate315@gmail.com', NULL, 'OLATE', NULL,null,null),
(49, '13722922', 'ivettepeldoza@hotmail.com', NULL, 'PELDOZA', NULL,null,null),
(50, '14340608', 'maria.kcm@hotmail.com', NULL, 'CELEDON', NULL,null,null),
(51, '13293927', 'pamela_alarcon30@hotmail.es', NULL, 'ALARCON', NULL,null,null),
(52, '17534997', 'adbarrera0404@gmail.com', NULL, 'BARRERA', NULL,null,null),
(53, '12793413', 'siemprelamisma1@hotmail.com', NULL, 'SEPULVEDA', NULL,null,null),
(54, '14251823', 'marcosgomez.a7@gmail.com', NULL, 'DELSO', NULL,null,null),
(55, '11994078', 'fygservicios@gmail.com', NULL, 'FARIAS', NULL,null,null),
(56, '10742771', 'carlosroberto_lorca@hotmail.com', NULL, 'LORCA', NULL,null,null),
(57, '11275990', 'crisii1968@gmail.com', NULL, 'FUENTES', NULL,null,null),
(58, '12283315', 'aamg@live.cl', NULL, 'CARRASCO', NULL,null,null),
(59, '13276752', 'avaldiviam@gmail.com', NULL, 'VALDIVIA', NULL,null,null),
(60, '14044613', 'rromerofundacion@gmail.com', NULL, 'ROMERO', NULL,null,null),
(61, '17001695', 'julia.morales.a@gmail.com', NULL, 'MORALES', NULL,null,null),
(62, '11856515', NULL, NULL, 'BRIONES', NULL,null,null),
(63, '13246650', NULL, NULL, 'ALARCON', NULL,null,null),
(64, '13266867', 'phinojosamoya@gmail.com', NULL, 'HINOJOSA', NULL,null,null),
(65, '15542890', 'angelalopez1983@gmail.com', NULL, 'LOPEZ', NULL,null,null),
(66, '14093607', 'juan.carrasconavarrete@gmail.com', NULL, 'CARRASCO', NULL,null,null),
(67, '12743947', 'campanasevilla18702@gmail.com', NULL, 'HERRERA', NULL,null,null),
(68, '13288732', 'janrry_02@hotmail.com', NULL, 'JARA', NULL,null,null),
(69, '17227959', 'exequiel.r.c.28@gmail.com', NULL, 'RIQUELME', NULL,null,null),
(70, '16995684', 'katherinecolladotapia@gmail.com', NULL, 'COLLADO', NULL,null,null),
(71, '13129027', 'yohanaydc1976@gmail.com', NULL, 'QUEZADA', NULL,null,null),
(72, '10593942', 'paulinda_06@hotmail.com', NULL, 'GALLARDO', NULL,null,null),
(73, '17839100', 'jorge.as@outlook.cl', NULL, 'ARAYA', NULL,null,null),
(74, '9223531', 'merycristy777@hotmail.cl', NULL, 'CONTRERAS', NULL,null,null),
(75, '15375451', 'muriel.viajando@gmail.com', NULL, 'SAAVEDRA', NULL,null,null),
(76, '18662836', 'yandry_chinita@hotmail.com', NULL, 'TORRES', NULL,null,null),
(77, '15587948', 'jaquer430@gmail.com', NULL, 'REYES', NULL,null,null),
(78, '16693175', 'montecinogarridomaria@hotmail.com', NULL, 'MONTECINO', NULL,null,null),
(79, '17062608', 'nachitorojas1994@gmail.com', NULL, 'FUENTEALBA', NULL,null,null),
(80, '12474897', 'janinagarrido@hotmail.com', NULL, 'GARRIDO', NULL,null,null),
(81, '16901393', 'katty.88.25@gmail.com', NULL, 'CISTERNA', NULL,null,null),
(82, '13701162', 'alejandra_sp@hotmail.es', NULL, 'SOTO', NULL,null,null),
(83, '8575978', 'gloriavilcheshermosilla@gmail.com', NULL, 'VILCHES', NULL,null,null),
(84, '25500137', 'anverde_21@hotmail.com', NULL, 'VERDE', NULL,null,null),
(85, '9990921', 'veronicaestelamedina1@gmail.com', NULL, 'MEDINA', NULL,null,null),
(86, '15901238', 'cristian.inostroza.ian@gmail.com', NULL, 'INOSTROZA', NULL,null,null),
(87, '14182828', 'eduardogz2012@gmail.com', NULL, 'RIQUELME', NULL,null,null),
(88, '5024033', 'monsterxd510@gmail.com', NULL, 'CABEZA', NULL,null,null),
(89, '16724786', 'franciscamartinez235@gmail.com', NULL, 'MARTINEZ', NULL,null,null),
(90, '10926729', 'sinueparraguez@gmail.com', NULL, 'PARRAGUEZ', NULL,null,null),
(91, '12579796', 'carmen.cerda.2015@gmail.com', NULL, 'CERDA', NULL,null,null),
(92, '16042349', 'naxo_xh@hotmail.com', NULL, 'HERNANDEZ', NULL,null,null),
(93, '17278412', 'contagina@hotmail.com', NULL, 'ROBLEDO', NULL,null,null),
(94, '13803432', 'noelia.grandon@hotmail.com', NULL, 'GRANDON', NULL,null,null),
(95, '7250644', 'liandmoncada@gmail.com', NULL, 'MORENO', NULL,null,null),
(96, '16546911', 'felipe.navarro.romo@hotmail.com', NULL, 'NAVARRO', NULL,null,null),
(97, '14196153', 'evelyn_solano@hotmail.es', NULL, 'SOLANO', NULL,null,null),
(98, '11665056', 'dani07vivallo@gmail.com', NULL, 'PASMIÑO', NULL,null,null),
(99, '10938135', 'trivaba69@hotmail.com', NULL, 'GONZALEZ', NULL,null,null),
(100, '8939407', NULL, NULL, 'OSES', NULL,null,null),
(101, '13490168', 'paula.rondont@gmail.com', NULL, 'RONDON', NULL,null,null),
(102, '18274135', 'andy.perez.herrera@gmail.com', NULL, 'PÉREZ', NULL,null,null),
(103, '16118029', 'colorina24@hotmail.com', NULL, 'VIVEROS', NULL,null,null),
(104, '9029787', NULL, NULL, 'INZUNZA', NULL,null,null),
(105, '13496412', 'vicentetomas.diazg@gmail.com', NULL, 'GATICA', NULL,null,null),
(106, '12283586', 'paola.fuentes.albornoz@gmail.com', NULL, 'FUENTES', NULL,null,null),
(107, '9806137', 'johanna.mezae@gmail.com', NULL, 'MEZA', NULL,null,null),
(108, '12231261', 'marce.72hernandez@gmail.com', NULL, 'HERNANDEZ', NULL,null,null),
(109, '14698729', 'lcvmontajes@hotmail.com', NULL, 'FLORES', NULL,null,null),
(110, '11883424', 'brianprogamer615@gmail.com', NULL, 'URRUTIA', NULL,null,null),
(111, '8529203', NULL, NULL, 'PEREZ', NULL,null,null),
(112, '15700877', 'hajime.nargalen@gmail.com', NULL, 'VALENZUELA', NULL,null,null),
(113, '13265314', 'antonieta.meza@hotmail.com', NULL, 'MEZA', NULL,null,null),
(114, '12859195', 'zamirgonzalezflores@gmail.com', NULL, 'FLORES', NULL,null,null),
(115, '12902627', 'clagosmontoya@gmail.com', NULL, 'LAGOS', NULL,null,null),
(116, '15949512', 'yessenia_cosita@hotmail.com', NULL, 'OLCAY', NULL,null,null),
(117, '16044205', 'cata.fran3@gmail.com', NULL, 'ALARCON', NULL,null,null),
(118, '16405957', 'osvaldo.isaacs@gmail.com', NULL, 'VALENZUELA', NULL,null,null),
(119, '16603935', 'gisselarivas06@gmail.com', NULL, 'RIVAS', NULL,null,null),
(120, '18075061', 'pamela.silvao@correoaiep.cl', NULL, 'SILVA', NULL,null,null),
(121, '13254558', 'sanchezsaez.carolina@gmail.com', NULL, 'SANCHEZ', NULL,null,null),
(122, '11524728', 'rosaibarra.d99@gmail.com', NULL, 'IBARRA', NULL,null,null),
(123, '12289756', 'tabitacanales.01@gmail.com', NULL, 'HIDALGO', NULL,null,null),
(124, '12160907', 'magnozp@gmail.com', NULL, 'ZUÑIGA', NULL,null,null),
(125, '15438476', 'karinaatonella14@gmail.com', NULL, 'SANDOVAL', NULL,null,null),
(126, '13577310', 'jimenafquiroz@gmail.com', NULL, 'QUIROZ', NULL,null,null),
(127, '11844947', 'enriqueisraelverdugovergara@gmail.com', NULL, 'VERDUGO', NULL,null,null),
(128, '11755767', 'solangemabel.42@gmail.com', NULL, 'DOMINGUEZ', NULL,null,null),
(129, '12116573', 'jael.araneda0632@gmail.com', NULL, 'GUZMÁN', NULL,null,null),
(130, '7767309', 'ymacoly@hotmail.com', NULL, 'COBIAN', NULL,null,null),
(131, '15335137', 'anglo.delacosta@gmail.com', NULL, 'DE LA COSTA', NULL,null,null),
(132, '13602577', 'jesenia0808@gmail.com', NULL, 'CID', NULL,null,null),
(133, '12143991', 'gissella_dos@hotmail.com', NULL, 'GODOY', NULL,null,null),
(134, '10154408', 'cnavarrete@py.cl', NULL, 'CANALES', NULL,null,null),
(135, '18289119', 'carolaing23@hotmail.com', NULL, 'GONZALEZ', NULL,null,null),
(136, '16547937', 'skulone@hotmail.com', NULL, 'SAEZ', NULL,null,null),
(137, '14184990', 'luismillanvargas@gmail.com', NULL, 'MILLAN', NULL,null,null),
(138, '18661274', 'juanlara152@hotmail.es', NULL, 'LARA', NULL,null,null),
(139, '16902641', 'jenniandreagg@gmail.com', NULL, 'GALAZ', NULL,null,null),
(140, '12166699', 'munozcorrea05@gmail.com', NULL, 'MUÑOZ', NULL,null,null),
(141, '17662508', 'samuel.ruiz@usach.cl', NULL, 'RUIZ', NULL,null,null),
(142, '16696350', 'jacqueline.mercado1987@gmail.com', NULL, 'MERCADO', NULL,null,null),
(143, '13290084', 'angelinafer2011@gmail.com', NULL, 'FERNANDEZ', NULL,null,null),
(144, '12735738', 'margaritafigueroaaltamirano@gmail.com', NULL, 'FIGUEROA', NULL,null,null),
(145, '14192086', 'nachoallisoncolo@gmail.com', NULL, 'SEPULVEDA', NULL,null,null),
(146, '12910204', 'paredes.marilet1975@gmail.com', NULL, 'PAREDES', NULL,null,null),
(147, '13912310', 'karla.goycolea@ips.gob.cl', NULL, 'GOYCOLEA', NULL,null,null),
(148, '16714080', 'r.ivette109@gmail.com', NULL, 'GUTIERREZ', NULL,null,null),
(149, '15667007', 'margaritacarolina.mm@gmail.com', NULL, 'MORALES', NULL,null,null),
(150, '16041812', 'pricillasanhueza@gmail.com', NULL, 'SANHUEZA', NULL,null,null),
(151, '10810953', 'torresmaximo896@gmail.com', NULL, 'TORRES', NULL,null,null),
(152, '150000001', 'amarilysmaria8@gmail.com', NULL, 'PEREZ', NULL,null,null),
(153, '13694451', 'angelita13140@hotmail.com', NULL, 'GONZALEZ', NULL,null,null),
(154, '15259958', 'jenny.penailillo@gmail.com', NULL, 'PEÑAILILLO', NULL,null,null),
(155, '16150718', 'martavial@gmail.com', NULL, 'HENRIQUEZ', NULL,null,null),
(156, '16901492', 'jennifergatica54@gmail.com', NULL, 'GATICA', NULL,null,null),
(157, '16710821', 'yeru_2909@hotmail.com', NULL, 'VERA', NULL,null,null),
(158, '11167714', 'tantatianaolave@gmail.com', NULL, 'OLAVE', NULL,null,null),
(159, '21104503', 'diazolivaresjulieta@gmail.com', NULL, 'DIAZ', NULL,null,null),
(160, '13299147', 'quezadafamilia41@gmail.com', NULL, 'QUEZADA', NULL,null,null),
(161, '15658469', 'pedroale@live.cl', NULL, 'CONTRERAS', NULL,null,null),
(162, '14194917', 'katherine.quiroz@bci.cl', NULL, 'QUIROZ', NULL,null,null),
(163, '15537347', 'melissa.y.gonzalez1984@gmail.com', NULL, 'YAÑEZ', NULL,null,null),
(164, '14169982', 'gigonzalb@gmail.com', NULL, 'GONZALEZ', NULL,null,null),
(165, '13835635', 'venessa.reyes@sip.cl', NULL, 'CASTILLO', NULL,null,null),
(166, '15447975', 'ezereli.jara@hotmail.com', NULL, 'JARA', NULL,null,null),
(167, '14318248', 'cathy.ibarra.rojas@gmail.com', NULL, 'IBARRA', NULL,null,null),
(168, '24701034', 'esther20@hmail.com', NULL, 'VINCENT', NULL,null,null),
(169, '12860689', 'myriancarol@hotmail.com', NULL, 'NUÑEZ', NULL,null,null),
(170, '16218835', 'miguel.cifuentes.saez@gmail.com', NULL, 'CIFUENTES', NULL,null,null),
(171, '10599713', 'alvardo.ruben196@gmail.com', NULL, 'ALVARADO', NULL,null,null),
(172, '13703811', 'cata_seba_pably@hotmail.com', NULL, 'BARRIGA', NULL,null,null),
(173, '20559212', 'barbara.mallanes@hotmail.es', NULL, 'MALLANES', NULL,null,null),
(174, '10382370', 'floradriana123@gmail.com', NULL, 'GONZALEZ', NULL,null,null),
(175, '16357726', 'lealk177@gmail.com', NULL, 'LEAL', NULL,null,null),
(176, '12658336', 'mdsc73@gmail.com', NULL, 'AHUMADA', NULL,null,null),
(177, '19188470', 'betzaandgrace@gmail.com', NULL, 'MÁRQUEZ', NULL,null,null),
(178, '16986121', 'rodrigosilva027@gmail.com', NULL, 'HERRERA', NULL,null,null),
(179, '16724546', 'j_ani_23@hotmail.cl', NULL, 'FERNANDEZ', NULL,null,null),
(180, '9776632', 'carmencitafernandez569@gmail.com', NULL, 'FERNANDEZ', NULL,null,null);



REPLACE INTO `user_rol` (`id`, `created_at`, `updated_at`, `idUser`, `idRol`) VALUES
(1,null,null, 1, 3),
(2,null,null, 2, 3),
(3,null,null, 3, 3),
(4,null,null, 4, 3),
(5,null,null, 5, 3),
(6,null,null, 6, 3),
(7,null,null, 7, 3),
(8,null,null, 8, 3),
(9,null,null, 9, 3),
(10,null,null, 10, 3),
(11,null,null, 11, 3),
(12,null,null, 12, 3),
(13,null,null, 13, 3),
(14,null,null, 14, 3),
(15,null,null, 15, 3),
(16,null,null, 16, 3),
(17,null,null, 17, 3),
(18,null,null, 18, 3),
(19,null,null, 19, 3),
(20,null,null, 20, 3),
(21,null,null, 21, 3),
(22,null,null, 22, 3),
(23,null,null, 23, 3),
(24,null,null, 24, 3),
(25,null,null, 25, 3),
(26,null,null, 26, 3),
(27,null,null, 27, 3),
(28,null,null, 28, 3),
(29,null,null, 29, 3),
(30,null,null, 30, 3),
(31,null,null, 31, 3),
(32,null,null, 32, 3),
(33,null,null, 33, 3),
(34,null,null, 34, 3),
(35,null,null, 35, 3),
(36,null,null, 36, 3),
(37,null,null, 37, 3),
(38,null,null, 38, 3),
(39,null,null, 39, 3),
(40,null,null, 40, 3),
(41,null,null, 41, 3),
(42,null,null, 42, 3),
(43,null,null, 43, 3),
(44,null,null, 44, 3),
(45,null,null, 45, 3),
(46,null,null, 46, 3),
(47,null,null, 47, 3),
(48,null,null, 48, 3),
(49,null,null, 49, 3),
(50,null,null, 50, 3),
(51,null,null, 51, 3),
(52,null,null, 52, 3),
(53,null,null, 53, 3),
(54,null,null, 54, 3),
(55,null,null, 55, 3),
(56,null,null, 56, 3),
(57,null,null, 57, 3),
(58,null,null, 58, 3),
(59,null,null, 59, 3),
(60,null,null, 60, 3),
(61,null,null, 61, 3),
(62,null,null, 62, 3),
(63,null,null, 63, 3),
(64,null,null, 64, 3),
(65,null,null, 65, 3),
(66,null,null, 66, 3),
(67,null,null, 67, 3),
(68,null,null, 68, 3),
(69,null,null, 69, 3),
(70,null,null, 70, 3),
(71,null,null, 71, 3),
(72,null,null, 72, 3),
(73,null,null, 73, 3),
(74,null,null, 74, 3),
(75,null,null, 75, 3),
(76,null,null, 76, 3),
(77,null,null, 77, 3),
(78,null,null, 78, 3),
(79,null,null, 79, 3),
(80,null,null, 80, 3),
(81,null,null, 81, 3),
(82,null,null, 82, 3),
(83,null,null, 83, 3),
(84,null,null, 84, 3),
(85,null,null, 85, 3),
(86,null,null, 86, 3),
(87,null,null, 87, 3),
(88,null,null, 88, 3),
(89,null,null, 89, 3),
(90,null,null, 90, 3),
(91,null,null, 91, 3),
(92,null,null, 92, 3),
(93,null,null, 93, 3),
(94,null,null, 94, 3),
(95,null,null, 95, 3),
(96,null,null, 96, 3),
(97,null,null, 97, 3),
(98,null,null, 98, 3),
(99,null,null, 99, 3),
(100,null,null, 100, 3),
(101,null,null, 101, 3),
(102,null,null, 102, 3),
(103,null,null, 103, 3),
(104,null,null, 104, 3),
(105,null,null, 105, 3),
(106,null,null, 106, 3),
(107,null,null, 107, 3),
(108,null,null, 108, 3),
(109,null,null, 109, 3),
(110,null,null, 110, 3),
(111,null,null, 111, 3),
(112,null,null, 112, 3),
(113,null,null, 113, 3),
(114,null,null, 114, 3),
(115,null,null, 115, 3),
(116,null,null, 116, 3),
(117,null,null, 117, 3),
(118,null,null, 118, 3),
(119,null,null, 119, 3),
(120,null,null, 120, 3),
(121,null,null, 121, 3),
(122,null,null, 122, 3),
(123,null,null, 123, 3),
(124,null,null, 124, 3),
(125,null,null, 125, 3),
(126,null,null, 126, 3),
(127,null,null, 127, 3),
(128,null,null, 128, 3),
(129,null,null, 129, 3),
(130,null,null, 130, 3),
(131,null,null, 131, 3),
(132,null,null, 132, 3),
(133,null,null, 133, 3),
(134,null,null, 134, 3),
(135,null,null, 135, 3),
(136,null,null, 136, 3),
(137,null,null, 137, 3),
(138,null,null, 138, 3),
(139,null,null, 139, 3),
(140,null,null, 140, 3),
(141,null,null, 141, 3),
(142,null,null, 142, 3),
(143,null,null, 143, 3),
(144,null,null, 144, 3),
(145,null,null, 145, 3),
(146,null,null, 146, 3),
(147,null,null, 147, 3),
(148,null,null, 148, 3),
(149,null,null, 149, 3),
(150,null,null, 150, 3),
(151,null,null, 151, 3),
(152,null,null, 152, 3),
(153,null,null, 153, 3),
(154,null,null, 154, 3),
(155,null,null, 155, 3),
(156,null,null, 156, 3),
(157,null,null, 157, 3),
(158,null,null, 158, 3),
(159,null,null, 159, 3),
(160,null,null, 160, 3),
(161,null,null, 161, 3),
(162,null,null, 162, 3),
(163,null,null, 163, 3),
(164,null,null, 164, 3),
(165,null,null, 165, 3),
(166,null,null, 166, 3),
(167,null,null, 167, 3),
(168,null,null, 168, 3),
(169,null,null, 169, 3),
(170,null,null, 170, 3),
(171,null,null, 171, 3),
(172,null,null, 172, 3),
(173,null,null, 173, 3),
(174,null,null, 174, 3),
(175,null,null, 175, 3),
(176,null,null, 176, 3),
(177,null,null, 177, 3),
(178,null,null, 178, 3),
(179,null,null, 179, 3),
(180,null,null, 180, 3);


SET GLOBAL FOREIGN_KEY_CHECKS=1;