SET GLOBAL FOREIGN_KEY_CHECKS=0;

REPLACE INTO `users` (`id`, `name`, `email`, `email_verified_at`, `password`, `remember_token`, `created_at`, `updated_at`) VALUES
(1, '19634616', 'ahsley.stephanie@gmail.com', NULL, '$2a$04$6kRdnmjGkY1Q7P.qlgDOV.qZgsJZGGoMpMZKZYwGVvd96s/Gf2Qm.', 'wgqWfZUuuTMSMv9bc6QkDgHQwlgwkvMkrvH8C1HqMQdTLbvdUJAjVc1NESVZ', NULL, '2018-09-27 09:11:22'),
(2, '21314219', 'polyarte@live.cl', NULL, '$2y$10$/b9UZZFJ4y.tSz0xEumUjueYwIA8xUoAHLz0JtMe06rXOkHZvww0a', 'a3OSgMZ5EtMeIiyNpULqa0cjns9Z0RA6RPf6265uNyICJrw6I4W7fgysyU8M', NULL, '2018-09-27 09:11:22'),
(3, '15539377', 'anymejias@gmail.com', NULL, '$2y$10$KySi/NcE6TbxEG383Vdj/unMD4AsV0i99ZFKXlZZjcCWHuMOP9xBu', '8oMKyjqNIC7uRIBJ0VT0C6IHNDDlkKKcMHHIfKwc9LLD7BYrrga77umXWJqo', NULL, '2018-09-27 09:11:22'),
(4, '12355556', 'pavipabe@gmail.com', NULL, '$2y$10$WKqxku3Q005LqLGClphhJeteVMn2iN64ct2Yu9rCcaXPTKiSF5p8W', 'QvuLkvjk8ucsB2eto5CUvvYUxQgV9kTckTe4RRXeL5tT6BehFQcihxnh4pMq', NULL, '2018-09-27 09:11:22'),
(5, '12132149', 'alizon_diaz@hotmail.com', NULL, '$2y$10$xmIQQ3I/RFyPDINfK8ZFGODSphpJu63f.efJwIhr5fXcr4f1M78Dq', NULL, NULL, '2018-09-27 09:11:22'),
(6, '15889909', 'alremo24@gmail.com', NULL, '$2y$10$rLLsW7vGtsfMaW8.4vY0numy85kpko0S1M1g50GryOLsHFJF01NSe', 'Rqi8SW9ec3pyWhzySGeDcLXrEzuO6Nu3Zif3ziJuWqdA61tmRDQSgLCM61sL', NULL, '2018-09-27 09:11:22'),
(7, '12640850', 'csantander@sename.cl', NULL, '$2y$10$9Dy8dUmw7ZxSTvqr5cIcZeT8YGGyLwg08ZnCjBkPyT4ZJ5XyOvTLq', NULL, NULL, '2018-09-27 09:11:22'),
(8, '12902176', 'giovannasanchez03@hotmail.com', NULL, '$2y$10$kENeWbLrvoOv0wzLGYdUreSo/a84xUSRkUu2JUgsXipyV35FhBGOe', NULL, NULL, '2018-09-27 09:11:22'),
(9, '15450322', 'perezarteagamariadelosangeles@gmail.com', NULL, '$2y$10$Ak8zmMHMvrjb5LJkx3nnZewJd8SXA3MoELywVbPaP3pYXz0hJ/O26', '0FTp4j6lIq5QkdlJCIbMybx215gPuoCUX8ZcGBc60iE83TIztBhwMTsOsiFH', NULL, '2018-09-27 09:11:22'),
(10, '13711952', 'cherie-16@live.com', NULL, '$2y$10$3VxGpQFpaZn5WGV4k3O2bOs6tDmtu6yFYDtIvHH8YrJX5FrxA/Aa.', 'g4rGw1usp1YaB0ljVaGINHReH7GexRBdbONDBCgpTtK9jMEoJ2PYzPYXpKkr', NULL, '2018-09-27 09:11:22'),
(11, '13080009', 'familiamezadiaz@gmail.com', NULL, '$2y$10$brKHa.XJjfEIuRBdLZlCO.ww0G45cmybDr0l/YcyStzSUjU.SxXea', 'sqajqff4JvDSgRRbhx9cNhIM4ZNPNa5jFWhqoNDszBuQmT1XUXjAsm4xBDov', NULL, '2018-09-27 09:11:23'),
(12, '15928234', 'elyvega32@gmail.com', NULL, '$2y$10$NRw7bwStcI3gqYe5iV3bleGwcDKg4a5fjdC/LgBKwTTVz8wyP3nb.', 'OybUsYjzUgTIia10dkaOGchPJlQuwavtzGrcDNxpt4M8fCaHgIm5g2WJW3u8', NULL, '2018-09-27 09:11:23'),
(13, '14150056', 'yeyita.villa281280@gmail.com', NULL, '$2y$10$e6DvghCQKx5jafjU5jxl/eshLb2htjtiz4bnf360VcL3Qje6OGxgu', 'K9DVOzkywUnlL2ysGgD6SKDQAE17wFVqhS4yHLM7mwyJBZE51UQfosRjPQVg', NULL, '2018-09-27 09:11:23'),
(14, '15386008', 'dannaestefanny@gmail.com', NULL, '$2y$10$lARSyXUFjP2J8L5T/CVc1Oy.BAPKjCnhkWy/uWVpv7wzTIGo4D94i', NULL, NULL, '2018-09-27 09:11:23'),
(15, '11914312', 'karina.c.fhl@gmail.com', NULL, '$2y$10$9PgI395vE4lubQGfQhiDUOVAMqBPNsiomvYNmZCgEbCwS8GmnZEhS', '5bK7EhmKHptx3VrUKAk0TZ8EyQDHqsalZKkgXRtxaxPMuljGH6Ya8wWwnhmA', NULL, '2018-09-27 09:11:23'),
(16, '11164264', 'sonyseverino.m@gmail.com', NULL, '$2y$10$cN4uVXFwkWiHD.axy4mNxeqWN/thTmtNYvA1JvKXA4tYR8bidTlMm', 's4YVeUITW7qLd98k8QWT3prrvbZfXFtu8pP5p4dNyhT3THXvxkWftYlu1k4l', NULL, '2018-09-27 09:11:23'),
(17, '11338074', 'cmolivarplalma@gmail.com', NULL, '$2y$10$o9cSqiUJjKMItsykMEJqruYm7ojcG32M82yZO3KwFwz2arPpVLspK', 'Hd4KEo2kG1RB52ZbJfWeeWVRNhoWRWvKoNJKC870suMmcLV6JJDnS6ZSkjKZ', NULL, '2018-09-27 09:11:23'),
(18, '12828550', 'lucia.ivonne.lagos@gmail.com', NULL, '$2y$10$u9ukKY9Ds0hGOSwhQrgd0egzRN6t1KTZUOsSWJPwrn6sGd5YX6Oam', NULL, NULL, '2018-09-27 09:11:23'),
(19, '18073679', 'patojramirezt@hotmail.com', NULL, '$2y$10$plJNo200Gkp30DT7uJs6NebeIs9rP7Y9FU8gvqZk.i94WFFQQafOm', NULL, NULL, '2018-09-27 09:11:23'),
(20, '11870594', 'manuel.allman@gmail.com', NULL, '$2y$10$qhr8eV.pTY6M24MyZEvcm.PvhAfzYSAmh2oUy5hkK3c4YC6Csj3im', 'yqiKXvGnLJS8qZwDlePgqNK115Dd4QTzBya3VHRuVKRHLHN9jEbytA2LtFAW', NULL, '2018-09-27 09:11:23'),
(21, '13715571', 'cestarosaparvulo@gmail.com', NULL, '$2y$10$sy5FNCtNKDA7hTNKnXl31OuQBuCcZr4ihpHdpXdXLnCqwX36Sgdo2', 'f3usPp1BdTTstg6deDY8twC0IQ4Q6HUjZZfrlslKRPCMKhnlVWUCLUeFDawk', NULL, '2018-09-27 09:11:23'),
(22, '14561482', 'l.nahuelpanmellado@gmail.com', NULL, '$2y$10$7YXkFm6zcCXbteYA.D2VJ.281YrfHn3TVF1csy2ZzL5OOk/aA.h3a', 'PVCtiEJ4cflruom0lFqN5pCVgdPdEFfgAGNkt0o5J7osWqefiYTTIS41OP1o', NULL, '2018-09-27 09:11:23'),
(23, '13494441', 'edinsongatica@hotmail.com', NULL, '$2y$10$mC1Gal0ntlxm/jqYaA1FCuOzn4hJLEXKHkfjS3GokdhpOXnuxhIPa', 'KmgVZkrdEKBqBkaQIel0NbVddDig1ej4V4HIcFZse7XwohtPbLsJzmeRV30B', NULL, '2018-09-27 09:11:24'),
(24, '14232999', 'patovega8240@gmail.com', NULL, '$2y$10$iXJ0Avuh3jKC/BewKRZ.juOiEKb1y4m950zuQ0SXVt.ymT3vTFfWS', 'PNFR8QhicSaTiTnQZfU0R9Je0Q5LhrAqajc9qjPnDhoAFrmoblN3fhV9b3m1', NULL, '2018-09-27 09:11:24'),
(25, '15319975', 'zamoranosandra55@gmail.com', NULL, '$2y$10$iPdzAus.aAFO9EitOMqVNu5HWZezxlbtC666CSmYFNiVcSinkxfOO', '8DV18X82AB327cvMRS4f11wgnxxCnvYE8Y614kaP70sRr9l1EjP6UXdKNIRF', NULL, '2018-09-27 09:11:24'),
(26, '15319976', 'cristobal.vistoso@gmail.com', NULL, '$2y$10$eVLnWKRLVTqNSUpUP1iW9ejwein3P9kA7t9MKGpu8zXmNGcaXSgSO', 'UZrvdA9RguNnO9XTjOFwPEZBbVYcdccTATb9831aDjkhX5X27Mk7991tGbzl', NULL, '2018-09-27 09:11:24'),
(27, '10629459', 'lore@gmail.com', NULL, '$2y$10$8Tk6TpzNWBeq.qbFvXqxNusuEn0LiWaQhn18GoVMVJ5fdQHer8dJC', NULL, NULL, '2018-09-27 09:11:24'),
(28, '15957994', 'javitoblindado7@gmail.com', NULL, '$2y$10$/Vw9Pd3ObrE9pvHPgqgIaOwyR48AcIyOW9.xs6TzrpyPgW9uLCUE.', 'tGJ8N8ZsXe5703GfHUAM0CG6veM7ZZOGG4gJxFplTH7nESosajUX7vREiSL8', NULL, '2018-09-27 09:11:24'),
(29, '10988458', 'ruthsalas2626@gmail.com', NULL, '$2y$10$/hhAbPkpQdAt0FyzGPS9Ye8zWtWYJ3Ih9Yxg8o6QOk.ni4g628kuC', 'JY6hBvibv3YkALKityTO9eNSx16gyWfH3vcIxyIda6OXR0QHYsDITff9xJwe', NULL, '2018-09-27 09:11:24'),
(30, '13940168', 'martitaolivera75@gmail.com', NULL, '$2y$10$vrMxn8JnCu6XtwyO69lTzeLO8R9pr/HSvrKdUuFLpRbaQg3k0Hbby', 'C5zBlLOJFzzocRE5SawIMcliXtwpYHVuuso6dVP6pACei62q4YsNrtvivdax', NULL, '2018-09-27 09:11:24'),
(31, '13469696', 'c.matus.d@gmail.com', NULL, '$2y$10$jKNp7SR.rjHXFieuGLMgX.zU5CiUzez63v2DBmytBsi5A0kGp2W36', 'xSkfJxnzDj2GJ9fHvhRkK62Qk3dUvCxUV0AIsoMXZx5JCWYueJxIKtj2p1gP', NULL, '2018-09-27 09:11:24'),
(32, '15443756', 'emilia.renata.fuentes@gmail.com', NULL, '$2y$10$zs5UezVDDsqbp2LCt1ykuOJrDr/WaI3boLZ9mXpSXWRM9Dl3wXRGm', '9R3eJGYIWuDQil5qSWZgvcEuyTzBX9b02WUfnupIbUMcvy9Ia4iIBiJHjC6l', NULL, '2018-09-27 09:11:24'),
(33, '15623550', 'victorvidalcastillo@gmail.com', NULL, '$2y$10$gg.X.8dV3LV1/NhzfhUjj.IJXM5CcFmNntJR/AEmsQ3aJ6vrLC8bO', '1WlHOJ6B7ktz1v4OwFYPmJRCXsZUG1HO1fj5qnQM8g6YlYugsM2WmLYVX0ch', NULL, '2018-09-27 09:11:24'),
(34, '15443082', 'carolinaandreabarrera@gmail.com', NULL, '$2y$10$6OLaS7TZa3yDO6zYPteVv.9rE/lNCELloV/QtRVbxfECYKisaId0C', 'miy99S549iXXM1M9lG9Mcvo33piXV7Q6VHSkNiYteMxgxMzs8wagtRrX5fig', NULL, '2018-09-27 09:11:24'),
(36, '15436464', 'confeccionesallys@gmail.com', NULL, '$2y$10$yhRj9i2VBXB41LPaYQOoueWBZOWWdTB5K0/Pd2/aMbDOTm3x6cxj.', 'PLsb3YrF2jmFCAcsDbqdf1KAZ5DUROo9URQJYLC15Fb4hIbK5oQk56sAGlhp', NULL, '2018-09-27 09:11:24'),
(37, '13586579', 'ely.g.torres@gmail.com', NULL, '$2y$10$HK6cRP1PHdzjO/uQvLUOtuA1UB7fL6R04BTa/xyUq8qS5FOvlP4qC', NULL, NULL, '2018-09-27 09:11:25'),
(38, '15348977', 'm.herrerav@yahoo.com', NULL, '$2y$10$tQ4vKvMcD7Km/BeSNPX6JOvyszJ6WvHYUW1W2AX0Ibqhr6MprQXdO', 'eapHC5wOyifD2NfT8s7TBQRuxx8EoazmAHkkunngIJk4bpT9hM52hYSYyxsC', NULL, '2018-09-27 09:11:25'),
(39, '12472691', 'chamorro_mary1998@hotmail.com', NULL, '$2y$10$NeYYdl187ud1oTls8ef4nuPqHIwhwgI1B7VmyJqFZnqRkiRb/FcAS', 'zSJktaWtm5clc6ghgMbSEFtQjZQoBJrZXk6BqwMJriJrv38zktU9opYjGVfH', NULL, '2018-09-27 09:11:25'),
(40, '13940395', 'floresjenny564@gmail.com', NULL, '$2y$10$eQtNGXCAh8wkL4pgIbXbhu8dsL4qjAgux/hV7cWO0vfVM.ORZzK0m', NULL, NULL, '2018-09-27 09:11:25'),
(41, '16256432', 'lucialemu@gmail.com', NULL, '$2y$10$PE6qmBfH0v3hafBq/T4fh.JWdyASwPedEr1VmOetlGlW9URpFrk5i', 'OJ4c63fshYAiDDG5vYj9mSkB8HiIreduIFn6rGsgGUUJBRQpLfA4bwSTVSr7', NULL, '2018-09-27 09:11:25'),
(42, '15919617', 'cotetita_linda25@hotmail.com', NULL, '$2y$10$tiwjA9XdeO5sRTEIghRO5uy24zy4z0h4Us5RsULIl/wR3HXBq2EpG', NULL, NULL, '2018-09-27 09:11:25'),
(43, '17118568', 'pato.inostroza@gmail.com', NULL, '$2y$10$bCrA9OhPVoyDN6i2r8s3w.uJ0d5fGyz1/2cCFEvXQRxl4tGvOY6Ye', '9Dq86LTKdcoPUkg0aYVY3vI7RzY65yzZl5z2Q81QTyZWiuptZZhHmquITV3f', NULL, '2018-09-27 09:11:25'),
(44, '15833654', 'camposcarolina@gmail.com', NULL, '$2y$10$f1TIcROK9U1CKIujSSDuTu7PCRizhpLz/KTu9JtU94Ym6BG7eSUfK', NULL, NULL, '2018-09-27 09:11:25'),
(45, '15730279', 'r.caroladonoso@gmail.com', NULL, '$2y$10$DEB3Vnm2KlKMT2EdOnLgWOLAUmUW2JiDZHRz3MkF0W6KXI6vCNQsu', 'XzS19jr3xzZMNpEp2XXAhjDWG13GdW5w5tD7yraZa9e8UPTs9HYdi10QZX8A', NULL, '2018-09-27 09:11:25'),
(46, '6388989', 'ensilva@pjud.cl', NULL, '$2y$10$XZoCc6ec.LPR88reHnIQzeoiR/mfOZOX.ywAxLg7WxH51Mf7/.TU6', NULL, NULL, '2018-09-27 09:11:25'),
(47, '10747548', 'angelica.rojas@mamutchile.cl', NULL, '$2y$10$x/MgcWcVYlVGLxzmmj2.DejNMsPeBkktc3ZAZg6BfDiMXHkVSRKIS', 'DlgtXSCCj7dhZeFsfMtaJJbaB0viIHK6D7zI8LSRIvVlAbIRPeQBcnkwYkid', NULL, '2018-09-27 09:11:25'),
(48, '16265554', 'marcia.olate315@gmail.com', NULL, '$2y$10$jFH.EYbYV2I.5KSIsZAU6e5OpFB9NrYSSDoUeQ2HCO7dtXs3Pvzam', '7gHI7T7nQcZb6Zq8ScpYLUMUMLoQvi4nWwHhd3RXgdOY57rrnqYfUcyXfJgN', NULL, '2018-09-27 09:11:25'),
(49, '13722922', 'ivettepeldoza@hotmail.com', NULL, '$2y$10$fkbr08ZtqKs1ymHnxbbf.enlv1MPJiYNl3I./oD6.UJCqI1bEhiB.', 'lv2Vc36OebOFYJ0nVggwWVadsCyEm9YrikYH2ZBcRnFt54JKIzYc8w3bAcKa', NULL, '2018-09-27 09:11:25'),
(50, '14340608', 'maria.kcm@hotmail.com', NULL, '$2y$10$Jh2/mMt2GjfUzCCLSHp2Le2zytWxxp9AA.1Riu8TEuyw8YWDNvOsq', NULL, NULL, '2018-09-27 09:11:26'),
(51, '13293927', 'pamela_alarcon30@hotmail.es', NULL, '$2y$10$UcFB6weVl7dGb8lchlGnD.646R456JX9iJnk1RYGG8G20AFwUM7ZS', NULL, NULL, '2018-09-27 09:11:26'),
(52, '17534997', 'adbarrera0404@gmail.com', NULL, '$2y$10$SvUNuNAOiL8BEfEQyHFLb.vPDmAdVLKp5eOehdRqxHD88z6bK6mA6', 'boXclC8V5vpN9QtWbL86H4DRhmfBwgUe8sa3hbYl6OR9USyvpocKRVs5Pijt', NULL, '2018-09-27 09:11:26'),
(53, '12793413', 'siemprelamisma1@hotmail.com', NULL, '$2y$10$RbAutuEl2B4w.XKk9ZEJpO5pRuraypv04e0XsXk0QLh18623q5NuO', 'zQRjO3CJGHEuPiPool263KE4xlFvNEU6P4nkvRkczNxEPh1dr3zFBfnDvAfm', NULL, '2018-09-27 09:11:26'),
(54, '14251823', 'marcosgomez.a7@gmail.com', NULL, '$2y$10$9vtfPbI8HSljcstMUO7ybuie89OyYkoji2lsc2Sj36wZt8IQUtXUG', 'KpgUKzxfykGGpG89f9rB8x5qeuMiePbTwuQLXOA1PUHR3UTeQjGzFJBi0OzZ', NULL, '2018-09-27 09:11:26'),
(55, '11994078', 'fygservicios@gmail.com', NULL, '$2y$10$i4eW37c5e7hG4wZmG1ozBeFIjfK8VetwoD6wT73Y3PvOFTxsN1gRO', 'c9OoQdsW1rLHFo44r55oa8lGWD5Nw3hCfoXgwMgcvgHoJzt4wQ3kY8ZN8Xdt', NULL, '2018-09-27 09:11:26'),
(56, '10742771', 'carlosroberto_lorca@hotmail.com', NULL, '$2y$10$oKFGZDt68sreRbWbjfgRQubfj2k5zGsJEkiSgwc/lvUdba/pJbS7G', '2cn1jmiYLjI5uDsawBb40lL5VvIU4cMi2kMBngokR9LtMQRHyJXGaCf9zgvg', NULL, '2018-09-27 09:11:26'),
(57, '11275990', 'crisii1968@gmail.com', NULL, '$2y$10$dEg7zg.7e2V/usOQt.nbeu2Zv.rV7ebnLHWC.mFz.L.g..A/F6pxS', 'Tr1Bvm9Vcz8fNtn2JUbxgo5wmPHHVdCX1khlG2D6lnDCbp77LNk3ympWjUoW', NULL, '2018-09-27 09:11:26'),
(58, '12283315', 'aamg@live.cl', NULL, '$2y$10$wJa8GCyRvOXrYh0ysXwGAuMFcdr9EJTYtheoyYdtkW0btxTxCfUOe', NULL, NULL, '2018-09-27 09:11:26'),
(59, '13276752', 'avaldiviam@gmail.com', NULL, '$2y$10$RDD1AYfqTB84EGy5ZS7Z/.Q5YdHs1cW.ldUjkDiJTFVcbZoVsNdPG', 'qE8BjjHUla1rPq5prUXPvkE1a0mwbyChplWk6AEtFsUFV1tHpdwgmtYelKtb', NULL, '2018-09-27 09:11:26'),
(60, '14044613', 'rromerofundacion@gmail.com', NULL, '$2y$10$3jxKOehswfXLHtSZVQMYluIGNGoGxgIxFLxGMyeL34aRfqmvZ1Jju', 'XDav39WypraG6SrkWRhObeyyP3CL0l88mHLBK6mwQsOA88eEV2OeFGthIg80', NULL, '2018-09-27 09:11:26'),
(61, '17001695', 'julia.morales.a@gmail.com', NULL, '$2y$10$zEAQZONl1P2Xew3Ji/IwUu7klDNueZaaMHgUQTffRCG6buqeeyHN.', '4BxZ1kC1dWMW6vPI7ZJyRdPgyykDYOchrDqMHxuHKRcNlgcrnHY5wtNiIIKz', NULL, '2018-09-27 09:11:26'),
(64, '13266867', 'phinojosamoya@gmail.com', NULL, '$2y$10$GospSKRfrTCoieXLYr1Ak.4NWvQJrwnANwemt.zIjIylRqUWXKJ/y', NULL, NULL, '2018-09-27 09:11:27'),
(65, '15542890', 'angelalopez1983@gmail.com', NULL, '$2y$10$rI5DPJfYiS23qa6RkYTzJeaB5mrXpuIWj/Yy2wmfr3nvwXyuwVJSa', 'JzK7ls7Sbt2JOq2iYb9rb7L4zADZGt7kDSXQTBBqYqaDBagcsCiXjutcnLsm', NULL, '2018-09-27 09:11:27'),
(66, '14093607', 'juan.carrasconavarrete@gmail.com', NULL, '$2y$10$ta7bY2mSPFJJ.stX.IMF/.sXT3M/cHA4HCGLkiYGif6DutxcqpiQS', NULL, NULL, '2018-09-27 09:11:27'),
(67, '12743947', 'campanasevilla18702@gmail.com', NULL, '$2y$10$X6j1gT6FTYLOERFKoEkZz.ud7WMl6elARPDk/z/eqPji2LOzDz7CC', NULL, NULL, '2018-09-27 09:11:27'),
(68, '13288732', 'janrry_02@hotmail.com', NULL, '$2y$10$qFjz8aYmBw/nfD/4xCSRyOtRGvzlQ1gDT8nraPDXa5Avn8gS7L4d6', NULL, NULL, '2018-09-27 09:11:27'),
(69, '17227959', 'exequiel.r.c.28@gmail.com', NULL, '$2y$10$rdR6wr3.ZNLK7ycHMTOTdOkSLsQkqKRwVvNlPro69j41oFMnH.XSC', 'NRJTPmagmgqbse5IXEbiFRn6uSevvqxgC9bwLY8ypASVzobECosev1H0rlx7', NULL, '2018-09-27 09:11:27'),
(70, '16995684', 'katherinecolladotapia@gmail.com', NULL, '$2y$10$KGWljB048nTxenqWD2SFUeh22Qp4QTpnzmcyKUNHGKqK6I4Q5MqeC', 'DnM6ImA44A3iuIeUycXJyBp3QbiOAZ1U5OXHtiy8mOE6wluG8UQjpUGcl1DN', NULL, '2018-09-27 09:11:27'),
(71, '13129027', 'yohanaydc1976@gmail.com', NULL, '$2y$10$PJMsjblD6nAtCh4rW32CqeKs3xkNOeCDySSBA4IUQMG7CdnGO.OXm', 'rgTekTp3HIxlEqp2n6dciBI4J7L1jf3nAONyl1xsIKHYughnwXyrm2TbNS0o', NULL, '2018-09-27 09:11:27'),
(72, '10593942', 'paulinda_06@hotmail.com', NULL, '$2y$10$3qJJuWR138.vHwfVqE6AyeTFYavAgRQZkOY0j6L.z2ECkQD7d3fV6', '1sY8lX1mVEbLAl2vyKVUD8iGOD31v0BeF8m3zxZU9CKAanTuwR1q2gySL6ap', NULL, '2018-09-27 09:11:27'),
(73, '17839100', 'jorge.as@outlook.cl', NULL, '$2y$10$BYHa.daJfiD6ZtzpyZa5q.n8tkIM0Xu5Cia.rOvKSuTf0FhaUyiba', NULL, NULL, '2018-09-27 09:11:27'),
(74, '9223531', 'merycristy777@hotmail.cl', NULL, '$2y$10$8zTvKI1OHc2rjgC/i8wlLu5UeW9u4RVcqaCtTI.1aXnAT7bjbfrC2', NULL, NULL, '2018-09-27 09:11:27'),
(75, '15375451', 'muriel.viajando@gmail.com', NULL, '$2y$10$jfTUr5FevUH82bdmLsLYkeYrlk.2JVwSfIW45xjjE2wIqIp.ytyHm', 'aT2aegqrU4oVbaxPXUer51IIPSSPuFwN1Ey0lLw5uB88JBJ6Tnc5sGdIWxQQ', NULL, '2018-09-27 09:11:27'),
(76, '18662836', 'yandry_chinita@hotmail.com', NULL, '$2y$10$Y6FWUHmoZKZ8wCcbrUQ88e2m8a4J28QEMk1ENSBUj5mVYvJ9TQWra', 'MBFcN8CLIONH7paQ29RDQTNm9TPisoB9i2qbPlW7KxOHdJyW33cyuIphl9jo', NULL, '2018-09-27 09:11:27'),
(77, '15587948', 'jaquer430@gmail.com', NULL, '$2y$10$QZIamSwNaE5TaOOyGyvgDupGdKdnvXUkbticsBmHCFz.qg5g3i71m', 'uYOLSB4N6uPAomFfBtiO9Tw9HDKIuygfPGGC9v1Oq2YWxpZYrjAR40zexq5p', NULL, '2018-09-27 09:11:28'),
(78, '16693175', 'montecinogarridomaria@hotmail.com', NULL, '$2y$10$rg3moniSVF849PKqdv6osuAqdUeia7fkICWi5WgGw/FfSlCUwvBdG', NULL, NULL, '2018-09-27 09:11:28'),
(79, '17062608', 'nachitorojas1994@gmail.com', NULL, '$2y$10$BTzguugt.4lHncDftZLR5.PognzVMhyxCUI9OuyUjKGb.Xp96Guia', NULL, NULL, '2018-09-27 09:11:28'),
(80, '12474897', 'janinagarrido@hotmail.com', NULL, '$2y$10$HhtGZGBnK2C607907ga8K.hY99Xdqdw2Nm6TNGAxSOBEOwJ8IHEXm', '5qIzfoIwtbqlx5qNzEGVl3qBXvllWXipdnlr5eYeWwWLh188MVxeBx6u1NEd', NULL, '2018-09-27 09:11:28'),
(81, '16901393', 'katty.88.25@gmail.com', NULL, '$2y$10$.wkG6jF5gQO9i9ZX4ugG3eiahdW4mz8KR75Qx1HBi6dr/1dIcujdm', 'jD9i7iYBqd863fADBawCc3lqRFQDJfhqV3uRNvhF42oDkDzeqEXGqu96Wv0k', NULL, '2018-09-27 09:11:28'),
(82, '13701162', 'alejandra_sp@hotmail.es', NULL, '$2y$10$bWMx16fo7zv1RG5jGwBb/.1IbxpM9kd4HnMcaV59nxHHA./zhhX5q', 'NdVNamxlhsIxQXTzimnKpQud3BqzGJpS4abyGna9hq61NfcwW6CtTblxjYY1', NULL, '2018-09-27 09:11:28'),
(83, '8575978', 'gloriavilcheshermosilla@gmail.com', NULL, '$2y$10$GLuMcXY8cJKy1WrEtuymYuEKJWU9gPtNm/i9yhlZfhwgn84noYrpa', NULL, NULL, '2018-09-27 09:11:28'),
(84, '25500137', 'anverde_21@hotmail.com', NULL, '$2y$10$8RUEcPG5NfsMUpGx13vLHeOkp6Q.iGT8QfyEtZO2OvTTR3E7IPcuG', NULL, NULL, '2018-09-27 09:11:28'),
(85, '9990921', 'veronicaestelamedina1@gmail.com', NULL, '$2y$10$6iJpKaSSM60p.eyNYREuLuWYFHn6Tu1CuOys2BGeGpUXfe6B3pBPC', NULL, NULL, '2018-09-27 09:11:28'),
(86, '15901238', 'cristian.inostroza.ian@gmail.com', NULL, '$2y$10$UU8w.EIgWkukGH.NAkYt7.9dPfuAuBwGeEr.o93vJFjWUotZ/ZOiu', 'VkC2MOOlb5M5zuTwGmKBaqm85JhgvlKHHlB3mtXITusm9XhHkRH7WUH0tcdU', NULL, '2018-09-27 09:11:28'),
(87, '14182828', 'eduardogz2012@gmail.com', NULL, '$2y$10$IbAyleXZYms0XU9cZDpVw.jLUv6Pox1.gOffYRd3469O1A2hFbkHC', NULL, NULL, '2018-09-27 09:11:28'),
(88, '5024033', 'monsterxd510@gmail.com', NULL, '$2y$10$TYf9Ilr3ZkByxhQa9FIRl.uetPSA092Zz7F1f9cjr7wYpmY5VHUTS', NULL, NULL, '2018-09-27 09:11:28'),
(89, '16724786', 'franciscamartinez235@gmail.com', NULL, '$2y$10$u65Q9Lh3KZkcD7oMpvZ5ru7EIPTgzg6yYLL6qoZ07oyuYiUSx3EyK', '05xQWAK9yvT5GlPjcVR1IUlMMufEKBhyh36TfWazOEMkee18wUcxCEJqr7hp', NULL, '2018-09-27 09:11:28'),
(90, '10926729', 'sinueparraguez@gmail.com', NULL, '$2y$10$B6AurYnFfgW.iYUnLrU1SegYsI0JuZxixSdbmpwcLCI7LcvBXP9Ii', NULL, NULL, '2018-09-27 09:11:29'),
(91, '12579796', 'carmen.cerda.2015@gmail.com', NULL, '$2y$10$wkkabsxctN3aIPLjzIENT.wG8/KGA0TUqh2SKet1VgWGVK9AWgAwq', NULL, NULL, '2018-09-27 09:11:29'),
(92, '16042349', 'naxo_xh@hotmail.com', NULL, '$2y$10$qdPZGgJSw9JNi/w0j6m44eYy5Mu5E8kOgU7T6wYayScfp4XqIoeQG', NULL, NULL, '2018-09-27 09:11:29'),
(93, '17278412', 'contagina@hotmail.com', NULL, '$2y$10$lM8a2EFMKV56ZAXE/l2tLegfpLFvG50B/g5t7YrXC9gy9JkA/Ttpe', 'AsaDhxbRBsm4pSX4LclIMhbhXdZSeLQfMcvnicQJWIiJpuYUhfKJ4CxnSyJ0', NULL, '2018-09-27 09:11:29'),
(94, '13803432', 'noelia.grandon@hotmail.com', NULL, '$2y$10$gHDJrSi9XbuESOJ.JTIiG.UD9.x.Q94PGruwtoXLA5Dc7W7tu5Kna', 'g0GMDfLQHAlRbz5NkFcaYTudrW0ayWJtg1Ckhuf5N2VwEGPEy5bwdAKjSuIv', NULL, '2018-09-27 09:11:29'),
(95, '7250644', 'liandmoncada@gmail.com', NULL, '$2y$10$SDv.k01XyLjWgGFOmJdSz./C.YQYTrPD/FjVLuj5836CWDb.AQNWy', 'ANqU6GkmfIGI25OeTVfq9TJ6LpLeIIkkcZBYCvfkKytDFcgDyDluzafgIcn1', NULL, '2018-09-27 09:11:29'),
(96, '16546911', 'felipe.navarro.romo@hotmail.com', NULL, '$2y$10$OWP7dBuKzmO9EeK48gUt1OMZFlC9FR86w8VWF801W92/yjza1jGl2', 'wlZKr78eNw27fGT6R9XnTQRCovK9Rxk2vxLb0gIGS53pXmDZBzBpAGHcvJ9X', NULL, '2018-09-27 09:11:29'),
(97, '14196153', 'evelyn_solano@hotmail.es', NULL, '$2y$10$OvARa0BGl8OvhC/33yahuOFAIQ0FXV6okLxdb1p99Kr5uUj42jug.', NULL, NULL, '2018-09-27 09:11:29'),
(98, '11665056', 'dani07vivallo@gmail.com', NULL, '$2y$10$LMR3aSCOnR.cl2RbW/OwZOq4NBlgTVndyWop2r5s5ji2eJmaDHIfa', 'jOKZP58LMxP6KYxqZ464R2B9KZDSrEmPDokQXX2pJuWfwtaCqyMc9bNkmonB', NULL, '2018-09-27 09:11:29'),
(99, '10938135', 'trivaba69@hotmail.com', NULL, '$2y$10$Nnown.deFdCrYgek/fQVo.EagrHTD18RKbZZ9bNr8DHbZjuL01CSS', 'iLX8twd5d6lLvz8WjBU53HfFQsd7mOSp666qStJgzgVmrvck14s8A2Vl6t1M', NULL, '2018-09-27 09:11:29'),
(101, '13490168', 'paula.rondont@gmail.com', NULL, '$2y$10$jy8bTbjBZY72yjNGVZrAdODTGyetlZ8tUd4Cj2myX.TUch0BJx9iS', 'rUJs3wN7ijHuOIyh5VWne1dHHJntgdhwX8894Ffs5Boxo0jZUzOJhhP6jRg8', NULL, '2018-09-27 09:11:29'),
(102, '18274135', 'andy.perez.herrera@gmail.com', NULL, '$2y$10$jUy3BJ1Z/OMsL91zwPpej.ETg9UJZtL3WFMOcEoxgBO0DkqFlpP3y', 'dcNMV3SW8KWKdVlAhxOYVhpPxNWqhWhh2UXP4UDgxsQUAIEUVv1aTl1gXFCu', NULL, '2018-09-27 09:11:29'),
(103, '16118029', 'colorina24@hotmail.com', NULL, '$2y$10$EDT/zKYaiL/jA55brXBWPekBPXyQCtCyxK3P83iM7QGtGLH.1aYeK', 'EJc55Q2pEzQ6VBZSbVp8joWfuB6h1hGE3ljtXXg6SmCQB5vw97pHWFGWrdaT', NULL, '2018-09-27 09:11:30'),
(105, '13496412', 'vicentetomas.diazg@gmail.com', NULL, '$2y$10$x6lFVj/.LMtWXimdjF6kdO05MgOWqJvYO9lmANSJjgW3SO.RgeGlS', NULL, NULL, '2018-09-27 09:11:30'),
(106, '12283586', 'paola.fuentes.albornoz@gmail.com', NULL, '$2y$10$IhV8W5VBd7y9C8U93AiLH.kzGe6Zki6HQIcKyMGVY8WuMPHkRKqHi', 'k5280z0VYMCaZCZz4JJn7SZGqhqxpjGlNSfFczVz31fsZU658gKOAxmqjzEj', NULL, '2018-09-27 09:11:30'),
(107, '9806137', 'johanna.mezae@gmail.com', NULL, '$2y$10$Ky.vsaAQTw8hxlvvuyBtQOzx9vCMyekcKu3LQaKfOsI/XJdboX..y', 'fyBgsFs9qjuPknjHI0CjPdG7VmYbP3UGXdQUh4qzqsoHFwHb56RMDYUNTqBt', NULL, '2018-09-27 09:11:30'),
(108, '12231261', 'marce.72hernandez@gmail.com', NULL, '$2y$10$mBEzPloat.KNOy7a72k8/uaTT.e/Z/l0V867PI/dcJIBVefx55vba', 'klXxVJgRIXEwE9oNEkk1taqyTysQQT4NN80rDJqOLMt0s4Ku9sAGzOnQwTb0', NULL, '2018-09-27 09:11:30'),
(109, '14698729', 'lcvmontajes@hotmail.com', NULL, '$2y$10$Zqpw7guj.ytyWDiQbNnA/eS2rWr4xIe4kdE2JRQ2GGRxw/p5sMJ3W', 'QENFDxCdxRczrfqCboWOcxpS23QiqZaTZCxIjX0T0hazpMuACvJZnAk6MLR9', NULL, '2018-09-27 09:11:30'),
(110, '11883424', 'brianprogamer615@gmail.com', NULL, '$2y$10$ITBPQnf0r63KfTboODCma.Kssar6X9WOZGlcEabUjLa7hZLCGVjRW', 'ICzBBLFxMX4TMdc1K8uvU1NQnRFeLDP5AsLsb55EYTHY91qPzOXcQzVVgOfL', NULL, '2018-09-27 09:11:30'),
(112, '15700877', 'hajime.nargalen@gmail.com', NULL, '$2y$10$yntXyEUfWvfwng7L0oEaTex.QNI1rxA0D2S/28nPia5kw4eluwaNK', 'Lm2j1Fyvt7U1Lmi7PEe4TvnqjZ2lZPYpCoWFh0uf2xQHaFj9EhEQ1rAlv7Kp', NULL, '2018-09-27 09:11:30'),
(113, '13265314', 'antonieta.meza@hotmail.com', NULL, '$2y$10$dMkbkDFwocF6lks0gFa0tuFnkVesS2r38cdhAQ7gfoElNW1DHDzNu', 'zaLx4eLmTgwyQhFzwmgtNuvm7vN5ta0WSkjJGlRpGLWzp3SBUi7Uvau2jVvy', NULL, '2018-09-27 09:11:30'),
(114, '12859195', 'zamirgonzalezflores@gmail.com', NULL, '$2y$10$o79OiA1K6O/y0/NKvnvZbe2hc1VAgpKuwgErKRHGnotNDoXWtm9US', '69tdp7lcqnWRVkHrljPgJnGTKTYoQcVnYQaFYQJGricfmGuBFKG32ub3lRFH', NULL, '2018-09-27 09:11:30'),
(115, '12902627', 'clagosmontoya@gmail.com', NULL, '$2y$10$wWivWmdrPMAM7PmRhbVuC.lz7x5LrDTDarT1xDSmNzawUjaPDyAnS', 'NTFTAkIZenT4gRGuKi51GUGUnVMHTCMXdLLspefq17KjREWVZjUG4EjHCZVe', NULL, '2018-09-27 09:11:30'),
(116, '15949512', 'yessenia_cosita@hotmail.com', NULL, '$2y$10$g/YVmNhPbEor1LiYhH8Ca.UvFSE87Jml5DCAWT5xi/gVXtyyHSlk6', '0FRwdqMw60sOOKEfVXDOBeXSad51g9q5drTQpAOslb5Tl6uneHe4E2dXeUX0', NULL, '2018-09-27 09:11:30'),
(117, '16044205', 'cata.fran3@gmail.com', NULL, '$2y$10$LYeiL2mOHXrhbMtSaX0P8Od71TVmSHdctuISKPxDbG4arInJFS1d6', 'ROrH6ImBB7nCNeLrm8gMc2rIouAJuy4IhPk8LdDzKuItgi6caPOoR2DNaEE3', NULL, '2018-09-27 09:11:31'),
(118, '16405957', 'osvaldo.isaacs@gmail.com', NULL, '$2y$10$62M3K7NdWtZf3kjI4/NT..aKIdNZ3ZKwi41dJyL4RUNoiQRhM.I5.', NULL, NULL, '2018-09-27 09:11:31'),
(119, '16603935', 'gisselarivas06@gmail.com', NULL, '$2y$10$jUI6V8HsGMja2mcQ4jY4m.Ha53Bniw/HT10JXZH3rzh/hOlSezEkS', 'CN2ACr8aWnLm7vn638CDYVNLSUHX5Ercm0ug8Uxqhe8oOQ9V9derhrAP1Jc0', NULL, '2018-09-27 09:11:31'),
(120, '18075061', 'pamela.silvao@correoaiep.cl', NULL, '$2y$10$YixtzZezqKYl.PB5h.q4cOGZGzSKEWaSIR8rIWh81i3yiQ8emXD8m', 'Qdt0qsGbncIgSL3Gw2P5m67FRdjFLFeW00RtiFKBFPMj889uWhutCa3CTWAk', NULL, '2018-09-27 09:11:31'),
(121, '13254558', 'sanchezsaez.carolina@gmail.com', NULL, '$2y$10$ZBgrtvs7lFhQQ887EbJ6o.dukJ990hxeq3eWedJg9RK7b8FXV2ole', 'aI3G8DP1HpiJdTzVMAmb2gwLC8vVJY7PAzrnSBcJ3fCKax20POnASwU59RWT', NULL, '2018-09-27 09:11:31'),
(122, '11524728', 'rosaibarra.d99@gmail.com', NULL, '$2y$10$Xxz2ixcxECfw8vox8Mi/tO7QiSt9oECnw1yWOiKOk9Sq0rxGj79G2', 'KSkFCQ9JsnnsG4k7SEroQyqdvP22sL8HITzqUzqnqldEr2LwmPF0AEwYhv6c', NULL, '2018-09-27 09:11:31'),
(123, '12289756', 'tabitacanales.01@gmail.com', NULL, '$2y$10$XcK70Lx2Nlls.VohczsnDuXFIjqM7.5w96aCw5PklRf30NWq9g84q', 'jXQcpupfeycgFl7GncWl1bkUDR9NFWSbN0uXjSe55NAuwKDYD1DGnozTYmcm', NULL, '2018-09-27 09:11:31'),
(124, '12160907', 'magnozp@gmail.com', NULL, '$2y$10$GRqhB1sTZBIT.8lphPZHQ.t/TNMzmh/hrHQab4m/zdo3bvZGiHSyS', NULL, NULL, '2018-09-27 09:11:31'),
(125, '15438476', 'karinaatonella14@gmail.com', NULL, '$2y$10$WKdQuCOyk3R/xdR0VBLQ5eW1DJKWmYzf5VRO5GZV0XOqnhJPZltRi', NULL, NULL, '2018-09-27 09:11:31'),
(126, '13577310', 'jimenafquiroz@gmail.com', NULL, '$2y$10$f0vr9cmfwjiLtxMa5jpAueGJq0StdTL1GrkGqvo0ggpDZLqkwdWE2', NULL, NULL, '2018-09-27 09:11:31'),
(127, '11844947', 'enriqueisraelverdugovergara@gmail.com', NULL, '$2y$10$IePw0WNM6xLn7UfTI7xEyeoRhAzWbLebgnlr2Ma06Trp3sTI8bl52', NULL, NULL, '2018-09-27 09:11:31'),
(128, '11755767', 'solangemabel.42@gmail.com', NULL, '$2y$10$AeB.5GJzgtja/fPsSC7JjO0y11AxrKAMO/rYnMBdlE9.wlBCrNKXC', NULL, NULL, '2018-09-27 09:11:31'),
(129, '12116573', 'jael.araneda0632@gmail.com', NULL, '$2a$04$srpgPolQpIl5s.SeoMGEEeJWK64354kODLRcSxpq.dDN1EowuVmn6', 'FnPvvq1EP3YVBLTtmbivNstiF5sP3FXMEzgSZJJw2mG6vC78Sza1Bg7aHeHc', NULL, '2018-09-27 09:11:31'),
(130, '7767309', 'ymacoly@hotmail.com', NULL, '$2y$10$ef27YgZ2X9ia4ftctked9.yUGrTwQXQi4PUC4nexurYkKYlonJnHi', NULL, NULL, '2018-09-27 09:11:32'),
(131, '15335137', 'anglo.delacosta@gmail.com', NULL, '$2y$10$H0p9pnf7jxZpi3SUl2blquQbjD4FnH/s36OuKvm9.ZNvDU6tAn/zq', NULL, NULL, '2018-09-27 09:11:32'),
(132, '13602577', 'jesenia0808@gmail.com', NULL, '$2y$10$yyArwbQfqGgJWUqxH4LmZOB/.nf8T9eucYm4JfBFIyBITy7iRQYNa', NULL, NULL, '2018-09-27 09:11:32'),
(133, '12143991', 'gissella_dos@hotmail.com', NULL, '$2y$10$4ZW1sKfe1w7il8QNT0oavuTMe4fZi6B9KBaDyWNbM1NHFoBpFmtLq', NULL, NULL, '2018-09-27 09:11:32'),
(134, '10154408', 'cnavarrete@py.cl', NULL, '$2y$10$EF747QEIHnkKlXxgnQh.ceKY7ujgKMPD5Y7fz87g4OIUwjiiWdLhq', 'fjFxmTO4ykqtt3a0nUbtCCVra7DIbJaxAyFuPgJ2D5ob9xbzsWrxrWCNmwZP', NULL, '2018-09-27 09:11:32'),
(135, '18289119', 'carolaing23@hotmail.com', NULL, '$2y$10$azwhH63F8d82IcrdH9O0WOWlC70J2nvkNhWw4i7by32uQRAf1wX3W', 'Jgyb5FxeDw0J16HAwuCGxQiTBD2GpynWZCXx8UHQhxDZmrOpT1BQ29KXl80F', NULL, '2018-09-27 09:11:32'),
(136, '16547937', 'skulone@hotmail.com', NULL, '$2y$10$9ylNz.oICP.w.yv0.bxfPu6p0W/7gWt1XYby7xt/pMUGnYP5GoTD.', NULL, NULL, '2018-09-27 09:11:32'),
(137, '14184990', 'luismillanvargas@gmail.com', NULL, '$2y$10$JaCAsr1XlllF41LLHDbObegIdy7YdcF3YBeWuZ1e0eItEbxQEdxOq', 'e2EGsGua9mdZ4kVmYYteAYSreI14IYcsuCnkhoLHHesiKSNoBAQXtwiLgzoH', NULL, '2018-09-27 09:11:32'),
(138, '18661274', 'juanlara152@hotmail.es', NULL, '$2y$10$/K9evi4wuerSzXxbvU.Ei.VKwoZa0SqeY8lB4/jTPD9GTcCGs/D5i', NULL, NULL, '2018-09-27 09:11:32'),
(139, '16902641', 'jenniandreagg@gmail.com', NULL, '$2y$10$ati/5StpsA7DFFqdJ8IcOOaTtGhjOibaB.5DhSiYtl9mn1ckkh7Ba', 'uSgNbwihiomw8RIW1bNq23cImmTSeaWhI5oxqdNscQKoarZsIaH34rQ3npF4', NULL, '2018-09-27 09:11:32'),
(140, '12166699', 'munozcorrea05@gmail.com', NULL, '$2y$10$Ei1jAHYYWWqefijmijApe.nyJlNqOwxVRp/AGKJTd9DJBWoaJnHNy', 'jzQEDVV6pIX9MbZDIwdK6o3UJXhtoedJEnjip5t4EsewTC79CiC3KNgLUYEB', NULL, '2018-09-27 09:11:32'),
(141, '17662508', 'samuel.ruiz@usach.cl', NULL, '$2y$10$w1j..VgrPhZ7uiV9EUMo3OeEm7IbH.NP8gJbc.9az8NqiyaWz6Dmy', NULL, NULL, '2018-09-27 09:11:32'),
(142, '16696350', 'jacqueline.mercado1987@gmail.com', NULL, '$2y$10$q0OqNRIn1NufdpqFwNL93.yOXnIfMsCUn2g/aFTNPSZLk0m2hXawy', NULL, NULL, '2018-09-27 09:11:33'),
(143, '13290084', 'angelinafer2011@gmail.com', NULL, '$2y$10$k4F4bNp6hXtGFC7iik/2ke14XZN0jCG.5Go4GcDEmjAZm2z3SKXpu', NULL, NULL, '2018-09-27 09:11:33'),
(144, '12735738', 'margaritafigueroaaltamirano@gmail.com', NULL, '$2y$10$SGkIl.BA54dTQrmEq5cPgOtf.XtdKTxdPV3rx1HcnVMcOwMI4DNNG', NULL, NULL, '2018-09-27 09:11:33'),
(145, '14192086', 'nachoallisoncolo@gmail.com', NULL, '$2y$10$vJWauvSJnZ5jDKpoXloyMO6X9UQAIvTLoeDo5zCPMTidyKnzQ.W0S', '6Nn1Af1zCvGlYpGHQ2mGx7WtH6ULkA8Ym42QjZqX1dWBGZUD13lfSxDuB5km', NULL, '2018-09-27 09:11:33'),
(146, '12910204', 'paredes.marilet1975@gmail.com', NULL, '$2y$10$QqpLq915f76D.5N/GfsoEuNSqs/EI9Azw.b8w27IcVfY52wYt7a1C', 'Lzml6shOq4U0mZ7z38Garj72tq96sleYnpkP4OJcMvULCKbmIrj7qn7oNXfq', NULL, '2018-09-27 09:11:33'),
(147, '13912310', 'karla.goycolea@ips.gob.cl', NULL, '$2y$10$euNCG3ikXiv4Zg7VFotvD.ctghls2r5VehwoQtRJg2T7BcJoTSOBe', 'BQ1qqSITDpLFcV9iZfTltkZ6z86Si2hlxwltdupTJUwDSR0xdoATUQzlJm4P', NULL, '2018-09-27 09:11:33'),
(148, '16714080', 'r.ivette109@gmail.com', NULL, '$2y$10$qX5niqjXl89suFgrIPhZfuMO5dESHjayg02tSBGLboWz9ToOTbV/e', 'goqcVDgPmUpIkaUqLGpkFNMFFrQN9XpJhGarKuTxtk9egjli2q5Km8RVMsVl', NULL, '2018-09-27 09:11:33'),
(149, '15667007', 'margaritacarolina.mm@gmail.com', NULL, '$2y$10$l5C0KkKNZwcG6JrVOrkkmOPvmBypijXeYqJ0vumqaFp6yW3zblH3e', 'YF7hEtEMHeTbqgfcUmXeTZET4iKNkMeqSxHxx1aG22fEn4YRNHw2a7yxq4Hv', NULL, '2018-09-27 09:11:33'),
(150, '16041812', 'pricillasanhueza@gmail.com', NULL, '$2y$10$eLVaMsZfeAs6wa0ssPUA6etSNu4BnK1pz4L8EU4TEZbrVRKsen6wa', NULL, NULL, '2018-09-27 09:11:33'),
(151, '10810953', 'torresmaximo896@gmail.com', NULL, '$2y$10$I1DH3WeFrwUXxeN.GBoCFe8CUabLgmPG2jFcJzXdlir2qRxH7avGm', 'zupNwHVYSudHIcedzC7ryYRSleLyWvtWqhDbXu7P3si6OHuliT1Tpfzw3log', NULL, '2018-09-27 09:11:33'),
(152, '150000001', 'amarilysmaria8@gmail.com', NULL, '$2y$10$tvI4DEkYXHr53VgLUEv67eFFa1gUEAs9X/Z0jTJArydcaSDFhwtru', 'kCNVwINVGfBKAnVqKP52Rp64tOgkUZSuOkZJV6Ts5VTsFyf7FZ4G4NKTvwbE', NULL, '2018-09-27 09:11:33'),
(153, '13694451', 'angelita13140@hotmail.com', NULL, '$2y$10$HgRjTv731XA9TJsGSmoxBedzAlUHObf7TZJLT1S6toNiWxKDr89XK', '1BVrEwCG6xEg9jQBbfm0bj3VdaBnuDRKjuWtRhZNp22TWneNe1YvL9MVwBOG', NULL, '2018-09-27 09:11:33'),
(154, '15259958', 'jenny.penailillo@gmail.com', NULL, '$2y$10$NBaODwZyr8o9lRDxzzTlhOWZgELcGVq.sM5KxT3TLSudCle3RF85a', 'XWsH3sRE1Y6bRLlsHmZyVHOmSDAGD2z8MbGFgPXiap6lIyEJM6foGcoWFxTC', NULL, '2018-09-27 09:11:33'),
(155, '16150718', 'martavial@gmail.com', NULL, '$2y$10$uJypbp10xwRx8Cw.sWGxguviCO.1rnRh4syoPHodhn7q1fkqgfkLm', NULL, NULL, '2018-09-27 09:11:34'),
(156, '16901492', 'jennifergatica54@gmail.com', NULL, '$2y$10$HZLI3/NJmJV1YMQxnNAUvueDFoqkOjtR8GXEs.ndif6QB8sDY2hLO', '5OPKRrarFYvAJ4TJxS3KidRJYWZeVbKxLFSjjXTbHt49dMYSrVwvcfsd440n', NULL, '2018-09-27 09:11:34'),
(157, '16710821', 'yeru_2909@hotmail.com', NULL, '$2y$10$ZKaAljYdKpWJiD.9a.b3ReJEr9p8kf7q9h.09GGJfwy986rCpkSti', NULL, NULL, '2018-09-27 09:11:34'),
(158, '11167714', 'tantatianaolave@gmail.com', NULL, '$2y$10$vYWMqkTw7TodVpdQW3gy4uoXUvEGWRWKFAVFkYhpuGgCNJ9ZASqn.', 'Hg5fvsnPncRHbDLhXS1bBX9wdA7SfwZ7MOazZz3YGJhzNesJcgS1xbDk34fq', NULL, '2018-09-27 09:11:34'),
(159, '21104503', 'diazolivaresjulieta@gmail.com', NULL, '$2y$10$Yh3Qa4qn/vxqf.Cm2Yp0IeWXw2UVKQCI5AYuJ8yynWtLjkT0sGGGO', NULL, NULL, '2018-09-27 09:11:34'),
(160, '13299147', 'quezadafamilia41@gmail.com', NULL, '$2y$10$lOZTjh0l5hwviLtT.0ifs.PEn.V9a/2iuhx.qvxdPoaMpACAgqFA6', 'LIigSuU9BYck8bGd5KamFhivEpdg5MMIjpnhkRr0IA8cBraa5sEbyPNod5Hh', NULL, '2018-09-27 09:11:34'),
(161, '15658469', 'pedroale@live.cl', NULL, '$2y$10$qBd73d1IozI826NjPBag/Oxu9PNd/qxwgAAaUxLyIvYnOzupgSJ1i', 'BY2I49PwWWsFR7tBy3osaOb7X2GuIZTRNQ0GhVON8hf7TMnLUorGMqTR4b3w', NULL, '2018-09-27 09:11:34'),
(162, '14194917', 'katherine.quiroz@bci.cl', NULL, '$2y$10$jjQwqr8lfOfrmhCIKqm1ZuU/VqygtgRzRFvs2RFWJYHT3zm7ocPZ.', 'BjeZwM5jzxaMRK1w3uyM14s2FTbmwIy5Qv3s6b1khI0hKrx3GzyEkUsxP72k', NULL, '2018-09-27 09:11:34'),
(163, '15537347', 'melissa.y.gonzalez1984@gmail.com', NULL, '$2y$10$Caw3m7WEP8Y45EfQXKzyYetrVg7ajgXO3sdTiGW0Opkr.krL3JZeu', '2rAUlPAApdY8lpgEE3mW4ZgPBCA0ss3T6lEzcUIPSb9MFb08ecgNdHiD0AUz', NULL, '2018-09-27 09:11:34'),
(164, '14169982', 'gigonzalb@gmail.com', NULL, '$2y$10$aR7V5gBjIFLr.tA0aIx9TO78BRU9aDR90n4agZN4pHKjkJpSfhS6q', 'yb6ksGeTiluGpLZzu9j7YF0jW3X8oOOUdf8uRsyOEtfvxEXuSDsEY7wqw5k3', NULL, '2018-09-27 09:11:34'),
(165, '13835635', 'venessa.reyes@sip.cl', NULL, '$2y$10$lh.tUyW..QwQwlcd9in7xuWPII2Jsw929XvcqwOUuP2b.8Z7vrasO', NULL, NULL, '2018-09-27 09:11:34'),
(166, '15447975', 'ezereli.jara@hotmail.com', NULL, '$2y$10$CANcl3m/jkigyGL8ZA07xOXFanlf5kH8KMDvE278RQ6whCMWckQsC', NULL, NULL, '2018-09-27 09:11:34'),
(167, '14318248', 'cathy.ibarra.rojas@gmail.com', NULL, '$2y$10$9dYSEoZ3u90a41aQVcPVvOoRM.6zRV80Dllq2Hum23/rNzWXYRQgO', NULL, NULL, '2018-09-27 09:11:34'),
(168, '24701034', 'esther20@hmail.com', NULL, '$2y$10$OqJ3W85/lAxQogJjN8fw7.tP2T84qmvH/CyUduK7cLp4NhGBYD39i', NULL, NULL, '2018-09-27 09:11:35'),
(169, '12860689', 'myriancarol@hotmail.com', NULL, '$2y$10$ZKCnvviGlGePnAI3q2Ur1er61zKJfwMFbAba/D6Ly4aKqLxVvw.sK', 'ecZNlMZRg3d0UESRzV8ybjAExW4J8ZvazjQWy9zjnI15PWPpKdn3yW24vnZJ', NULL, '2018-09-27 09:11:35'),
(170, '16218835', 'miguel.cifuentes.saez@gmail.com', NULL, '$2y$10$/ymoFTdQyxGQf5JBDP3/0uXZuqb4D5ItNzRgoe0u1VTmVjoM/WlQi', '0Wxxxu4IAqhI5FON75KTNFyZyQNHeC8RS0xfbRD8jSMrNDTikF5n8nidnbMJ', NULL, '2018-09-27 09:11:35'),
(171, '10599713', 'alvardo.ruben196@gmail.com', NULL, '$2y$10$TeSGiZ9VOXcwSDkTpFzudOnrzQebzrf2lZ1xSNsTjyS2mj0banCKu', NULL, NULL, '2018-09-27 09:11:35'),
(172, '13703811', 'cata_seba_pably@hotmail.com', NULL, '$2y$10$MwXyNx8/6oU70Wuwb6V6J.o6CQrSWKZ/FLEc56.PnUX3UnMXe3EZW', 'W2iWxdzvDWGkQpdE8ohUOjn9ElaVghLNxGWgWWdNgd5ELmVjaMW1uCwRIFzt', NULL, '2018-09-27 09:11:35'),
(173, '20559212', 'barbara.mallanes@hotmail.es', NULL, '$2y$10$zyzVcpwh8FBcWp8L6rP/7.DGyXqV17NaYfv5vNtSXQOAyksV3aSra', NULL, NULL, '2018-09-27 09:11:35'),
(174, '10382370', 'floradriana123@gmail.com', NULL, '$2y$10$EvQ4duOg9AA93DQTHTQsQu8c1lheCibXSX934wmjKjJej0.dXsz7e', 'OVCcRMc7lrlm8VVwhWf0A9xkK6tZ6traXMkXyLqVkhcZVcgnzTPYbfWgqYLJ', NULL, '2018-09-27 09:11:35'),
(175, '16357726', 'lealk177@gmail.com', NULL, '$2y$10$Zm17xxBJpzUyk45I1olRT.dOvhu41odBYWYAwdID26A9xw7ha.c/K', NULL, NULL, '2018-09-27 09:11:35'),
(176, '12658336', 'mdsc73@gmail.com', NULL, '$2y$10$sq5SYk4cP98GGMuiMCAI/.qf0w.T1JgtLaPt0JxqEwhUhz6Sz/zNK', 'U3jifSL3UaRSq3JHHXy7ZRkDVadXDLYDAmRrmcx2cRI0JhRGmoovX7TxZFkw', NULL, '2018-09-27 09:11:35'),
(177, '19188470', 'betzaandgrace@gmail.com', NULL, '$2y$10$qjOjlld6CTfQOvkWLZc0pen1lHmmhRogvPjwDFKrvGHVUY/mykt16', 'mcZxqmBuKQnOXhjC6oEXiPM4sPETRdWj4fvSLUYYJXV0QSi2wyeiWoyAsmFO', NULL, '2018-09-27 09:11:35'),
(178, '16986121', 'rodrigosilva027@gmail.com', NULL, '$2y$10$W1dH6PZju74Qb7XI2Ro4GeNN0ZN98PFGGNUC4IBctTK5N0hKpAAcK', '9Cd8pYApsG4aKXxphWfSf8viTZmCiWUFZBXfjUMoNxAPRiQZ8z7sprYix85a', NULL, '2018-09-27 09:11:35'),
(179, '16724546', 'j_ani_23@hotmail.cl', NULL, '$2y$10$/iuqKzvWIFwggf5Ie97Bf.mTy9JcE4eviCCHZpLephEpYLgSEusJm', NULL, NULL, '2018-09-27 09:11:35'),
(180, '9776632', 'carmencitafernandez569@gmail.com', NULL, '$2y$10$SsGS9FjZTXK2L1CHgL2/iuGlDyt5Hm87kDrtfI/sZW/NwT1M8v38i', '4o4GZ4ixzF1ZTmhU9PAzaiPeHMrzYZImUfKwZ3bcUdMjT9vzlYhxovTkAEkt', NULL, '2018-09-27 09:11:35'),
(181, '15155582', '', NULL, '$2y$10$/b9UZZFJ4y.tSz0xEumUjueYwIA8xUoAHLz0JtMe06rXOkHZvww0a', 'AUsSA8CNLy4qWMpVq77ze9nL1rpKEx347xRfbZc2HI2HbTjTzU6MYAtgMdLx', '2018-09-28 14:01:59', '2018-09-28 14:01:59'),
(200, '19113558K', 'asd@asd.cl', NULL, '$2a$04$N/BmNF3puMNq8TYxeFX3kOcaUGCAKcOFVrOj/DZXgaOq54FYpclae', NULL, NULL, NULL),
(201, '17651390K', 'qwe@qwe.cl', NULL, '$2a$04$5U9fdEmGrZNilkwsMFqVUOb.0VT1ww0jBklqkQwqEEE2y0zOSF8JO', NULL, NULL, NULL),
(203, '12083025-2', 'smlueiza@colegioidop.cl', NULL, '$2a$04$/bpMjw1J4yjBHat3aKO.sevKdJFthdMKdf0G8SPw3OzKNnDcuAAb2', NULL, NULL, NULL),
(204, '12002674-7', 'jeleiva@colegioidop.cl', NULL, '$2a$04$EHu7JJSkaLV6pABkkpmaB.b20muVGTAzst7wOQ11wJYHOJ4ZkPMKa', 'YP5FLVYIAU7FJm4YkeWdrKa3M0pF8j3W8sm3QWUSlEHPEehwdjLnd1qTme3E', NULL, NULL),
(205, '11740639-3', 'ilolivares@colegioidop.cl', NULL, '$2a$04$TFshAZYGZ4WeRGYTxmOFs.dWK/hxLG5Lt1myVFYB3FlGOLgifi6rS', NULL, NULL, NULL),
(206, '13097638-7', 'vgonzalezh@colegioidop.cl', NULL, '$2a$04$Fgwx6y9Vs6amTTfqU1Ag/e5kDba6MEPwK/aENmpt0WPIcqWRRw5l2', NULL, NULL, NULL),
(207, '12108192-K', 'claudio.campos@colegioidop.cl', NULL, '$2a$04$bSRt9EPh8dhaxHW3.wEIpOD3sFqQBbKfAYJrtt2UkXjMYPMp.QNQa', NULL, NULL, NULL),
(208, '6445432-3', 'idosorio@colegioidop.cl', NULL, '$2a$04$iTe99fNPJYQ4JWe6c/eHLOIIs0/eouDLD5zUN3.p/zBh0JrofPf5y', NULL, NULL, NULL),
(209, '11665435-0', 'caolivares@colegioidop.cl', NULL, '$2a$04$bUwt392CJvob/aUE.IseTur77Lu1bXhwb2jg5jZKwG5e4W3bbOs.i', NULL, NULL, NULL),
(210, '11269600-8', 'scangulo@colegioidop.cl', NULL, '$2a$04$Iv2fVMHtuVdb6il/Sa6rfu7o3WOcWJc5v2QrOMWfb0G/LCUPA2ZNi', NULL, NULL, NULL),
(211, '12484689-7', 'rafaelmundaca@colegioidop.cl', NULL, '$2a$04$ri4f0sHrLc/PSWQIhl.gk.mTM1bROpHIQija7qv/TQM/Fh2lMS.Q2', NULL, NULL, NULL),
(212, '12880704-7', 'msmundaca@colegioidop.cl', NULL, '$2a$04$cyULnS4HTe95ueiVSwe2Weic.ok46UULexO4uWNUqNU7lzxEsBrB.', NULL, NULL, NULL),
(213, '19406712-7', 'rafamundaca28@gmail.com', NULL, '$2a$04$WL2cj5vRSW5K3dRtlh53FuRRwPgj3uOAf5gzBwROd3vNYxJlC3bHq', NULL, NULL, NULL),
(214, '19831369-6', 'francisco.mundaca@colegioidop.cl', NULL, '$2a$04$UrC6Bg7OfHLVxrQFxRQoqeKT0EIBH3KT2QcnFPfihHG5HhPSqsK7G', NULL, NULL, NULL),
(215, '7410498-3', 'luzangelica@gmail.com', NULL, '$2a$04$dr5VPnRKZ4QzFS5UAftBLeHmjEnOqq97XzT5HiDKgIOiMNcitryZG', NULL, NULL, NULL),
(216, '12657976-4', 'raquel.mundaca@colegioidop.cl', NULL, '$2a$04$3Sp8A4VIi5IyBzcODK2ChOqbbbr/MLz8zdqd9KF4blBkDllqVjBpW', NULL, NULL, NULL),
(217, 'ivonneolivares', 'ivonneolivares@asd.cl', NULL, '$2a$04$FBYmjBtjzUBKe.aQIEH1q.NoZERvV.uf5HeM6CudyzxsLMMvYcG6G', 'qFGD0pOiUvgtGvFr09Z7Y2iw3K6SCOcBKP85w9M65sdmuZEhecWq4uTEK6pE', '2018-10-18 23:14:00', '2018-10-18 23:14:00');


REPLACE INTO `roles` (`id`, `created_at`, `updated_at`, `nombre`, `descripcion`) VALUES
(1, NULL, NULL, 'Apoderado', 'Apoderado con alumnos matriculados'),
(2, NULL, NULL, 'Alumno', 'Alumno matrículado'),
(3, NULL, NULL, 'ApoderadoPostulante', 'Apoderado que aún no firma contrato con la escuela.'),
(4, NULL, NULL, 'AlumnoPostulante', 'Alumno que aún el apoderado no firma contrato con la escuela.'),
(5, NULL, NULL, 'Revisor', 'Apoderado colegio'),
(6, NULL, NULL, 'Secretariado', 'Secretariado colegio'),
(7, NULL, NULL, 'Administrador', 'Administrador colegio'),
(8, NULL, NULL, 'Otro', 'Otro cargo colegio');


REPLACE INTO `user_rol` (`id`, `created_at`, `updated_at`, `idUser`, `idRol`) VALUES
(1, NULL, NULL, 1, 3),
(2, NULL, NULL, 2, 3),
(3, NULL, NULL, 3, 3),
(4, NULL, NULL, 4, 3),
(5, NULL, NULL, 5, 3),
(6, NULL, NULL, 6, 3),
(7, NULL, NULL, 7, 3),
(8, NULL, NULL, 8, 3),
(9, NULL, NULL, 9, 3),
(10, NULL, NULL, 10, 3),
(11, NULL, NULL, 11, 3),
(12, NULL, NULL, 12, 3),
(13, NULL, NULL, 13, 3),
(14, NULL, NULL, 14, 3),
(15, NULL, NULL, 15, 3),
(16, NULL, NULL, 16, 3),
(17, NULL, NULL, 17, 3),
(18, NULL, NULL, 18, 3),
(19, NULL, NULL, 19, 3),
(20, NULL, NULL, 20, 3),
(21, NULL, NULL, 21, 3),
(22, NULL, NULL, 22, 3),
(23, NULL, NULL, 23, 3),
(24, NULL, NULL, 24, 3),
(25, NULL, NULL, 25, 3),
(26, NULL, NULL, 26, 3),
(27, NULL, NULL, 27, 3),
(28, NULL, NULL, 28, 3),
(29, NULL, NULL, 29, 3),
(30, NULL, NULL, 30, 3),
(31, NULL, NULL, 31, 3),
(32, NULL, NULL, 32, 3),
(33, NULL, NULL, 33, 3),
(34, NULL, NULL, 34, 3),
(35, NULL, NULL, 35, 3),
(36, NULL, NULL, 36, 3),
(37, NULL, NULL, 37, 3),
(38, NULL, NULL, 38, 3),
(39, NULL, NULL, 39, 3),
(40, NULL, NULL, 40, 3),
(41, NULL, NULL, 41, 3),
(42, NULL, NULL, 42, 3),
(43, NULL, NULL, 43, 3),
(44, NULL, NULL, 44, 3),
(45, NULL, NULL, 45, 3),
(46, NULL, NULL, 46, 3),
(47, NULL, NULL, 47, 3),
(48, NULL, NULL, 48, 3),
(49, NULL, NULL, 49, 3),
(50, NULL, NULL, 50, 3),
(51, NULL, NULL, 51, 3),
(52, NULL, NULL, 52, 3),
(53, NULL, NULL, 53, 3),
(54, NULL, NULL, 54, 3),
(55, NULL, NULL, 55, 3),
(56, NULL, NULL, 56, 3),
(57, NULL, NULL, 57, 3),
(58, NULL, NULL, 58, 3),
(59, NULL, NULL, 59, 3),
(60, NULL, NULL, 60, 3),
(61, NULL, NULL, 61, 3),
(62, NULL, NULL, 62, 3),
(63, NULL, NULL, 63, 3),
(64, NULL, NULL, 64, 3),
(65, NULL, NULL, 65, 3),
(66, NULL, NULL, 66, 3),
(67, NULL, NULL, 67, 3),
(68, NULL, NULL, 68, 3),
(69, NULL, NULL, 69, 3),
(70, NULL, NULL, 70, 3),
(71, NULL, NULL, 71, 3),
(72, NULL, NULL, 72, 3),
(73, NULL, NULL, 73, 3),
(74, NULL, NULL, 74, 3),
(75, NULL, NULL, 75, 3),
(76, NULL, NULL, 76, 3),
(77, NULL, NULL, 77, 3),
(78, NULL, NULL, 78, 3),
(79, NULL, NULL, 79, 3),
(80, NULL, NULL, 80, 3),
(81, NULL, NULL, 81, 3),
(82, NULL, NULL, 82, 3),
(83, NULL, NULL, 83, 3),
(84, NULL, NULL, 84, 3),
(85, NULL, NULL, 85, 3),
(86, NULL, NULL, 86, 3),
(87, NULL, NULL, 87, 3),
(88, NULL, NULL, 88, 3),
(89, NULL, NULL, 89, 3),
(90, NULL, NULL, 90, 3),
(91, NULL, NULL, 91, 3),
(92, NULL, NULL, 92, 3),
(93, NULL, NULL, 93, 3),
(94, NULL, NULL, 94, 3),
(95, NULL, NULL, 95, 3),
(96, NULL, NULL, 96, 3),
(97, NULL, NULL, 97, 3),
(98, NULL, NULL, 98, 3),
(99, NULL, NULL, 99, 3),
(100, NULL, NULL, 100, 3),
(101, NULL, NULL, 101, 3),
(102, NULL, NULL, 102, 3),
(103, NULL, NULL, 103, 3),
(104, NULL, NULL, 104, 3),
(105, NULL, NULL, 105, 3),
(106, NULL, NULL, 106, 3),
(107, NULL, NULL, 107, 3),
(108, NULL, NULL, 108, 3),
(109, NULL, NULL, 109, 3),
(110, NULL, NULL, 110, 3),
(111, NULL, NULL, 111, 3),
(112, NULL, NULL, 112, 3),
(113, NULL, NULL, 113, 3),
(114, NULL, NULL, 114, 3),
(115, NULL, NULL, 115, 3),
(116, NULL, NULL, 116, 3),
(117, NULL, NULL, 117, 3),
(118, NULL, NULL, 118, 3),
(119, NULL, NULL, 119, 3),
(120, NULL, NULL, 120, 3),
(121, NULL, NULL, 121, 3),
(122, NULL, NULL, 122, 3),
(123, NULL, NULL, 123, 3),
(124, NULL, NULL, 124, 3),
(125, NULL, NULL, 125, 3),
(126, NULL, NULL, 126, 3),
(127, NULL, NULL, 127, 3),
(128, NULL, NULL, 128, 3),
(129, NULL, NULL, 129, 3),
(130, NULL, NULL, 130, 3),
(131, NULL, NULL, 131, 3),
(132, NULL, NULL, 132, 3),
(133, NULL, NULL, 133, 3),
(134, NULL, NULL, 134, 3),
(135, NULL, NULL, 135, 3),
(136, NULL, NULL, 136, 3),
(137, NULL, NULL, 137, 3),
(138, NULL, NULL, 138, 3),
(139, NULL, NULL, 139, 3),
(140, NULL, NULL, 140, 3),
(141, NULL, NULL, 141, 3),
(142, NULL, NULL, 142, 3),
(143, NULL, NULL, 143, 3),
(144, NULL, NULL, 144, 3),
(145, NULL, NULL, 145, 3),
(146, NULL, NULL, 146, 3),
(147, NULL, NULL, 147, 3),
(148, NULL, NULL, 148, 3),
(149, NULL, NULL, 149, 3),
(150, NULL, NULL, 150, 3),
(151, NULL, NULL, 151, 3),
(152, NULL, NULL, 152, 3),
(153, NULL, NULL, 153, 3),
(154, NULL, NULL, 154, 3),
(155, NULL, NULL, 155, 3),
(156, NULL, NULL, 156, 3),
(157, NULL, NULL, 157, 3),
(158, NULL, NULL, 158, 3),
(159, NULL, NULL, 159, 3),
(160, NULL, NULL, 160, 3),
(161, NULL, NULL, 161, 3),
(162, NULL, NULL, 162, 3),
(163, NULL, NULL, 163, 3),
(164, NULL, NULL, 164, 3),
(165, NULL, NULL, 165, 3),
(166, NULL, NULL, 166, 3),
(167, NULL, NULL, 167, 3),
(168, NULL, NULL, 168, 3),
(169, NULL, NULL, 169, 3),
(170, NULL, NULL, 170, 3),
(171, NULL, NULL, 171, 3),
(172, NULL, NULL, 172, 3),
(173, NULL, NULL, 173, 3),
(174, NULL, NULL, 174, 3),
(175, NULL, NULL, 175, 3),
(176, NULL, NULL, 176, 3),
(177, NULL, NULL, 177, 3),
(178, NULL, NULL, 178, 3),
(179, NULL, NULL, 179, 3),
(180, NULL, NULL, 180, 3),
(181, '2018-09-28 14:21:21', '2018-09-28 14:21:21', 181, 3),
(200, NULL, NULL, 200, 6),
(201, NULL, NULL, 201, 6),
(203, NULL, NULL, 203, 6),
(204, NULL, NULL, 204, 6),
(205, NULL, NULL, 205, 6),
(206, NULL, NULL, 206, 6),
(207, NULL, NULL, 207, 6),
(208, NULL, NULL, 208, 6),
(209, NULL, NULL, 209, 6),
(210, NULL, NULL, 217, 6),
(211, NULL, NULL, 211, 6),
(212, NULL, NULL, 212, 6),
(213, NULL, NULL, 213, 6),
(214, NULL, NULL, 214, 6),
(215, NULL, NULL, 215, 6),
(216, NULL, NULL, 216, 6),
(217, '2018-10-18 23:14:54', '2018-10-18 23:14:54', 210, 6);


REPLACE INTO `regiones` (`id`, `created_at`, `updated_at`, `nombreReg`, `regionOrd`, `codigoUnico`) VALUES
(1, '2018-09-24 03:00:00', '2018-09-24 03:00:00', 'Arica y Parinacota', 'XV', '15'),
(2, '2018-09-24 03:00:00', '2018-09-24 03:00:00', 'Tarapacá', 'I', '01'),
(3, '2018-09-24 03:00:00', '2018-09-24 03:00:00', 'Antofagasta', 'II', '02'),
(4, '2018-09-24 03:00:00', '2018-09-24 03:00:00', 'Atacama', 'III', '03'),
(5, '2018-09-24 03:00:00', '2018-09-24 03:00:00', 'Coquimbo', 'IV', '04'),
(6, '2018-09-24 03:00:00', '2018-09-24 03:00:00', 'Valparaiso', 'V', '05'),
(7, '2018-09-24 03:00:00', '2018-09-24 03:00:00', 'Metropolitana de Santiago', 'RM', '13'),
(8, '2018-09-24 03:00:00', '2018-09-24 03:00:00', 'Libertador General Bernardo O\'Higgins', 'VI', '06'),
(9, '2018-09-24 03:00:00', '2018-09-24 03:00:00', 'Maule', 'VII', '07'),
(10, '2018-09-24 03:00:00', '2018-09-24 03:00:00', 'Biobío', 'VIII', '08'),
(11, '2018-09-24 03:00:00', '2018-09-24 03:00:00', 'La Araucanía', 'IX', '09'),
(12, '2018-09-24 03:00:00', '2018-09-24 03:00:00', 'Los Ríos', 'XIV', '14'),
(13, '2018-09-24 03:00:00', '2018-09-24 03:00:00', 'Los Lagos', 'X', '10'),
(14, '2018-09-24 03:00:00', '2018-09-24 03:00:00', 'Aisén del General Carlos Ibáñez del Campo', 'XI', '11'),
(15, '2018-09-24 03:00:00', '2018-09-24 03:00:00', 'Magallanes y de la Antártica Chilena', 'XII', '12');


REPLACE INTO `provincias` (`id`, `created_at`, `updated_at`, `nombreProv`, `codigoUnico`, `idRegion`) VALUES
(1, '2018-09-24 03:00:00', '2018-09-24 03:00:00', 'Arica', '151', 1),
(2, '2018-09-24 03:00:00', '2018-09-24 03:00:00', 'Parinacota', '152', 1),
(3, '2018-09-24 03:00:00', '2018-09-24 03:00:00', 'Iquique', '011', 2),
(4, '2018-09-24 03:00:00', '2018-09-24 03:00:00', 'El Tamarugal', '014', 2),
(5, '2018-09-24 03:00:00', '2018-09-24 03:00:00', 'Antofagasta', '021', 3),
(6, '2018-09-24 03:00:00', '2018-09-24 03:00:00', 'El Loa', '022', 3),
(7, '2018-09-24 03:00:00', '2018-09-24 03:00:00', 'Tocopilla', '023', 3),
(8, '2018-09-24 03:00:00', '2018-09-24 03:00:00', 'Chañaral', '032', 4),
(9, '2018-09-24 03:00:00', '2018-09-24 03:00:00', 'Copiapó', '031', 4),
(10, '2018-09-24 03:00:00', '2018-09-24 03:00:00', 'Huasco', '033', 4),
(11, '2018-09-24 03:00:00', '2018-09-24 03:00:00', 'Choapa', '042', 5),
(12, '2018-09-24 03:00:00', '2018-09-24 03:00:00', 'Elqui', '041', 5),
(13, '2018-09-24 03:00:00', '2018-09-24 03:00:00', 'Limarí', '043', 5),
(14, '2018-09-24 03:00:00', '2018-09-24 03:00:00', 'Isla de Pascua', '052', 6),
(15, '2018-09-24 03:00:00', '2018-09-24 03:00:00', 'Los Andes', '053', 6),
(16, '2018-09-24 03:00:00', '2018-09-24 03:00:00', 'Petorca', '054', 6),
(17, '2018-09-24 03:00:00', '2018-09-24 03:00:00', 'Quillota', '055', 6),
(18, '2018-09-24 03:00:00', '2018-09-24 03:00:00', 'San Antonio', '056', 6),
(19, '2018-09-24 03:00:00', '2018-09-24 03:00:00', 'San Felipe de Aconcagua', '057', 6),
(20, '2018-09-24 03:00:00', '2018-09-24 03:00:00', 'Valparaiso', '051', 6),
(21, '2018-09-24 03:00:00', '2018-09-24 03:00:00', 'Chacabuco', '133', 7),
(22, '2018-09-24 03:00:00', '2018-09-24 03:00:00', 'Cordillera', '132', 7),
(23, '2018-09-24 03:00:00', '2018-09-24 03:00:00', 'Maipo', '134', 7),
(24, '2018-09-24 03:00:00', '2018-09-24 03:00:00', 'Melipilla', '135', 7),
(25, '2018-09-24 03:00:00', '2018-09-24 03:00:00', 'Santiago', '131', 7),
(26, '2018-09-24 03:00:00', '2018-09-24 03:00:00', 'Talagante', '136', 7),
(27, '2018-09-24 03:00:00', '2018-09-24 03:00:00', 'Cachapoal', '061', 8),
(28, '2018-09-24 03:00:00', '2018-09-24 03:00:00', 'Cardenal Caro', '062', 8),
(29, '2018-09-24 03:00:00', '2018-09-24 03:00:00', 'Colchagua', '063', 8),
(30, '2018-09-24 03:00:00', '2018-09-24 03:00:00', 'Cauquenes', '072', 9),
(31, '2018-09-24 03:00:00', '2018-09-24 03:00:00', 'Curicó', '073', 9),
(32, '2018-09-24 03:00:00', '2018-09-24 03:00:00', 'Linares', '074', 9),
(33, '2018-09-24 03:00:00', '2018-09-24 03:00:00', 'Talca', '071', 9),
(34, '2018-09-24 03:00:00', '2018-09-24 03:00:00', 'Arauco', '082', 10),
(35, '2018-09-24 03:00:00', '2018-09-24 03:00:00', 'Bio Bío', '083', 10),
(36, '2018-09-24 03:00:00', '2018-09-24 03:00:00', 'Concepción', '081', 10),
(37, '2018-09-24 03:00:00', '2018-09-24 03:00:00', 'Ñuble', '084', 10),
(38, '2018-09-24 03:00:00', '2018-09-24 03:00:00', 'Cautín', '091', 11),
(39, '2018-09-24 03:00:00', '2018-09-24 03:00:00', 'Malleco', '092', 11),
(40, '2018-09-24 03:00:00', '2018-09-24 03:00:00', 'Valdivia', '141', 12),
(41, '2018-09-24 03:00:00', '2018-09-24 03:00:00', 'Ranco', '142', 12),
(42, '2018-09-24 03:00:00', '2018-09-24 03:00:00', 'Chiloé', '102', 13),
(43, '2018-09-24 03:00:00', '2018-09-24 03:00:00', 'Llanquihue', '101', 13),
(44, '2018-09-24 03:00:00', '2018-09-24 03:00:00', 'Osorno', '103', 13),
(45, '2018-09-24 03:00:00', '2018-09-24 03:00:00', 'Palena', '104', 13),
(46, '2018-09-24 03:00:00', '2018-09-24 03:00:00', 'Aisén', '112', 14),
(47, '2018-09-24 03:00:00', '2018-09-24 03:00:00', 'Capitán Prat', '113', 14),
(48, '2018-09-24 03:00:00', '2018-09-24 03:00:00', 'Coihaique', '111', 14),
(49, '2018-09-24 03:00:00', '2018-09-24 03:00:00', 'General Carrera', '114', 14),
(50, '2018-09-24 03:00:00', '2018-09-24 03:00:00', 'Antártica Chilena', '122', 15),
(51, '2018-09-24 03:00:00', '2018-09-24 03:00:00', 'Magallanes', '121', 15),
(52, '2018-09-24 03:00:00', '2018-09-24 03:00:00', 'Tierra del Fuego', '123', 15),
(53, '2018-09-24 03:00:00', '2018-09-24 03:00:00', 'Última Esperanza', '124', 15);


REPLACE INTO `comunas` (`id`, `created_at`, `updated_at`, `nombreComu`, `codigoUnico`, `idProvincia`) VALUES
(1, '2018-09-24 03:00:00', '2018-09-24 03:00:00', 'Arica', '15101', 1),
(2, '2018-09-24 03:00:00', '2018-09-24 03:00:00', 'Camarones', '15102', 1),
(3, '2018-09-24 03:00:00', '2018-09-24 03:00:00', 'General Lagos', '15202', 2),
(4, '2018-09-24 03:00:00', '2018-09-24 03:00:00', 'Putre', '15201', 2),
(5, '2018-09-24 03:00:00', '2018-09-24 03:00:00', 'Alto Hospicio', '01107', 3),
(6, '2018-09-24 03:00:00', '2018-09-24 03:00:00', 'Iquique', '01101', 3),
(7, '2018-09-24 03:00:00', '2018-09-24 03:00:00', 'Camiña', '01402', 4),
(8, '2018-09-24 03:00:00', '2018-09-24 03:00:00', 'Colchane', '01403', 4),
(9, '2018-09-24 03:00:00', '2018-09-24 03:00:00', 'Huara', '01404', 4),
(10, '2018-09-24 03:00:00', '2018-09-24 03:00:00', 'Pica', '01405', 4),
(11, '2018-09-24 03:00:00', '2018-09-24 03:00:00', 'Pozo Almonte', '01401', 4),
(12, '2018-09-24 03:00:00', '2018-09-24 03:00:00', 'Antofagasta', '02101', 5),
(13, '2018-09-24 03:00:00', '2018-09-24 03:00:00', 'Mejillones', '02102', 5),
(14, '2018-09-24 03:00:00', '2018-09-24 03:00:00', 'Sierra Gorda', '02103', 5),
(15, '2018-09-24 03:00:00', '2018-09-24 03:00:00', 'Taltal', '02104', 5),
(16, '2018-09-24 03:00:00', '2018-09-24 03:00:00', 'Calama', '02201', 6),
(17, '2018-09-24 03:00:00', '2018-09-24 03:00:00', 'Ollague', '02202', 6),
(18, '2018-09-24 03:00:00', '2018-09-24 03:00:00', 'San Pedro de Atacama', '02203', 6),
(19, '2018-09-24 03:00:00', '2018-09-24 03:00:00', 'María Elena', '02302', 7),
(20, '2018-09-24 03:00:00', '2018-09-24 03:00:00', 'Tocopilla', '02301', 7),
(21, '2018-09-24 03:00:00', '2018-09-24 03:00:00', 'Chañaral', '03201', 8),
(22, '2018-09-24 03:00:00', '2018-09-24 03:00:00', 'Diego de Almagro', '03202', 8),
(23, '2018-09-24 03:00:00', '2018-09-24 03:00:00', 'Caldera', '03102', 9),
(24, '2018-09-24 03:00:00', '2018-09-24 03:00:00', 'Copiapó', '03101', 9),
(25, '2018-09-24 03:00:00', '2018-09-24 03:00:00', 'Tierra Amarilla', '03103', 9),
(26, '2018-09-24 03:00:00', '2018-09-24 03:00:00', 'Alto del Carmen', '03302', 10),
(27, '2018-09-24 03:00:00', '2018-09-24 03:00:00', 'Freirina', '03303', 10),
(28, '2018-09-24 03:00:00', '2018-09-24 03:00:00', 'Huasco', '03304', 10),
(29, '2018-09-24 03:00:00', '2018-09-24 03:00:00', 'Vallenar', '03301', 10),
(30, '2018-09-24 03:00:00', '2018-09-24 03:00:00', 'Canela', '04202', 11),
(31, '2018-09-24 03:00:00', '2018-09-24 03:00:00', 'Illapel', '04201', 11),
(32, '2018-09-24 03:00:00', '2018-09-24 03:00:00', 'Los Vilos', '04203', 11),
(33, '2018-09-24 03:00:00', '2018-09-24 03:00:00', 'Salamanca', '04204', 11),
(34, '2018-09-24 03:00:00', '2018-09-24 03:00:00', 'Andacollo', '04103', 12),
(35, '2018-09-24 03:00:00', '2018-09-24 03:00:00', 'Coquimbo', '04102', 12),
(36, '2018-09-24 03:00:00', '2018-09-24 03:00:00', 'La Higuera', '04104', 12),
(37, '2018-09-24 03:00:00', '2018-09-24 03:00:00', 'La Serena', '04101', 12),
(38, '2018-09-24 03:00:00', '2018-09-24 03:00:00', 'Paihuano', '04105', 12),
(39, '2018-09-24 03:00:00', '2018-09-24 03:00:00', 'Vicuña', '04106', 12),
(40, '2018-09-24 03:00:00', '2018-09-24 03:00:00', 'Combarbalá', '04302', 13),
(41, '2018-09-24 03:00:00', '2018-09-24 03:00:00', 'Monte Patria', '04303', 13),
(42, '2018-09-24 03:00:00', '2018-09-24 03:00:00', 'Ovalle', '04301', 13),
(43, '2018-09-24 03:00:00', '2018-09-24 03:00:00', 'Punitaqui', '04304', 13),
(44, '2018-09-24 03:00:00', '2018-09-24 03:00:00', 'Río Hurtado', '04305', 13),
(45, '2018-09-24 03:00:00', '2018-09-24 03:00:00', 'Isla de Pascua', '05201', 14),
(46, '2018-09-24 03:00:00', '2018-09-24 03:00:00', 'Calle Larga', '05302', 15),
(47, '2018-09-24 03:00:00', '2018-09-24 03:00:00', 'Los Andes', '05301', 15),
(48, '2018-09-24 03:00:00', '2018-09-24 03:00:00', 'Rinconada', '05303', 15),
(49, '2018-09-24 03:00:00', '2018-09-24 03:00:00', 'San Esteban', '05304', 15),
(50, '2018-09-24 03:00:00', '2018-09-24 03:00:00', 'La Ligua', '05401', 16),
(51, '2018-09-24 03:00:00', '2018-09-24 03:00:00', 'Papudo', '05403', 16),
(52, '2018-09-24 03:00:00', '2018-09-24 03:00:00', 'Petorca', '05404', 16),
(53, '2018-09-24 03:00:00', '2018-09-24 03:00:00', 'Zapallar', '05405', 16),
(54, '2018-09-24 03:00:00', '2018-09-24 03:00:00', 'Hijuelas', '05503', 17),
(55, '2018-09-24 03:00:00', '2018-09-24 03:00:00', 'La Calera', '05502', 17),
(56, '2018-09-24 03:00:00', '2018-09-24 03:00:00', 'La Cruz', '05504', 17),
(57, '2018-09-24 03:00:00', '2018-09-24 03:00:00', 'Limache', '05802', 17),
(58, '2018-09-24 03:00:00', '2018-09-24 03:00:00', 'Nogales', '05506', 17),
(59, '2018-09-24 03:00:00', '2018-09-24 03:00:00', 'Olmué', '05803', 17),
(60, '2018-09-24 03:00:00', '2018-09-24 03:00:00', 'Quillota', '05501', 17),
(61, '2018-09-24 03:00:00', '2018-09-24 03:00:00', 'Algarrobo', '05602', 18),
(62, '2018-09-24 03:00:00', '2018-09-24 03:00:00', 'Cartagena', '05603', 18),
(63, '2018-09-24 03:00:00', '2018-09-24 03:00:00', 'El Quisco', '05604', 18),
(64, '2018-09-24 03:00:00', '2018-09-24 03:00:00', 'El Tabo', '0605', 18),
(65, '2018-09-24 03:00:00', '2018-09-24 03:00:00', 'San Antonio', '05601', 18),
(66, '2018-09-24 03:00:00', '2018-09-24 03:00:00', 'Santo Domingo', '05606', 18),
(67, '2018-09-24 03:00:00', '2018-09-24 03:00:00', 'Catemu', '05702', 19),
(68, '2018-09-24 03:00:00', '2018-09-24 03:00:00', 'Llaillay', '05703', 19),
(69, '2018-09-24 03:00:00', '2018-09-24 03:00:00', 'Panquehue', '05704', 19),
(70, '2018-09-24 03:00:00', '2018-09-24 03:00:00', 'Putaendo', '05705', 19),
(71, '2018-09-24 03:00:00', '2018-09-24 03:00:00', 'San Felipe', '05701', 19),
(72, '2018-09-24 03:00:00', '2018-09-24 03:00:00', 'Santa María', '05706', 19),
(73, '2018-09-24 03:00:00', '2018-09-24 03:00:00', 'Casablanca', '05102', 20),
(74, '2018-09-24 03:00:00', '2018-09-24 03:00:00', 'Concón', '05103', 20),
(75, '2018-09-24 03:00:00', '2018-09-24 03:00:00', 'Juan Fernández', '05104', 20),
(76, '2018-09-24 03:00:00', '2018-09-24 03:00:00', 'Puchuncaví', '05105', 20),
(77, '2018-09-24 03:00:00', '2018-09-24 03:00:00', 'Quilpué', '05801', 20),
(78, '2018-09-24 03:00:00', '2018-09-24 03:00:00', 'Quintero', '05107', 20),
(79, '2018-09-24 03:00:00', '2018-09-24 03:00:00', 'Valparaíso', '05101', 20),
(80, '2018-09-24 03:00:00', '2018-09-24 03:00:00', 'Villa Alemana', '05804', 20),
(81, '2018-09-24 03:00:00', '2018-09-24 03:00:00', 'Viña del Mar', '05109', 20),
(82, '2018-09-24 03:00:00', '2018-09-24 03:00:00', 'Colina', '13301', 21),
(83, '2018-09-24 03:00:00', '2018-09-24 03:00:00', 'Lampa', '13302', 21),
(84, '2018-09-24 03:00:00', '2018-09-24 03:00:00', 'Tiltil', '13303', 21),
(85, '2018-09-24 03:00:00', '2018-09-24 03:00:00', 'Pirque', '13202', 22),
(86, '2018-09-24 03:00:00', '2018-09-24 03:00:00', 'Puente Alto', '13201', 22),
(87, '2018-09-24 03:00:00', '2018-09-24 03:00:00', 'San José de Maipo', '13203', 22),
(88, '2018-09-24 03:00:00', '2018-09-24 03:00:00', 'Buin', '13402', 23),
(89, '2018-09-24 03:00:00', '2018-09-24 03:00:00', 'Calera de Tango', '13403', 23),
(90, '2018-09-24 03:00:00', '2018-09-24 03:00:00', 'Paine', '13404', 23),
(91, '2018-09-24 03:00:00', '2018-09-24 03:00:00', 'San Bernardo', '13401', 23),
(92, '2018-09-24 03:00:00', '2018-09-24 03:00:00', 'Alhué', '13502', 24),
(93, '2018-09-24 03:00:00', '2018-09-24 03:00:00', 'Curacaví', '13503', 24),
(94, '2018-09-24 03:00:00', '2018-09-24 03:00:00', 'María Pinto', '13504', 24),
(95, '2018-09-24 03:00:00', '2018-09-24 03:00:00', 'Melipilla', '13501', 24),
(96, '2018-09-24 03:00:00', '2018-09-24 03:00:00', 'San Pedro', '13505', 24),
(97, '2018-09-24 03:00:00', '2018-09-24 03:00:00', 'Cerrillos', '13102', 25),
(98, '2018-09-24 03:00:00', '2018-09-24 03:00:00', 'Cerro Navia', '13103', 25),
(99, '2018-09-24 03:00:00', '2018-09-24 03:00:00', 'Conchalí', '13104', 25),
(100, '2018-09-24 03:00:00', '2018-09-24 03:00:00', 'El Bosque', '13105', 25),
(101, '2018-09-24 03:00:00', '2018-09-24 03:00:00', 'Estación Central', '13106', 25),
(102, '2018-09-24 03:00:00', '2018-09-24 03:00:00', 'Huechuraba', '13107', 25),
(103, '2018-09-24 03:00:00', '2018-09-24 03:00:00', 'Independencia', '13108', 25),
(104, '2018-09-24 03:00:00', '2018-09-24 03:00:00', 'La Cisterna', '13109', 25),
(105, '2018-09-24 03:00:00', '2018-09-24 03:00:00', 'La Granja', '13111', 25),
(106, '2018-09-24 03:00:00', '2018-09-24 03:00:00', 'La Florida', '13110', 25),
(107, '2018-09-24 03:00:00', '2018-09-24 03:00:00', 'La Pintana', '13112', 25),
(108, '2018-09-24 03:00:00', '2018-09-24 03:00:00', 'La Reina', '13113', 25),
(109, '2018-09-24 03:00:00', '2018-09-24 03:00:00', 'Las Condes', '13114', 25),
(110, '2018-09-24 03:00:00', '2018-09-24 03:00:00', 'Lo Barnechea', '13115', 25),
(111, '2018-09-24 03:00:00', '2018-09-24 03:00:00', 'Lo Espejo', '13116', 25),
(112, '2018-09-24 03:00:00', '2018-09-24 03:00:00', 'Lo Prado', '13117', 25),
(113, '2018-09-24 03:00:00', '2018-09-24 03:00:00', 'Macul', '13118', 25),
(114, '2018-09-24 03:00:00', '2018-09-24 03:00:00', 'Maipú', '13119', 25),
(115, '2018-09-24 03:00:00', '2018-09-24 03:00:00', 'Ñuñoa', '13120', 25),
(116, '2018-09-24 03:00:00', '2018-09-24 03:00:00', 'Pedro Aguirre Cerda', '13121', 25),
(117, '2018-09-24 03:00:00', '2018-09-24 03:00:00', 'Peñalolén', '13122', 25),
(118, '2018-09-24 03:00:00', '2018-09-24 03:00:00', 'Providencia', '13123', 25),
(119, '2018-09-24 03:00:00', '2018-09-24 03:00:00', 'Pudahuel', '13124', 25),
(120, '2018-09-24 03:00:00', '2018-09-24 03:00:00', 'Quilicura', '13125', 25),
(121, '2018-09-24 03:00:00', '2018-09-24 03:00:00', 'Quinta Normal', '13126', 25),
(122, '2018-09-24 03:00:00', '2018-09-24 03:00:00', 'Recoleta', '13127', 25),
(123, '2018-09-24 03:00:00', '2018-09-24 03:00:00', 'Renca', '13128', 25),
(124, '2018-09-24 03:00:00', '2018-09-24 03:00:00', 'San Miguel', '13130', 25),
(125, '2018-09-24 03:00:00', '2018-09-24 03:00:00', 'San Joaquín', '13129', 25),
(126, '2018-09-24 03:00:00', '2018-09-24 03:00:00', 'San Ramón', '13131', 25),
(127, '2018-09-24 03:00:00', '2018-09-24 03:00:00', 'Santiago', '13101', 25),
(128, '2018-09-24 03:00:00', '2018-09-24 03:00:00', 'Vitacura', '13132', 25),
(129, '2018-09-24 03:00:00', '2018-09-24 03:00:00', 'El Monte', '13602', 26),
(130, '2018-09-24 03:00:00', '2018-09-24 03:00:00', 'Isla de Maipo', '13603', 26),
(131, '2018-09-24 03:00:00', '2018-09-24 03:00:00', 'Padre Hurtado', '13604', 26),
(132, '2018-09-24 03:00:00', '2018-09-24 03:00:00', 'Peñaflor', '13605', 26),
(133, '2018-09-24 03:00:00', '2018-09-24 03:00:00', 'Talagante', '13601', 26),
(134, '2018-09-24 03:00:00', '2018-09-24 03:00:00', 'Codegua', '06102', 27),
(135, '2018-09-24 03:00:00', '2018-09-24 03:00:00', 'Coínco', '06103', 27),
(136, '2018-09-24 03:00:00', '2018-09-24 03:00:00', 'Coltauco', '06104', 27),
(137, '2018-09-24 03:00:00', '2018-09-24 03:00:00', 'Doñihue', '06105', 27),
(138, '2018-09-24 03:00:00', '2018-09-24 03:00:00', 'Graneros', '06106', 27),
(139, '2018-09-24 03:00:00', '2018-09-24 03:00:00', 'Las Cabras', '06107', 27),
(140, '2018-09-24 03:00:00', '2018-09-24 03:00:00', 'Machalí', '06108', 27),
(141, '2018-09-24 03:00:00', '2018-09-24 03:00:00', 'Malloa', '06109', 27),
(142, '2018-09-24 03:00:00', '2018-09-24 03:00:00', 'Mostazal', '06110', 27),
(143, '2018-09-24 03:00:00', '2018-09-24 03:00:00', 'Olivar', '06111', 27),
(144, '2018-09-24 03:00:00', '2018-09-24 03:00:00', 'Peumo', '06112', 27),
(145, '2018-09-24 03:00:00', '2018-09-24 03:00:00', 'Pichidegua', '06113', 27),
(146, '2018-09-24 03:00:00', '2018-09-24 03:00:00', 'Quinta de Tilcoco', '06114', 27),
(147, '2018-09-24 03:00:00', '2018-09-24 03:00:00', 'Rancagua', '06101', 27),
(148, '2018-09-24 03:00:00', '2018-09-24 03:00:00', 'Rengo', '06115', 27),
(149, '2018-09-24 03:00:00', '2018-09-24 03:00:00', 'Requínoa', '06116', 27),
(150, '2018-09-24 03:00:00', '2018-09-24 03:00:00', 'San Vicente de Tagua Tagua', '06117', 27),
(151, '2018-09-24 03:00:00', '2018-09-24 03:00:00', 'La Estrella', '06202', 28),
(152, '2018-09-24 03:00:00', '2018-09-24 03:00:00', 'Litueche', '06203', 28),
(153, '2018-09-24 03:00:00', '2018-09-24 03:00:00', 'Marchihue', '06204', 28),
(154, '2018-09-24 03:00:00', '2018-09-24 03:00:00', 'Navidad', '06205', 28),
(155, '2018-09-24 03:00:00', '2018-09-24 03:00:00', 'Peredones', '06206', 28),
(156, '2018-09-24 03:00:00', '2018-09-24 03:00:00', 'Pichilemu', '06201', 28),
(157, '2018-09-24 03:00:00', '2018-09-24 03:00:00', 'Chépica', '06302', 29),
(158, '2018-09-24 03:00:00', '2018-09-24 03:00:00', 'Chimbarongo', '06303', 29),
(159, '2018-09-24 03:00:00', '2018-09-24 03:00:00', 'Lolol', '06304', 29),
(160, '2018-09-24 03:00:00', '2018-09-24 03:00:00', 'Nancagua', '06305', 29),
(161, '2018-09-24 03:00:00', '2018-09-24 03:00:00', 'Palmilla', '06306', 29),
(162, '2018-09-24 03:00:00', '2018-09-24 03:00:00', 'Peralillo', '06307', 29),
(163, '2018-09-24 03:00:00', '2018-09-24 03:00:00', 'Placilla', '06308', 29),
(164, '2018-09-24 03:00:00', '2018-09-24 03:00:00', 'Pumanque', '06309', 29),
(165, '2018-09-24 03:00:00', '2018-09-24 03:00:00', 'San Fernando', '06301', 29),
(166, '2018-09-24 03:00:00', '2018-09-24 03:00:00', 'Santa Cruz', '06310', 29),
(167, '2018-09-24 03:00:00', '2018-09-24 03:00:00', 'Cauquenes', '07201', 30),
(168, '2018-09-24 03:00:00', '2018-09-24 03:00:00', 'Chanco', '07202', 30),
(169, '2018-09-24 03:00:00', '2018-09-24 03:00:00', 'Pelluhue', '07203', 30),
(170, '2018-09-24 03:00:00', '2018-09-24 03:00:00', 'Curicó', '07301', 31),
(171, '2018-09-24 03:00:00', '2018-09-24 03:00:00', 'Hualañé', '07302', 31),
(172, '2018-09-24 03:00:00', '2018-09-24 03:00:00', 'Licantén', '07303', 31),
(173, '2018-09-24 03:00:00', '2018-09-24 03:00:00', 'Molina', '07304', 31),
(174, '2018-09-24 03:00:00', '2018-09-24 03:00:00', 'Rauco', '07305', 31),
(175, '2018-09-24 03:00:00', '2018-09-24 03:00:00', 'Romeral', '07306', 31),
(176, '2018-09-24 03:00:00', '2018-09-24 03:00:00', 'Sagrada Familia', '07307', 31),
(177, '2018-09-24 03:00:00', '2018-09-24 03:00:00', 'Teno', '07308', 31),
(178, '2018-09-24 03:00:00', '2018-09-24 03:00:00', 'Vichuquén', '07309', 31),
(179, '2018-09-24 03:00:00', '2018-09-24 03:00:00', 'Colbún', '07402', 32),
(180, '2018-09-24 03:00:00', '2018-09-24 03:00:00', 'Linares', '07401', 32),
(181, '2018-09-24 03:00:00', '2018-09-24 03:00:00', 'Longaví', '07403', 32),
(182, '2018-09-24 03:00:00', '2018-09-24 03:00:00', 'Parral', '07404', 32),
(183, '2018-09-24 03:00:00', '2018-09-24 03:00:00', 'Retiro', '07405', 32),
(184, '2018-09-24 03:00:00', '2018-09-24 03:00:00', 'San Javier', '07406', 32),
(185, '2018-09-24 03:00:00', '2018-09-24 03:00:00', 'Villa Alegre', '07407', 32),
(186, '2018-09-24 03:00:00', '2018-09-24 03:00:00', 'Yerbas Buenas', '07408', 32),
(187, '2018-09-24 03:00:00', '2018-09-24 03:00:00', 'Constitución', '07102', 33),
(188, '2018-09-24 03:00:00', '2018-09-24 03:00:00', 'Curepto', '07103', 33),
(189, '2018-09-24 03:00:00', '2018-09-24 03:00:00', 'Empedrado', '07104', 33),
(190, '2018-09-24 03:00:00', '2018-09-24 03:00:00', 'Maule', '07105', 33),
(191, '2018-09-24 03:00:00', '2018-09-24 03:00:00', 'Pelarco', '07106', 33),
(192, '2018-09-24 03:00:00', '2018-09-24 03:00:00', 'Pencahue', '07107', 33),
(193, '2018-09-24 03:00:00', '2018-09-24 03:00:00', 'Río Claro', '07108', 33),
(194, '2018-09-24 03:00:00', '2018-09-24 03:00:00', 'San Clemente', '07109', 33),
(195, '2018-09-24 03:00:00', '2018-09-24 03:00:00', 'San Rafael', '07110', 33),
(196, '2018-09-24 03:00:00', '2018-09-24 03:00:00', 'Talca', '07101', 33),
(197, '2018-09-24 03:00:00', '2018-09-24 03:00:00', 'Arauco', '08202', 34),
(198, '2018-09-24 03:00:00', '2018-09-24 03:00:00', 'Cañete', '08203', 34),
(199, '2018-09-24 03:00:00', '2018-09-24 03:00:00', 'Contulmo', '08204', 34),
(200, '2018-09-24 03:00:00', '2018-09-24 03:00:00', 'Curanilahue', '08205', 34),
(201, '2018-09-24 03:00:00', '2018-09-24 03:00:00', 'Lebu', '08201', 34),
(202, '2018-09-24 03:00:00', '2018-09-24 03:00:00', 'Los Álamos', '08206', 34),
(203, '2018-09-24 03:00:00', '2018-09-24 03:00:00', 'Tirúa', '08207', 34),
(204, '2018-09-24 03:00:00', '2018-09-24 03:00:00', 'Alto Biobío', '08314', 35),
(205, '2018-09-24 03:00:00', '2018-09-24 03:00:00', 'Antuco', '08302', 35),
(206, '2018-09-24 03:00:00', '2018-09-24 03:00:00', 'Cabrero', '08303', 35),
(207, '2018-09-24 03:00:00', '2018-09-24 03:00:00', 'Laja', '08304', 35),
(208, '2018-09-24 03:00:00', '2018-09-24 03:00:00', 'Los Ángeles', '08301', 35),
(209, '2018-09-24 03:00:00', '2018-09-24 03:00:00', 'Mulchén', '08305', 35),
(210, '2018-09-24 03:00:00', '2018-09-24 03:00:00', 'Nacimiento', '08306', 35),
(211, '2018-09-24 03:00:00', '2018-09-24 03:00:00', 'Negrete', '08307', 35),
(212, '2018-09-24 03:00:00', '2018-09-24 03:00:00', 'Quilaco', '08308', 35),
(213, '2018-09-24 03:00:00', '2018-09-24 03:00:00', 'Quilleco', '08309', 35),
(214, '2018-09-24 03:00:00', '2018-09-24 03:00:00', 'San Rosendo', '08310', 35),
(215, '2018-09-24 03:00:00', '2018-09-24 03:00:00', 'Santa Bárbara', '08311', 35),
(216, '2018-09-24 03:00:00', '2018-09-24 03:00:00', 'Tucapel', '08312', 35),
(217, '2018-09-24 03:00:00', '2018-09-24 03:00:00', 'Yumbel', '08313', 35),
(218, '2018-09-24 03:00:00', '2018-09-24 03:00:00', 'Chiguayante', '08103', 36),
(219, '2018-09-24 03:00:00', '2018-09-24 03:00:00', 'Concepción', '08101', 36),
(220, '2018-09-24 03:00:00', '2018-09-24 03:00:00', 'Coronel', '08102', 36),
(221, '2018-09-24 03:00:00', '2018-09-24 03:00:00', 'Florida', '08104', 36),
(222, '2018-09-24 03:00:00', '2018-09-24 03:00:00', 'Hualpén', '08112', 36),
(223, '2018-09-24 03:00:00', '2018-09-24 03:00:00', 'Hualqui', '08105', 36),
(224, '2018-09-24 03:00:00', '2018-09-24 03:00:00', 'Lota', '08106', 36),
(225, '2018-09-24 03:00:00', '2018-09-24 03:00:00', 'Penco', '08107', 36),
(226, '2018-09-24 03:00:00', '2018-09-24 03:00:00', 'San Pedro de La Paz', '08108', 36),
(227, '2018-09-24 03:00:00', '2018-09-24 03:00:00', 'Santa Juana', '08109', 36),
(228, '2018-09-24 03:00:00', '2018-09-24 03:00:00', 'Talcahuano', '08110', 36),
(229, '2018-09-24 03:00:00', '2018-09-24 03:00:00', 'Tomé', '08111', 36),
(230, '2018-09-24 03:00:00', '2018-09-24 03:00:00', 'Bulnes', '08402', 37),
(231, '2018-09-24 03:00:00', '2018-09-24 03:00:00', 'Chillán', '08401', 37),
(232, '2018-09-24 03:00:00', '2018-09-24 03:00:00', 'Chillán Viejo', '08406', 37),
(233, '2018-09-24 03:00:00', '2018-09-24 03:00:00', 'Cobquecura', '08403', 37),
(234, '2018-09-24 03:00:00', '2018-09-24 03:00:00', 'Coelemu', '08404', 37),
(235, '2018-09-24 03:00:00', '2018-09-24 03:00:00', 'Coihueco', '08405', 37),
(236, '2018-09-24 03:00:00', '2018-09-24 03:00:00', 'El Carmen', '08407', 37),
(237, '2018-09-24 03:00:00', '2018-09-24 03:00:00', 'Ninhue', '08408', 37),
(238, '2018-09-24 03:00:00', '2018-09-24 03:00:00', 'Ñiquen', '08409', 37),
(239, '2018-09-24 03:00:00', '2018-09-24 03:00:00', 'Pemuco', '08410', 37),
(240, '2018-09-24 03:00:00', '2018-09-24 03:00:00', 'Pinto', '08411', 37),
(241, '2018-09-24 03:00:00', '2018-09-24 03:00:00', 'Portezuelo', '08412', 37),
(242, '2018-09-24 03:00:00', '2018-09-24 03:00:00', 'Quillón', '08413', 37),
(243, '2018-09-24 03:00:00', '2018-09-24 03:00:00', 'Quirihue', '08414', 37),
(244, '2018-09-24 03:00:00', '2018-09-24 03:00:00', 'Ránquil', '08415', 37),
(245, '2018-09-24 03:00:00', '2018-09-24 03:00:00', 'San Carlos', '08416', 37),
(246, '2018-09-24 03:00:00', '2018-09-24 03:00:00', 'San Fabián', '08417', 37),
(247, '2018-09-24 03:00:00', '2018-09-24 03:00:00', 'San Ignacio', '08418', 37),
(248, '2018-09-24 03:00:00', '2018-09-24 03:00:00', 'San Nicolás', '08419', 37),
(249, '2018-09-24 03:00:00', '2018-09-24 03:00:00', 'Treguaco', '08420', 37),
(250, '2018-09-24 03:00:00', '2018-09-24 03:00:00', 'Yungay', '08421', 37),
(251, '2018-09-24 03:00:00', '2018-09-24 03:00:00', 'Carahue', '09102', 38),
(252, '2018-09-24 03:00:00', '2018-09-24 03:00:00', 'Cholchol', '09121', 38),
(253, '2018-09-24 03:00:00', '2018-09-24 03:00:00', 'Cunco', '09103', 38),
(254, '2018-09-24 03:00:00', '2018-09-24 03:00:00', 'Curarrehue', '09104', 38),
(255, '2018-09-24 03:00:00', '2018-09-24 03:00:00', 'Freire', '09105', 38),
(256, '2018-09-24 03:00:00', '2018-09-24 03:00:00', 'Galvarino', '09106', 38),
(257, '2018-09-24 03:00:00', '2018-09-24 03:00:00', 'Gorbea', '09107', 38),
(258, '2018-09-24 03:00:00', '2018-09-24 03:00:00', 'Lautaro', '09108', 38),
(259, '2018-09-24 03:00:00', '2018-09-24 03:00:00', 'Loncoche', '09109', 38),
(260, '2018-09-24 03:00:00', '2018-09-24 03:00:00', 'Melipeuco', '09110', 38),
(261, '2018-09-24 03:00:00', '2018-09-24 03:00:00', 'Nueva Imperial', '09111', 38),
(262, '2018-09-24 03:00:00', '2018-09-24 03:00:00', 'Padre Las Casas', '09112', 38),
(263, '2018-09-24 03:00:00', '2018-09-24 03:00:00', 'Perquenco', '09113', 38),
(264, '2018-09-24 03:00:00', '2018-09-24 03:00:00', 'Pitrufquén', '09114', 38),
(265, '2018-09-24 03:00:00', '2018-09-24 03:00:00', 'Pucón', '09115', 38),
(266, '2018-09-24 03:00:00', '2018-09-24 03:00:00', 'Saavedra', '09116', 38),
(267, '2018-09-24 03:00:00', '2018-09-24 03:00:00', 'Temuco', '09101', 38),
(268, '2018-09-24 03:00:00', '2018-09-24 03:00:00', 'Teodoro Schmidt', '09117', 38),
(269, '2018-09-24 03:00:00', '2018-09-24 03:00:00', 'Toltén', '09118', 38),
(270, '2018-09-24 03:00:00', '2018-09-24 03:00:00', 'Vilcún', '09119', 38),
(271, '2018-09-24 03:00:00', '2018-09-24 03:00:00', 'Villarrica', '09120', 38),
(272, '2018-09-24 03:00:00', '2018-09-24 03:00:00', 'Angol', '09201', 39),
(273, '2018-09-24 03:00:00', '2018-09-24 03:00:00', 'Collipulli', '09202', 39),
(274, '2018-09-24 03:00:00', '2018-09-24 03:00:00', 'Curacautín', '09203', 39),
(275, '2018-09-24 03:00:00', '2018-09-24 03:00:00', 'Ercilla', '09204', 39),
(276, '2018-09-24 03:00:00', '2018-09-24 03:00:00', 'Lonquimay', '09205', 39),
(277, '2018-09-24 03:00:00', '2018-09-24 03:00:00', 'Los Sauces', '09206', 39),
(278, '2018-09-24 03:00:00', '2018-09-24 03:00:00', 'Lumaco', '09207', 39),
(279, '2018-09-24 03:00:00', '2018-09-24 03:00:00', 'Purén', '09208', 39),
(280, '2018-09-24 03:00:00', '2018-09-24 03:00:00', 'Renaico', '09209', 39),
(281, '2018-09-24 03:00:00', '2018-09-24 03:00:00', 'Traiguén', '09210', 39),
(282, '2018-09-24 03:00:00', '2018-09-24 03:00:00', 'Victoria', '09211', 39),
(283, '2018-09-24 03:00:00', '2018-09-24 03:00:00', 'Corral', '14102', 40),
(284, '2018-09-24 03:00:00', '2018-09-24 03:00:00', 'Lanco', '14103', 40),
(285, '2018-09-24 03:00:00', '2018-09-24 03:00:00', 'Los Lagos', '14104', 40),
(286, '2018-09-24 03:00:00', '2018-09-24 03:00:00', 'Máfil', '14105', 40),
(287, '2018-09-24 03:00:00', '2018-09-24 03:00:00', 'Mariquina', '14106', 40),
(288, '2018-09-24 03:00:00', '2018-09-24 03:00:00', 'Paillaco', '14107', 40),
(289, '2018-09-24 03:00:00', '2018-09-24 03:00:00', 'Panguipulli', '14108', 40),
(290, '2018-09-24 03:00:00', '2018-09-24 03:00:00', 'Valdivia', '14101', 40),
(291, '2018-09-24 03:00:00', '2018-09-24 03:00:00', 'Futrono', '14202', 41),
(292, '2018-09-24 03:00:00', '2018-09-24 03:00:00', 'La Unión', '14201', 41),
(293, '2018-09-24 03:00:00', '2018-09-24 03:00:00', 'Lago Ranco', '14203', 41),
(294, '2018-09-24 03:00:00', '2018-09-24 03:00:00', 'Río Bueno', '14204', 41),
(295, '2018-09-24 03:00:00', '2018-09-24 03:00:00', 'Ancud', '10202', 42),
(296, '2018-09-24 03:00:00', '2018-09-24 03:00:00', 'Castro', '10201', 42),
(297, '2018-09-24 03:00:00', '2018-09-24 03:00:00', 'Chonchi', '10203', 42),
(298, '2018-09-24 03:00:00', '2018-09-24 03:00:00', 'Curaco de Vélez', '10204', 42),
(299, '2018-09-24 03:00:00', '2018-09-24 03:00:00', 'Dalcahue', '10205', 42),
(300, '2018-09-24 03:00:00', '2018-09-24 03:00:00', 'Puqueldón', '10206', 42),
(301, '2018-09-24 03:00:00', '2018-09-24 03:00:00', 'Queilén', '10207', 42),
(302, '2018-09-24 03:00:00', '2018-09-24 03:00:00', 'Quemchi', '10209', 42),
(303, '2018-09-24 03:00:00', '2018-09-24 03:00:00', 'Quellón', '10208', 42),
(304, '2018-09-24 03:00:00', '2018-09-24 03:00:00', 'Quinchao', '10210', 42),
(305, '2018-09-24 03:00:00', '2018-09-24 03:00:00', 'Calbuco', '10102', 43),
(306, '2018-09-24 03:00:00', '2018-09-24 03:00:00', 'Cochamó', '10103', 43),
(307, '2018-09-24 03:00:00', '2018-09-24 03:00:00', 'Fresia', '10104', 43),
(308, '2018-09-24 03:00:00', '2018-09-24 03:00:00', 'Frutillar', '10105', 43),
(309, '2018-09-24 03:00:00', '2018-09-24 03:00:00', 'Llanquihue', '10107', 43),
(310, '2018-09-24 03:00:00', '2018-09-24 03:00:00', 'Los Muermos', '10106', 43),
(311, '2018-09-24 03:00:00', '2018-09-24 03:00:00', 'Maullín', '10108', 43),
(312, '2018-09-24 03:00:00', '2018-09-24 03:00:00', 'Puerto Montt', '10101', 43),
(313, '2018-09-24 03:00:00', '2018-09-24 03:00:00', 'Puerto Varas', '10109', 43),
(314, '2018-09-24 03:00:00', '2018-09-24 03:00:00', 'Osorno', '10301', 44),
(315, '2018-09-24 03:00:00', '2018-09-24 03:00:00', 'Puero Octay', '10302', 44),
(316, '2018-09-24 03:00:00', '2018-09-24 03:00:00', 'Purranque', '10303', 44),
(317, '2018-09-24 03:00:00', '2018-09-24 03:00:00', 'Puyehue', '10304', 44),
(318, '2018-09-24 03:00:00', '2018-09-24 03:00:00', 'Río Negro', '10305', 44),
(319, '2018-09-24 03:00:00', '2018-09-24 03:00:00', 'San Juan de la Costa', '10306', 44),
(320, '2018-09-24 03:00:00', '2018-09-24 03:00:00', 'San Pablo', '10307', 44),
(321, '2018-09-24 03:00:00', '2018-09-24 03:00:00', 'Chaitén', '10401', 45),
(322, '2018-09-24 03:00:00', '2018-09-24 03:00:00', 'Futaleufú', '10402', 45),
(323, '2018-09-24 03:00:00', '2018-09-24 03:00:00', 'Hualaihué', '10403', 45),
(324, '2018-09-24 03:00:00', '2018-09-24 03:00:00', 'Palena', '10404', 45),
(325, '2018-09-24 03:00:00', '2018-09-24 03:00:00', 'Aisén', '11201', 46),
(326, '2018-09-24 03:00:00', '2018-09-24 03:00:00', 'Cisnes', '11202', 46),
(327, '2018-09-24 03:00:00', '2018-09-24 03:00:00', 'Guaitecas', '11203', 46),
(328, '2018-09-24 03:00:00', '2018-09-24 03:00:00', 'Cochrane', '11301', 47),
(329, '2018-09-24 03:00:00', '2018-09-24 03:00:00', 'O\'higgins', '11302', 47),
(330, '2018-09-24 03:00:00', '2018-09-24 03:00:00', 'Tortel', '11303', 47),
(331, '2018-09-24 03:00:00', '2018-09-24 03:00:00', 'Coihaique', '11101', 48),
(332, '2018-09-24 03:00:00', '2018-09-24 03:00:00', 'Lago Verde', '11102', 48),
(333, '2018-09-24 03:00:00', '2018-09-24 03:00:00', 'Chile Chico', '11401', 49),
(334, '2018-09-24 03:00:00', '2018-09-24 03:00:00', 'Río Ibáñez', '11402', 49),
(335, '2018-09-24 03:00:00', '2018-09-24 03:00:00', 'Antártica', '12202', 50),
(336, '2018-09-24 03:00:00', '2018-09-24 03:00:00', 'Cabo de Hornos', '12201', 50),
(337, '2018-09-24 03:00:00', '2018-09-24 03:00:00', 'Laguna Blanca', '12102', 51),
(338, '2018-09-24 03:00:00', '2018-09-24 03:00:00', 'Punta Arenas', '12101', 51),
(339, '2018-09-24 03:00:00', '2018-09-24 03:00:00', 'Río Verde', '12103', 51),
(340, '2018-09-24 03:00:00', '2018-09-24 03:00:00', 'San Gregorio', '12104', 51),
(341, '2018-09-24 03:00:00', '2018-09-24 03:00:00', 'Porvenir', '12301', 52),
(342, '2018-09-24 03:00:00', '2018-09-24 03:00:00', 'Primavera', '12302', 52),
(343, '2018-09-24 03:00:00', '2018-09-24 03:00:00', 'Timaukel', '12303', 52),
(344, '2018-09-24 03:00:00', '2018-09-24 03:00:00', 'Natales', '12401', 53),
(345, '2018-09-24 03:00:00', '2018-09-24 03:00:00', 'Torres del Paine', '12402', 53);


REPLACE INTO `direcciones` (`id`, `created_at`, `updated_at`, `idComuna`, `calle`, `nroCalle`, `bloqueTorre`, `dpto`) VALUES
(1, NULL, NULL, 100, 'AVENIDA CENTRAL', '885', NULL, NULL),
(2, NULL, NULL, 104, 'ALEJANDRO VIAL', '8730', NULL, NULL),
(3, NULL, NULL, 104, 'PASAJE ELEUTERIO RAMIREZ', '9105', NULL, NULL),
(4, NULL, '2018-09-28 04:42:29', 126, 'FRANCISCO ENCINA', '1640', NULL, NULL),
(5, NULL, NULL, 126, 'CADETE ORLANDO MEDINA', '1699', NULL, NULL),
(6, NULL, '2018-09-28 04:27:01', 104, 'SAN PEDRO', '9153', NULL, NULL),
(7, NULL, NULL, 104, 'SANPPEDRO 9153', '9153', NULL, NULL),
(8, NULL, NULL, 105, 'OSCAR CASTRO', '10381', NULL, NULL),
(9, NULL, NULL, 91, 'JOSE JUAQUIN PRIETO', '8360', '2', '34'),
(10, NULL, NULL, 104, 'PJE ANIBAL PINTO', '9129', NULL, NULL),
(11, NULL, '2018-09-27 22:46:20', 91, 'PASAJE PENTECOSTES', '1787', NULL, NULL),
(12, NULL, NULL, 126, 'PSJE ANTARTICA CHILENA', '1700', NULL, NULL),
(13, NULL, NULL, 97, 'AERODROMO GENERAL RAMON FREIRE', '3007', NULL, NULL),
(14, NULL, NULL, 97, 'AERODROMO GENERAL RAMON FREIRE', '3007', NULL, NULL),
(15, NULL, NULL, 107, 'PASAJE A', '12745', NULL, NULL),
(16, NULL, NULL, 91, 'PASAJE LAUTARO', '10538', NULL, NULL),
(17, NULL, NULL, 100, 'AV PADRE HURTADO', '11320', NULL, NULL),
(18, NULL, NULL, 126, 'VICUÑA MACKENNA', '1923', NULL, NULL),
(19, NULL, NULL, 126, 'PSJE 4', '9540', NULL, NULL),
(20, NULL, NULL, 126, 'VICUÑA MACKENNA', '1881', NULL, NULL),
(21, NULL, NULL, 126, 'SAN FRANCISCO', '9484', NULL, NULL),
(22, NULL, NULL, 126, 'PASAJE LA CONCEPCION', '1828', NULL, NULL),
(23, NULL, NULL, 100, 'BALMACEDA', '312', '6', '33'),
(24, NULL, NULL, 104, 'CALLE CAMIÑA', '1406', NULL, NULL),
(25, NULL, '2018-09-27 21:54:36', 104, 'TORREBLANCA', '761', NULL, NULL),
(26, NULL, NULL, 104, 'IGNACIO ECHEVERRIA', '8240', NULL, NULL),
(27, NULL, NULL, 116, 'PJE.MINISTERIO', '2538', NULL, NULL),
(28, NULL, '2018-09-27 21:12:38', 116, 'VECINAL', '2767', NULL, 'E'),
(29, NULL, NULL, 116, 'COVARRUBIAS', '10225', NULL, NULL),
(30, NULL, NULL, 100, 'PASAJE RIO LAJA', '1300', NULL, NULL),
(31, NULL, NULL, 126, 'AURORA DE CHILE', '9931', NULL, NULL),
(32, NULL, NULL, 126, 'CALLE UNO', '1879', NULL, NULL),
(33, NULL, NULL, 105, 'SOFIA CARMONA', '91', 'N', '355'),
(34, NULL, '2018-09-28 22:32:22', 105, 'SOFIA CARMONA', '091', 'A', '502'),
(35, NULL, '2018-09-28 22:36:53', 105, 'SOFIA CARMONA', '091', 'A', '502'),
(36, NULL, '2018-09-27 20:15:31', 104, 'ERNESTO RIQUELME', '534', NULL, NULL),
(37, NULL, '2018-09-28 15:07:23', 105, 'ANITA ARAYA', '8301', NULL, NULL),
(38, NULL, NULL, 105, 'EL ESFUERZO', '1138', NULL, NULL),
(39, NULL, '2018-09-28 22:24:14', 105, 'PJE 5 PONIENTE.VILLA LAS DALIAS', '8276', NULL, NULL),
(40, NULL, NULL, 104, 'PEDRO AGUIRRE CERDA VILLA MAGDALENA 2', '10991', NULL, NULL),
(41, NULL, '2018-09-27 21:44:58', 104, 'CARLOS CONDELL', '696', 'Torre 2', '119'),
(42, NULL, NULL, 104, 'CARLOS CONDELL', '696', '2', '119'),
(43, NULL, NULL, 104, 'SAN MIGUEL', '9083', NULL, NULL),
(44, NULL, NULL, 100, 'PJE 35', '1275', NULL, NULL),
(45, NULL, NULL, 100, 'LOS OLIVOS', '10621', NULL, '103'),
(46, NULL, NULL, 100, 'RIO RAPEL', '13230', NULL, NULL),
(47, NULL, NULL, 104, 'VICUÑA MACKENNA', '669', 'A', '717'),
(48, NULL, NULL, 100, 'CALLE EL PINO', '75', NULL, NULL),
(49, NULL, '2018-09-28 03:30:15', 107, 'ALMIRANTE LA TORRE', '10989', '2', '26'),
(50, NULL, NULL, 100, 'NUEVA ORIENTE', '9624', NULL, NULL),
(51, NULL, '2018-09-27 22:20:28', 100, 'SUR', '866', NULL, NULL),
(52, NULL, '2018-09-28 00:23:58', 104, 'VICUÑA MACKENNA', '980', '2', '11'),
(53, NULL, '2018-09-28 03:52:59', 100, 'LOS ABEDULES', '11847', NULL, NULL),
(54, NULL, NULL, 100, 'PASAJE LAS CATALPAS', '11947', NULL, NULL),
(55, NULL, NULL, 104, 'AV CARLOS CONDELL', '1699', NULL, NULL),
(56, NULL, NULL, 100, 'ESPERANZA', '600', NULL, NULL),
(57, NULL, '2018-09-27 21:54:10', 100, 'COLONIAL PASAJE 1', '11719', NULL, 'E'),
(58, NULL, '2018-09-28 00:37:33', 100, 'CALLE SIERRA', '9315', NULL, 'Casa'),
(59, NULL, '2018-09-28 04:48:55', 104, 'AVENIDA OSSA', '1052', NULL, NULL),
(60, NULL, NULL, 100, 'MINISTRO BONILLA', '940', NULL, NULL),
(61, NULL, NULL, 107, 'ARCOS DE LA FRONTERA', '10604', NULL, NULL),
(62, NULL, NULL, 104, 'GOYCOLEA', '467', NULL, '503'),
(63, NULL, NULL, 100, 'IGNACIO ECHEVERRIA', '8345', NULL, NULL),
(64, NULL, NULL, 104, 'IGNACIO ECHEVERRIA', '8345', NULL, NULL),
(65, NULL, NULL, 126, 'PARAGUAY', '1121', NULL, NULL),
(66, NULL, '2018-09-27 19:31:14', 100, 'AVENIDA COLONIAL PASAJE 9', '11869', NULL, NULL),
(67, NULL, '2018-09-27 18:20:07', 126, 'QUINTIN ROMERO', '1870', NULL, NULL),
(68, NULL, NULL, 100, 'OVILICANTE', '13210', NULL, NULL),
(69, NULL, NULL, 104, 'PAZ', '8449', NULL, NULL),
(70, NULL, NULL, 100, 'CAPITAN DANILO VICENCIO', '635', NULL, NULL),
(71, NULL, NULL, 107, 'PASAJE LEUCOTON', '829', NULL, NULL),
(72, NULL, NULL, 104, 'SANTA EDUVIGES', '1364', NULL, NULL),
(73, NULL, NULL, 100, 'LOS RETAMOS', '10720', NULL, NULL),
(74, NULL, NULL, 100, 'MARIA ISABEL', '8461', NULL, NULL),
(75, NULL, '2018-09-28 03:24:14', 100, 'LOS SAUCES', '1317', NULL, NULL),
(76, NULL, NULL, 100, 'LOS SAUCES', '1005', NULL, NULL),
(77, NULL, NULL, 111, 'FRANCISCO DE ENCINA', '9199', NULL, NULL),
(78, NULL, NULL, 100, 'LA ESMERALDA', '11343', NULL, NULL),
(79, NULL, NULL, 91, 'AVENIDA ESTRELLA DE BELEN', '1584', NULL, NULL),
(80, NULL, NULL, 104, 'AVENIDA ESTRELLA DE BELEN', '1584', NULL, NULL),
(81, NULL, NULL, 126, 'PASAJE 5', '2824', NULL, NULL),
(82, NULL, '2018-09-28 17:07:58', 104, 'CAPITÁN THOMPSON', '9549', NULL, NULL),
(83, NULL, NULL, 126, 'ALPATACAL', '1461', NULL, NULL),
(84, NULL, '2018-09-27 23:40:32', 126, 'EUGENIO MATTE HURTADO', '9584', NULL, NULL),
(85, NULL, NULL, 105, 'MANUEL RODRIGUEZ', '395', NULL, NULL),
(86, NULL, NULL, 104, 'ANIBAL ZAÑARTU', '8351', NULL, 'CASA'),
(87, NULL, '2018-09-29 05:26:44', 104, 'CAPITHAN THOMPSON', '9478', NULL, NULL),
(88, NULL, NULL, 91, 'GABRIEL DE AVILES', '14287', NULL, NULL),
(89, NULL, NULL, 100, 'GENERAL MANUEL TOBARIAS', '602', NULL, '304'),
(90, NULL, NULL, 100, 'PASAJE 4', '9626', NULL, NULL),
(91, NULL, NULL, 124, 'SAN NICOLAS', '1250', 'UNICO', '206'),
(92, NULL, NULL, 100, 'LOS AVIADORES', '882', NULL, NULL),
(93, NULL, NULL, 100, 'LLANCAHUE', '1435', 'P', '16'),
(94, NULL, NULL, 100, 'AVIADORES', '882', NULL, NULL),
(95, NULL, NULL, 104, 'TRINIDAD RAMIREZ', '1007', NULL, NULL),
(96, NULL, NULL, 126, 'PASAJE RENE SCHNEIDER', '9128', NULL, NULL),
(97, NULL, NULL, 126, 'FERNANDEZ ALBANO', '9465', NULL, NULL),
(98, NULL, NULL, 104, 'VENANCIA LEIVA', '1664', NULL, NULL),
(99, NULL, NULL, 126, 'MARIA VIAL', '8759', NULL, NULL),
(100, NULL, NULL, 104, 'SAN PEDRO', '9184', NULL, NULL),
(101, NULL, '2018-09-28 00:44:18', 104, 'GOYCOLEA', '086', 'C', '507'),
(102, NULL, '2018-09-28 17:18:36', 116, 'RAUL FUICA', '4863', NULL, NULL),
(103, NULL, NULL, 100, 'EL PILLAN', '1187', NULL, NULL),
(104, NULL, NULL, 104, 'LOS LINGUES', '11252', NULL, NULL),
(105, NULL, NULL, 100, 'COLO COLO', '9725', NULL, NULL),
(106, NULL, '2018-09-27 22:35:06', 100, 'Laura León Coloma', '930', 'Laura leon #930', 'Laura leon #930'),
(107, NULL, NULL, 100, 'AVENIDA PADRE HURTADO', '12809', NULL, NULL),
(108, NULL, NULL, 107, 'JULIO BARRENECHEA', '738', NULL, NULL),
(109, NULL, '2018-09-28 17:43:32', 100, 'LOS OLIVOS', '10682', NULL, '3300101'),
(110, NULL, NULL, 111, 'JUAN FRANCISCO GONSALEZ', '8755', 'M', '12'),
(111, NULL, NULL, 111, 'CALLE SIERRA', '9227', NULL, NULL),
(112, NULL, NULL, 91, 'RAFAELSOTOMAYOR', '1100', NULL, '10'),
(113, NULL, NULL, 111, 'FRANCISCO ASTABURUAGA', '500', NULL, NULL),
(114, NULL, '2018-09-28 03:02:17', 111, 'BALMACEDA', '2787', NULL, 'Casa'),
(115, NULL, NULL, 111, 'FERRARI', '9248', NULL, '8'),
(116, NULL, NULL, 91, 'KOMPU NEWEN', '10652', NULL, '1'),
(117, NULL, NULL, 111, 'PASAJE LAS MERCEDES', '2625', NULL, NULL),
(118, NULL, NULL, 124, 'CARLOS CONDELL', '696', '1', '707'),
(119, NULL, '2018-09-28 04:31:04', 124, 'NOVENA AVENIDA', '1628', NULL, NULL),
(120, NULL, NULL, 100, 'CAPITAN THOMPSON', '9643', NULL, NULL),
(121, NULL, '2018-09-28 04:53:08', 111, 'FERRARI', '9017', NULL, NULL),
(122, NULL, '2018-09-28 15:13:52', 104, 'PEDRO AGUIRRE CERDA', '0256', 'E', '119'),
(123, NULL, NULL, 100, 'LLANCAHUE', '1435', 'J', '21'),
(124, NULL, NULL, 104, 'JOSE JOAQUIN PRIETO VIAL', '8340', '3', '345'),
(125, NULL, NULL, 105, 'LA SERENA', '660', NULL, NULL),
(126, NULL, '2018-09-27 19:39:09', 105, 'PASAJE ISLA DESOLACION', '8668', NULL, NULL),
(127, NULL, NULL, 126, 'CHACABUCO', '9440', NULL, NULL),
(128, NULL, '2018-09-28 21:19:26', 105, 'PRESIDENTE EISENHOWER', '0199', NULL, NULL),
(129, NULL, NULL, 105, 'PASAJE MATAVERI', '8521', NULL, NULL),
(130, NULL, '2018-09-29 02:06:02', 100, 'CONTINENTAL CASA 1', '11712', NULL, NULL),
(131, NULL, NULL, 107, 'GIL DE CASTRO', '2988', NULL, NULL),
(132, NULL, NULL, 107, 'SAN JUAN BAUTISTA', '10663', NULL, '15'),
(133, NULL, NULL, 100, 'CLARO DE LUNA VILLA SALVADOR DALÍ', '1639', NULL, NULL),
(134, NULL, NULL, 126, 'LAS CANTERAS', '692', NULL, NULL),
(135, NULL, NULL, 100, 'RIQUELME', '1535', NULL, NULL),
(136, NULL, NULL, 107, 'AURELIO DIAZ MEZA', '632', NULL, NULL),
(137, NULL, NULL, 104, 'IGNACIO ECHEVERRIA', '8541', NULL, NULL),
(138, NULL, NULL, 104, 'VICUÑA MACKENNA', '980', '17', '21'),
(139, NULL, NULL, 100, 'ANIBAL PINTO', '9761', NULL, NULL),
(140, NULL, NULL, 104, 'GOYCOLEA', '496', NULL, '414'),
(141, NULL, NULL, 107, 'AVENIDA OBSERVATORIO VILLA SAN MATIAS', '2336', NULL, NULL),
(142, NULL, '2018-09-28 05:14:08', 104, 'AIDA', '8944', NULL, NULL),
(143, NULL, NULL, 104, 'BRISAS DELMAIPO', '326', '1', '122'),
(144, NULL, '2018-09-28 04:28:33', 91, 'VICTOR JARA', '1608', 'A', '403'),
(145, NULL, NULL, 104, 'AVENIDA OSSA', '1161', NULL, NULL),
(146, NULL, NULL, 91, 'PORTILLO', '1878', NULL, NULL),
(147, NULL, NULL, 126, 'CAUPOLICAN', '10372', NULL, NULL),
(148, NULL, NULL, 107, 'PASAJE IRUN', '1861', NULL, NULL),
(149, NULL, NULL, 107, 'EL AVELLANO', '10776', NULL, NULL),
(150, NULL, NULL, 100, 'LOS DIAGUITAS', '291', NULL, NULL),
(151, NULL, NULL, 100, 'ALONSO CORONA', '573', NULL, NULL),
(152, NULL, NULL, 107, 'PASAJE GALA', '10738', NULL, NULL),
(153, NULL, '2018-09-28 21:21:02', 100, 'BAÑOS MORALES', '1046', NULL, NULL),
(154, NULL, '2018-09-27 23:59:03', 100, 'Gral. Koerner', '614', NULL, NULL),
(155, NULL, NULL, 100, 'AVENIDA LO ESPEJO', '490', 'D', '43'),
(156, NULL, NULL, 100, 'AV PORTALES', '995', NULL, NULL),
(157, NULL, NULL, 100, 'OBSERVATORIO', '1400', NULL, NULL),
(158, NULL, NULL, 100, 'RAMON SUBERCASEAUX', '12970', NULL, NULL),
(159, NULL, '2018-09-28 15:24:19', 124, 'Av lo ovalle', '1177', 'u', '1201'),
(160, NULL, '2018-09-28 06:53:00', 107, 'OVILICANTE', '13140', NULL, NULL),
(161, NULL, NULL, 107, 'LAS AGUILAS', '10968', NULL, NULL),
(162, NULL, NULL, 100, 'GOYCOLEA', '467', '1', '302'),
(163, NULL, '2018-09-29 04:46:56', 100, 'LOS RETAMOS', '10730', NULL, NULL),
(164, NULL, NULL, 86, 'PAMPA DEL TAMARUGAL', '2827', NULL, NULL),
(165, NULL, NULL, 126, 'AVENIDA OSSA', '1875', '26', '22'),
(166, NULL, NULL, 104, 'MARIA VIAL', '8308', NULL, NULL),
(167, NULL, NULL, 107, 'AVENIDA ANTONIOMACHADO', '2133', NULL, NULL),
(168, NULL, NULL, 107, 'PASAJE POETA EMILIO PRADOS', '11020', NULL, NULL),
(169, NULL, NULL, 104, 'AVENIDA FRANCIA', '808', NULL, NULL),
(170, NULL, NULL, 100, 'PSJE SAN LUCIO', '1837', NULL, NULL),
(171, NULL, NULL, 100, 'PSJE SAN LUCIO', '1837', NULL, NULL),
(172, NULL, NULL, 104, 'VICUÑA MACKENNA', '966', NULL, NULL),
(173, NULL, NULL, 126, 'EUGENIO MATTE HURTADO', '9265', NULL, NULL),
(174, NULL, NULL, 100, 'SARGENTO ALDEA', '842', NULL, NULL),
(175, NULL, NULL, 107, 'AVENIDA VICUNA MACKENNA', '980', '1', '43'),
(176, NULL, NULL, 104, 'PASAJE SAN ANDRES', '1237', NULL, NULL),
(177, NULL, '2018-09-28 16:14:14', 107, 'San Andrés', '1237', NULL, NULL),
(178, NULL, '2018-09-28 19:33:56', 104, 'Los juncos', '8884', NULL, NULL),
(179, NULL, NULL, 91, 'LAS VIZCACHAS', '818', NULL, NULL),
(180, NULL, '2018-09-28 18:49:57', 91, 'las vizcachas', '818', NULL, NULL),
(181, NULL, NULL, 100, 'LOS PINARES', '11056', NULL, NULL),
(182, NULL, '2018-09-27 20:22:18', 100, 'Los pinares', '11056', NULL, NULL),
(183, NULL, NULL, 100, 'BALMACEDA', '312', '1', '41'),
(184, NULL, '2018-09-28 02:56:58', 100, 'Balmaceda', '312', '1', '41'),
(185, NULL, '2018-09-28 15:31:40', 126, 'Eugenio Matte Hurtado', '9133', NULL, NULL),
(186, NULL, '2018-09-28 20:09:21', 104, 'Condell', '696', '2', '113'),
(187, NULL, NULL, 126, 'ANTARTICA CHILENA', '1709', NULL, NULL),
(188, NULL, NULL, 105, 'AVENIDA SUR', '449', NULL, NULL),
(189, '2018-09-27 17:15:00', '2018-09-27 17:15:00', 100, 'ESPERANZA', '600', NULL, NULL),
(190, '2018-09-27 17:26:35', '2018-09-27 17:26:35', 104, 'Pasaje Eleuterio Ramirez', '9105', NULL, NULL),
(191, '2018-09-27 17:27:07', '2018-09-27 17:27:07', 111, 'juan francisco gonzalez', '8755', 'm', '12'),
(192, '2018-09-27 17:54:56', '2018-09-27 17:54:56', 104, 'Sofia Carmona', '91', NULL, NULL),
(193, '2018-09-27 18:00:52', '2018-09-27 18:00:52', 100, 'Avenida Lo Espejo', '0490', 'D', '43'),
(194, '2018-09-27 18:01:07', '2018-09-27 18:01:07', 126, 'QUINTIN ROMRO', '1870', NULL, NULL),
(195, '2018-09-27 18:06:21', '2018-09-27 18:06:21', 111, 'sierra', '9227', NULL, NULL),
(196, '2018-09-27 18:16:06', '2018-09-27 18:16:06', 104, 'Vicuña Mackenna', '669', 'A', '717'),
(197, '2018-09-27 18:49:37', '2018-09-27 18:49:37', 105, 'Pasaje isla desolacion', '8668', NULL, NULL),
(198, '2018-09-27 18:58:57', '2018-09-27 18:58:57', 104, 'Ernesto Riquelme', '534', NULL, NULL),
(199, '2018-09-27 19:02:51', '2018-09-27 19:02:51', 104, 'VICUÑA MACKENNA', '966', NULL, NULL),
(200, '2018-09-27 19:22:43', '2018-09-27 19:22:43', 100, 'COLONIAL', '11863', NULL, NULL),
(201, '2018-09-27 19:30:14', '2018-09-27 19:30:14', 107, 'Pasaje gala', '10738', NULL, NULL),
(202, '2018-09-27 19:32:07', '2018-09-27 19:32:07', 100, 'Capitán Thompson', '9643', NULL, NULL),
(203, '2018-09-27 19:51:14', '2018-09-27 19:51:14', 104, 'Arco de la frontera', '10604', NULL, 'Cass'),
(204, '2018-09-27 19:52:58', '2018-09-27 19:52:58', 100, 'Los pinares', '11056', NULL, NULL),
(205, '2018-09-27 19:59:21', '2018-09-27 19:59:21', 100, 'Ministro Bonilla', '940', NULL, NULL),
(206, '2018-09-27 20:02:59', '2018-09-27 20:02:59', 107, 'Pedro aguirre cerda', '10991', NULL, 'Magdalena 2'),
(207, '2018-09-27 20:09:45', '2018-09-27 20:09:45', 111, 'Francisco encina', '9199', NULL, NULL),
(208, '2018-09-27 20:15:02', '2018-09-27 20:15:02', 91, 'Víctor Jara', '1608', 'A', '403'),
(209, '2018-09-27 20:15:02', '2018-09-27 20:15:02', 116, 'vecinal', '2767', NULL, 'e'),
(210, '2018-09-27 20:22:01', '2018-09-27 21:44:55', 100, 'Colonial', 'Pasaje1', 'E', '11719'),
(211, '2018-09-27 20:41:40', '2018-09-27 20:41:40', 104, 'SAN PEDRO', '9153', NULL, NULL),
(212, '2018-09-27 20:44:11', '2018-09-27 20:44:11', 100, 'Pasaje río laja', '1300', NULL, NULL),
(213, '2018-09-27 21:10:33', '2018-09-27 21:10:33', 126, 'CHACABUCO', '9440', NULL, NULL),
(214, '2018-09-27 21:13:12', '2018-09-27 21:13:12', 104, 'Ignacio echeverria', '8240', NULL, NULL),
(215, '2018-09-27 21:15:15', '2018-09-27 21:15:15', 116, 'ministerio', '2538', NULL, NULL),
(216, '2018-09-27 21:16:10', '2018-09-27 21:16:10', 100, 'Los Olivos', '10621', '10621', '103'),
(217, '2018-09-27 21:19:37', '2018-09-27 21:19:37', 91, 'Portillo', '1878', NULL, NULL),
(218, '2018-09-27 21:21:29', '2018-09-27 21:21:29', 100, 'Av padre hurtado', '11320', NULL, NULL),
(219, '2018-09-27 21:26:12', '2018-09-27 21:26:12', 104, 'Carlos Condell', '696', 'Torre 2', '119'),
(220, '2018-09-27 21:27:57', '2018-09-27 21:27:57', 100, 'Avenida sur', '866', NULL, NULL),
(221, '2018-09-27 21:44:08', '2018-09-27 21:44:08', 104, 'FRANCIA', '0808', NULL, NULL),
(222, '2018-09-27 21:47:22', '2018-09-27 21:47:22', 104, 'TORRE BLANCA', '761', NULL, NULL),
(223, '2018-09-27 21:48:27', '2018-09-27 21:48:27', 100, 'General Manuel tobarias', '602', NULL, '304'),
(224, '2018-09-27 21:54:23', '2018-09-27 21:54:23', 91, 'Gabriel de aviles', '14287', NULL, NULL),
(225, '2018-09-27 21:59:14', '2018-09-27 21:59:14', 100, 'Laura León Coloma', '930', NULL, NULL),
(226, '2018-09-27 22:05:20', '2018-09-27 22:05:20', 97, 'AERODROMO GENERAL RAMON FREIRE', '3007', NULL, NULL),
(227, '2018-09-27 22:11:54', '2018-09-27 22:11:54', 104, 'San bernardo', 'Pasaje lautaro', NULL, NULL),
(228, '2018-09-27 22:32:53', '2018-09-27 22:32:53', 91, 'Pasaje Pentecostes', '1787', NULL, NULL),
(229, '2018-09-27 22:45:04', '2018-09-27 22:45:04', 111, 'Calle Sierra', '9315', NULL, 'Casa'),
(230, '2018-09-27 22:47:36', '2018-09-27 22:47:36', 100, 'Pasaje san lucio', '1837', 'Bloque', 'Casa'),
(231, '2018-09-27 22:49:37', '2018-09-27 22:49:37', 100, 'Gral. Koerner', '614', NULL, NULL),
(232, '2018-09-27 22:52:23', '2018-09-27 22:52:23', 105, 'Mataveri', '8521', NULL, NULL),
(233, '2018-09-27 23:28:00', '2018-09-27 23:28:00', 107, 'Aurelio díaz meza 0632', '4', NULL, NULL),
(234, '2018-09-27 23:30:44', '2018-09-27 23:30:44', 126, 'Eugenio Matte Hurtado', '9584', NULL, NULL),
(235, '2018-09-27 23:49:38', '2018-09-27 23:49:38', 126, 'PASAJE RENE SCHNEIDER', '9128', NULL, NULL),
(236, '2018-09-28 00:08:17', '2018-09-28 00:08:17', 107, 'PASAJE LEUCOTON', '0829', NULL, NULL),
(237, '2018-09-28 00:09:26', '2018-09-28 00:09:26', 104, 'Vicuña mackenna', '980', '2', '11'),
(238, '2018-09-28 00:25:34', '2018-09-28 00:25:34', 104, 'GOYCOLEA', '086', 'C', '507'),
(239, '2018-09-28 00:36:08', '2018-09-28 00:36:08', 100, 'Avenida central', '885', NULL, NULL),
(240, '2018-09-28 00:46:52', '2018-09-28 00:46:52', 105, 'avenida sur', '0449', NULL, NULL),
(241, '2018-09-28 01:06:58', '2018-09-28 01:06:58', 100, 'llancahue', '1435', 'p', '16'),
(242, '2018-09-28 01:37:39', '2018-09-28 01:37:39', 126, 'avda ossa 1875', 'avda ossa 1875 blok 26 dpto 22', '26', '22'),
(243, '2018-09-28 01:47:36', '2018-09-28 01:47:36', 91, 'VILLA LAS MARGARITAS', '10652', 'CASA', '1'),
(244, '2018-09-28 02:17:40', '2018-09-28 02:17:40', 100, 'los sauces', '1005', NULL, NULL),
(245, '2018-09-28 02:43:15', '2018-09-28 02:43:15', 100, 'Balmaceda', '312', '1', '41'),
(246, '2018-09-28 02:48:13', '2018-09-28 02:48:13', 111, 'Balmaceda', '02787', NULL, 'Casa'),
(247, '2018-09-28 02:57:30', '2018-09-28 02:57:30', 100, 'Av.Portales', '995', NULL, NULL),
(248, '2018-09-28 03:02:59', '2018-09-28 03:02:59', 126, 'Caupolican', '10372', NULL, NULL),
(249, '2018-09-28 03:06:28', '2018-09-28 03:06:28', 107, 'Pasaje A', '12745', NULL, NULL),
(250, '2018-09-28 03:11:07', '2018-09-28 03:11:07', 100, 'LOS SAUCES', '1317', NULL, NULL),
(251, '2018-09-28 03:17:19', '2018-09-28 03:17:19', 107, 'Almirante latorre', '10989', '2', '26'),
(252, '2018-09-28 03:30:34', '2018-09-28 03:30:34', 100, 'llancahue', '1435', 'j', '21'),
(253, '2018-09-28 03:38:05', '2018-09-28 03:38:05', 100, 'Los abedules', '11847', NULL, NULL),
(254, '2018-09-28 03:47:19', '2018-09-28 03:47:19', 107, 'Las aguilas', '10968', NULL, NULL),
(255, '2018-09-28 03:50:39', '2018-09-28 03:59:09', 126, 'FRACISCO ENCINA', '1640', NULL, NULL),
(256, '2018-09-28 04:02:42', '2018-09-28 04:02:42', 104, 'Anibal pinto', '9129', NULL, NULL),
(257, '2018-09-28 04:21:24', '2018-09-28 04:21:24', 124, 'Novena avenida', '1628', NULL, NULL),
(258, '2018-09-28 04:22:28', '2018-09-28 04:22:28', 100, 'LAS ESMERALDAS', '11343', NULL, NULL),
(259, '2018-09-28 04:38:48', '2018-09-28 04:38:48', 111, 'Ferrari', '9017', NULL, NULL),
(260, '2018-09-28 04:40:49', '2018-09-28 04:40:49', 104, 'Av ossa 01052', 'Av ossa 01052', NULL, NULL),
(261, '2018-09-28 04:42:33', '2018-09-28 04:42:33', 111, 'ferrari', '9248', NULL, '8'),
(262, '2018-09-28 04:43:08', '2018-09-28 04:43:08', 107, 'Antonio machado', '2133', NULL, NULL),
(263, '2018-09-28 04:54:43', '2018-09-28 04:54:43', 107, 'Calle poeta Emilio prados', '11020', NULL, NULL),
(264, '2018-09-28 05:05:44', '2018-09-28 05:05:44', 104, 'aida', '8944', NULL, NULL),
(265, '2018-09-28 05:17:59', '2018-09-28 05:17:59', 126, 'Pasaje Cuatro Villa Cema Chile San Ramon', '9540', NULL, NULL),
(266, '2018-09-28 05:53:24', '2018-09-28 06:00:02', 89, 'Lonquen norte paradero 12 y medio', 'parcela 51', NULL, NULL),
(267, '2018-09-28 06:00:18', '2018-09-28 06:00:18', 100, 'Ramon Subercaseaux', '12970', NULL, NULL),
(268, '2018-09-28 06:41:57', '2018-09-28 06:41:57', 107, 'ovilicante', '13140', 'casa', NULL),
(269, '2018-09-28 13:39:12', '2018-09-28 13:39:12', 104, 'Jose Joaquin Prieto Vial', '8340', '3', '345'),
(270, '2018-09-28 14:57:32', '2018-09-28 14:57:32', 105, 'Anita araya', '8301', NULL, NULL),
(271, '2018-09-28 15:00:38', '2018-09-28 15:00:38', 104, 'Pedro Aguirre Cerda', '0256', 'E', '119'),
(272, '2018-09-28 15:16:00', '2018-09-28 15:16:00', 126, 'Eugenio Matte Hurtado', '9133', NULL, NULL),
(273, '2018-09-28 15:16:20', '2018-09-28 15:16:20', 124, 'Av lo ovalle', '1177', 'u', '1201'),
(274, '2018-09-28 15:17:46', '2018-09-28 15:17:46', 111, 'Av observatorio', '2336', NULL, NULL),
(275, '2018-09-28 15:19:59', '2018-09-28 15:19:59', 111, 'pasaje las mercedes', '02625', NULL, NULL),
(276, '2018-09-28 15:34:22', '2018-09-28 15:34:22', 126, 'Calle uno', '1879', NULL, NULL),
(277, '2018-09-28 15:37:17', '2018-09-28 15:37:17', 126, 'Aurora de chile', '9931', NULL, NULL),
(278, '2018-09-28 15:59:02', '2018-09-28 15:59:02', 107, 'Psje San Andrés', '1237', NULL, NULL),
(279, '2018-09-28 16:11:44', '2018-09-28 16:11:44', 104, 'Alejandro vial', '8730', NULL, NULL),
(280, '2018-09-28 17:00:08', '2018-09-28 17:00:08', 116, 'Raul fuica', '4863', NULL, NULL),
(281, '2018-09-28 17:01:11', '2018-09-28 17:01:11', 104, 'Capitán Thompson', '9549', NULL, NULL),
(282, '2018-09-28 17:06:15', '2018-09-28 17:06:15', 126, 'PASAJE LA CONCEPCION', '1828', NULL, NULL),
(283, '2018-09-28 17:27:22', '2018-09-28 17:27:22', 104, 'Los olivos', '10682', NULL, '301301333301'),
(284, '2018-09-28 17:38:05', '2018-09-28 17:38:05', 126, 'antártica chilena', '1709', NULL, NULL),
(285, '2018-09-28 18:13:39', '2018-09-28 18:13:39', 126, 'antártica chilena', '1709', NULL, NULL),
(286, '2018-09-28 18:40:00', '2018-09-28 18:40:00', 91, 'las vizcachas', '818', NULL, NULL),
(287, '2018-09-28 20:02:20', '2018-09-28 20:02:20', 104, 'Condell', '696', '2', '113'),
(288, '2018-09-28 20:23:10', '2018-09-28 20:23:10', 111, 'Astaburuaga', '500', NULL, NULL),
(289, '2018-09-28 20:54:41', '2018-09-28 20:54:41', 100, 'Baños Morales', '1046', NULL, NULL),
(290, '2018-09-28 20:59:24', '2018-09-28 20:59:24', 105, 'presidente eisenhower', '0199', NULL, NULL),
(291, '2018-09-28 21:11:50', '2018-09-28 21:11:50', 126, 'Vicuña mackenna', '1923', NULL, NULL),
(292, '2018-09-28 21:47:34', '2018-09-28 21:47:34', 104, 'san pedro', '9184', NULL, NULL),
(293, '2018-09-28 21:47:59', '2018-09-28 21:47:59', 100, 'LOS ROBLES', '11163', NULL, NULL),
(294, '2018-09-28 22:00:35', '2018-09-28 22:00:35', 107, 'JULIO BARRENECHEA', '0738', NULL, NULL),
(295, '2018-09-28 22:09:48', '2018-09-28 22:09:48', 105, 'PJE 5 PONIENTE.VILLA LAS DALIAS', '8276', NULL, NULL),
(296, '2018-09-28 22:22:37', '2018-09-28 22:22:37', 105, 'Sofía Carmona', '091', 'A', '502'),
(297, '2018-09-28 22:55:36', '2018-09-28 22:55:36', 100, 'el pillan', '1187', NULL, NULL),
(298, '2018-09-28 23:11:16', '2018-09-28 23:11:16', 104, 'san miguel', '9083', NULL, NULL),
(299, '2018-09-28 23:36:15', '2018-09-28 23:36:15', 100, 'Balmaceda', '0312', '6', '33'),
(300, '2018-09-29 01:09:09', '2018-09-29 01:09:09', 100, 'Colo colo', '9725', NULL, NULL),
(301, '2018-09-29 01:58:07', '2018-09-29 01:58:07', 100, 'Continental', '11712', NULL, NULL),
(302, '2018-09-29 04:39:00', '2018-09-29 04:39:00', 100, 'Los Retamos', '10730', NULL, NULL),
(303, '2018-09-29 05:17:42', '2018-09-29 05:17:42', 104, 'Capitan thompson', '9478', NULL, NULL),
(304, '2018-10-17 19:16:25', '2018-10-17 19:16:25', 104, 'Einstein 731', '731', 'Einstein 731', 'Einstein 731'),
(305, '2018-10-19 22:58:06', '2018-10-19 22:58:06', 104, 'Einstein 731', '731', NULL, NULL),
(306, '2018-10-22 17:44:58', '2018-10-22 17:44:58', 104, 'Einstein 731', '731', NULL, NULL);



REPLACE INTO `personas` (`id`, `created_at`, `updated_at`, `PNombre`, `SNombre`, `TNombre`, `ApPat`, `ApMat`, `fonoFijo`, `fonoCelu`, `idUser`, `rut`, `genero`, `email`, `fechaNacimiento`, `fechaDefuncion`, `estadoCivil`, `idDireccion`) VALUES
(1, NULL, '2018-09-28 00:36:08', 'AHSLEY', 'STEPHANIE', NULL, 'MARCHANT', 'BUSTOS', NULL, 989097602, 1, '19634616-3', 'Mujer', 'ahsley.stephanie@gmail.com', '2018-09-27 00:00:00', NULL, 'Soltero/a', 239),
(2, NULL, '2018-09-28 16:11:44', 'PAOLA', 'ANAHI', NULL, 'ORTIZ', 'LEIVA', 225582199, 999883220, 2, '21314219-4', 'Mujer', 'polyarte@live.cl', '2018-08-24 00:00:00', NULL, 'Casado/a', 279),
(3, NULL, '2018-10-05 03:50:15', 'ANA', 'PATRICIA', NULL, 'MEJIAS', 'SAEZ', 225595515, 978798977, 3, '15539377-7', 'Mujer', 'anymejias@gmail.com', '1983-09-01 00:00:00', NULL, 'Soltero/a', 190),
(4, NULL, '2018-09-28 03:59:09', 'PATRICIO', 'DE JESUS', NULL, 'ORTIZ', 'QUIROZ', NULL, 965034144, 4, '12355556-2', 'Hombre', 'pavipabe@gmail.com', '1973-06-14 00:00:00', NULL, 'Casado/a', 255),
(5, NULL, NULL, 'ANGELICA', 'DE LAS MERCEDES', NULL, 'NEIRA', 'ARRIAGADA', NULL, 945134208, 5, '12132149-1', NULL, 'alizon_diaz@hotmail.com', NULL, NULL, NULL, NULL),
(6, NULL, '2018-10-20 01:45:02', 'JOCELIN', 'ANDREA', NULL, 'ALBORNOZ', 'CORREA', 226157145, 997167526, 6, '15889909-4', 'Mujer', 'alremo24@gmail.com', '1984-08-21 00:00:00', NULL, 'Soltero/a', 211),
(7, NULL, NULL, 'CRISTIAN', 'MAURICIO', NULL, 'SANTANDER', 'SEPÚLVEDA', 227133910, 986344603, 7, '12640850-1', NULL, 'csantander@sename.cl', NULL, NULL, NULL, NULL),
(8, NULL, NULL, 'GIOVANNA', 'DEL CARMEN', NULL, 'SANCHEZ', 'CATALAN', NULL, 976243674, 8, '12902176-4', NULL, 'giovannasanchez03@hotmail.com', NULL, NULL, NULL, NULL),
(9, NULL, '2018-10-27 03:16:57', 'VICTOR', 'DAVID', NULL, 'COSIO', 'COSIO', NULL, 974774787, 9, '15450322-6', 'Hombre', 'perezarteagamariadelosangeles@gmail.com', '1979-08-04 00:00:00', NULL, 'Conviviente', 256),
(10, NULL, '2018-09-27 22:32:54', 'CHERIE', 'JOCELYN', NULL, 'VASQUEZ', 'GONZALEZ', 232474266, 984465348, 10, '13711952-8', 'Mujer', 'cherie-16@live.com', '1979-05-16 00:00:00', NULL, 'Casado/a', 228),
(11, NULL, NULL, 'FRANCHESCA', 'SOLANGE', NULL, 'MEZA', 'DIAZ', NULL, 951042855, 11, '13080009-2', NULL, 'familiamezadiaz@gmail.com', NULL, NULL, NULL, NULL),
(12, NULL, '2018-10-27 03:43:56', 'ELIZABETH', 'YOHANA', NULL, 'VEGA', 'SILVA', 227176838, 974547383, 12, '15928234-1', 'Mujer', 'elyvega32@gmail.com', '1984-09-13 00:00:00', NULL, 'Casado/a', 226),
(13, NULL, '2018-09-28 03:06:28', 'YASSENIA', 'DEL PILAR', NULL, 'VILLARROEL', 'QUEZADA', 224718619, 962876294, 13, '14150056-2', 'Mujer', 'yeyita.villa281280@gmail.com', '2018-09-28 00:00:00', NULL, 'Casado/a', 249),
(14, NULL, '2018-09-27 22:38:51', 'OLGA', 'MERCEDEZ', NULL, 'SAAVEDRA', 'SAAVEDRA', NULL, 945683350, 14, '15386008-4', 'Mujer', 'dannaestefanny@gmail.com', '2018-09-27 00:00:00', NULL, 'Divorciado/a', 227),
(15, NULL, '2018-09-27 21:21:29', 'ZUNILDA', 'HAYDDE', NULL, 'ARAVENA', 'MARTINEZ', 225289015, 930810528, 15, '11914312-8', 'Mujer', 'karina.c.fhl@gmail.com', '1968-05-11 00:00:00', NULL, 'Conviviente', 218),
(16, NULL, '2018-09-28 21:11:50', 'SONIA', 'MARISOL', NULL, 'SEVERINO', 'MORA', 225695440, 986812513, 16, '11164264-8', 'Mujer', 'sonyseverino.m@gmail.com', '1967-05-11 00:00:00', NULL, 'Viudo/a', 291),
(17, NULL, '2018-09-28 05:17:59', 'CRISTINA', 'MARCELA', NULL, 'OLIVARES', 'PALMA', 225275403, 986473890, 17, '11338074-8', 'Mujer', 'cmolivarplalma@gmail.com', '1967-12-24 00:00:00', NULL, 'Soltero/a', 265),
(18, NULL, NULL, 'LUCIA', 'IVONNE', NULL, 'LAGOS', 'GONZALEZ', NULL, 999117500, 18, '12828550-4', NULL, 'lucia.ivonne.lagos@gmail.com', NULL, NULL, NULL, NULL),
(19, NULL, NULL, 'SILVANA', 'ANDREA', NULL, 'MERIÑO', 'LEON', NULL, 954041866, 19, '18073679-4', NULL, 'patojramirezt@hotmail.com', NULL, NULL, NULL, NULL),
(20, NULL, '2018-09-28 19:25:05', 'MANUEL', 'JESUS', NULL, 'ROMERO', 'INOSTROZA', 225276662, 981619441, 20, '11870594-7', 'Hombre', 'manuel.allman@gmail.com', '1971-10-14 00:00:00', NULL, 'Conviviente', 282),
(21, NULL, '2018-09-28 23:36:15', 'VALERIA', 'ELIZABETH', NULL, 'VALENZUELA', 'HENRIQUEZ', 225583502, 957336119, 21, '13715571-0', 'Mujer', 'cestarosaparvulo@gmail.com', '1975-10-24 00:00:00', NULL, 'Soltero/a', 299),
(22, NULL, '2018-10-19 02:07:06', 'LORENA', 'ANDREA', NULL, 'NAHUELPAN', 'MELLADO', 981224729, 978438753, 22, '14561482-1', 'Mujer', 'l.nahuelpanmellado@gmail.com', '2018-10-17 00:00:00', NULL, 'Separado/a', 304),
(23, NULL, '2018-09-27 21:47:22', 'EDINSON', 'ANDRÉS', NULL, 'GATICA', 'HERNÁNDEZ', NULL, 987596034, 23, '13494441-2', 'Hombre', 'edinsongatica@hotmail.com', '1978-04-20 00:00:00', NULL, 'Casado/a', 222),
(24, NULL, '2018-09-27 21:13:12', 'IVAN', 'PATRICIO', NULL, 'VEGA', 'MORENO', 225272429, 983700026, 24, '14232999-9', 'Hombre', 'patovega8240@gmail.com', '1969-07-20 00:00:00', NULL, 'Casado/a', 214),
(25, NULL, '2018-09-27 21:15:15', 'SANDRA', 'ESTHER', NULL, 'ZAMORANO', 'CARRASCO', NULL, 965047580, 25, '15319975-2', 'Mujer', 'zamoranosandra55@gmail.com', '1973-12-13 00:00:00', NULL, 'Divorciado/a', 215),
(26, NULL, '2018-09-27 21:07:21', 'MARGARITA', 'ERMITA', NULL, 'ZAMORANO', 'CARRASCO', NULL, 979547390, 26, '15319976-0', 'Mujer', 'cristobal.vistoso@gmail.com', '1976-04-12 00:00:00', NULL, 'Casado/a', 209),
(27, NULL, NULL, 'LORENA', 'CAROLINA', NULL, 'ZUÑIGA', 'SEPULVEDA', 225479306, 984835120, 27, '10629459-3', NULL, 'lore@gmail.com', NULL, NULL, NULL, NULL),
(28, NULL, '2018-09-27 20:44:11', 'JAVIER', 'ANTONIO', NULL, 'MUÑOZ', 'URIBE', NULL, 945672981, 28, '15957994-8', 'Hombre', 'javitoblindado7@gmail.com', '1984-12-31 00:00:00', NULL, 'Casado/a', 212),
(29, NULL, '2018-09-28 22:04:01', 'RUTH', 'MAGDALENA', NULL, 'SALAS', 'URRA', 225469095, 958705340, 29, '10988458-8', 'Mujer', 'ruthsalas2626@gmail.com', '1980-01-13 00:00:00', NULL, 'Soltero/a', 277),
(30, NULL, '2018-09-28 22:21:22', 'MARTA', 'MERCEDES', NULL, 'OLIVERA', 'FUENTES', 232475375, 946876518, 30, '13940168-9', 'Mujer', 'martitaolivera75@gmail.com', '1980-07-22 00:00:00', NULL, 'Soltero/a', 276),
(31, NULL, '2018-09-27 17:54:56', 'CAROLINA', 'SOLEDAD', NULL, 'MATUS', 'DUARTE', 978539417, 978539417, 31, '13469696-6', 'Mujer', 'c.matus.d@gmail.com', '1978-09-11 00:00:00', NULL, 'Soltero/a', 192),
(32, NULL, '2018-09-28 22:22:37', 'EMILIA', 'ADRIANA', NULL, 'CONTRERAS', 'FUENTES', 225432729, 966084470, 32, '15443756-8', 'Mujer', 'emilia.renata.fuentes@gmail.com', '1982-11-08 00:00:00', NULL, 'Soltero/a', 296),
(33, NULL, '2018-09-27 19:58:43', 'VICTOR', 'ALEXIS', NULL, 'VIDAL', 'CASTILLO', 227917902, 963532328, 33, '15623550-4', 'Hombre', 'victorvidalcastillo@gmail.com', '1983-09-29 00:00:00', NULL, 'Casado/a', 198),
(34, NULL, '2018-09-28 14:57:32', 'CAROLINA', 'ANDREA', NULL, 'BARRERA', 'GALAZ', 225168033, 942750960, 34, '15443082-2', 'Mujer', 'carolinaandreabarrera@gmail.com', '2018-09-23 00:00:00', NULL, 'Conviviente', 270),
(35, NULL, NULL, 'NELLY', 'AURORA', NULL, 'MERCADO', 'MUÑOZ', 225615663, 960677336, 35, '10154022-7', NULL, 'notengo@notengo.cl', NULL, NULL, NULL, NULL),
(36, NULL, '2018-09-28 22:09:48', 'ALLINSON', 'ANDREA', NULL, 'ROZAS', 'LAGOS', 225466914, 958917572, 36, '15436464-1', 'Mujer', 'confeccionesallys@gmail.com', '1981-10-24 00:00:00', NULL, 'Casado/a', 295),
(37, NULL, '2018-09-28 01:03:04', 'ELISAMA', 'GIGLIOLA', NULL, 'TORRES', 'CAMPOS', NULL, 989321470, 37, '13586579-6', 'Mujer', 'ely.g.torres@gmail.com', '1979-08-28 00:00:00', NULL, 'Casado/a', 206),
(38, NULL, '2018-09-27 21:26:12', 'BARBARA', 'ALEJANDRA', NULL, 'DIAZ', 'CARRASCO', NULL, 959514941, 38, '15348977-7', 'Mujer', 'm.herrerav@yahoo.com', '1982-05-20 00:00:00', NULL, 'Casado/a', 219),
(39, NULL, '2018-09-28 23:11:16', 'MARIA', 'ANGELICA', NULL, 'CHAMORRO', 'SILVA', NULL, 967771535, 39, '12472691-3', 'Mujer', 'chamorro_mary1998@hotmail.com', '1973-06-26 00:00:00', NULL, 'Casado/a', 298),
(40, NULL, NULL, 'JENNY', 'BERNARDITA', NULL, 'FLORES', 'HERIQUEZ', NULL, 984830244, 40, '13940395-9', NULL, 'floresjenny564@gmail.com', NULL, NULL, NULL, NULL),
(41, NULL, '2018-09-27 21:16:10', 'LUCIA', 'MAGALY', 'ODETH', 'LEMU', 'CAUCAO', 225588676, 975020686, 41, '16256432-3', 'Mujer', 'lucialemu@gmail.com', '1986-10-06 00:00:00', NULL, 'Soltero/a', 216),
(42, NULL, NULL, 'MARIA', 'JOSE', NULL, 'ZUÑIGA', 'GUTIERREZ', NULL, 975237286, 42, '15919617-8', NULL, 'cotetita_linda25@hotmail.com', NULL, NULL, NULL, NULL),
(43, NULL, '2018-09-28 14:14:06', 'PATRICIO', 'ORIÓN', NULL, 'INOSTROZA', 'GARRIDO', NULL, 983864585, 43, '17118568-8', 'Hombre', 'pato.inostroza@gmail.com', '1988-11-22 00:00:00', NULL, 'Conviviente', 196),
(44, NULL, NULL, 'CAROLINA', 'FRANCISCA', NULL, 'CAMPOS', 'VIDAL', NULL, 997131295, 44, '15833654-5', NULL, 'camposcarolina@gmail.com', NULL, NULL, NULL, NULL),
(45, NULL, '2018-09-28 03:17:19', 'RUTH', 'CAROLINA', NULL, 'DONOSO', 'DONOSO', 225160850, 995853731, 45, '15730279-5', 'Mujer', 'r.caroladonoso@gmail.com', '2018-09-28 00:00:00', NULL, 'Soltero/a', 251),
(46, NULL, NULL, 'ELIZABETH', 'NORMA', NULL, 'SILVA', 'BUGUEÑO', 228886490, 990776380, 46, '6388989-K', NULL, 'ensilva@pjud.cl', NULL, NULL, NULL, NULL),
(47, NULL, '2018-09-27 21:27:58', 'ANGELICA', 'DEL CARMEN', NULL, 'ROJAS', 'VIDAL', NULL, 979678936, 47, '10747548-6', 'Mujer', 'angelica.rojas@mamutchile.cl', '2018-09-21 00:00:00', NULL, 'Casado/a', 220),
(48, NULL, '2018-09-28 00:09:26', 'MARCIA', 'ANGELICA', NULL, 'OLATE', 'VERGARA', 993279555, 993276220, 48, '16265554-K', 'Mujer', 'marcia.olate315@gmail.com', '1985-08-20 00:00:00', NULL, 'Casado/a', 237),
(49, NULL, '2018-09-28 03:46:46', 'IVETTE', 'KARINA', NULL, 'PELDOZA', 'AGUAYO', NULL, 976049073, 49, '13722922-6', 'Mujer', 'ivettepeldoza@hotmail.com', '1979-10-16 00:00:00', NULL, 'Conviviente', 253),
(50, NULL, NULL, 'MARIA', 'INES', NULL, 'CELEDON', 'ARANDA', 225295548, 979722488, 50, '14340608-3', NULL, 'maria.kcm@hotmail.com', NULL, NULL, NULL, NULL),
(51, NULL, NULL, 'PAMELA', 'LISSETTE', NULL, 'ALARCON', 'ARAYA', NULL, 979463901, 51, '13293927-6', NULL, 'pamela_alarcon30@hotmail.es', NULL, NULL, NULL, NULL),
(52, NULL, '2018-09-27 17:29:16', 'ADRIAN', 'EDUARDO', NULL, 'BARRERA', 'VERGARA', 225278145, 935448814, 52, '17534997-9', 'Hombre', 'adbarrera0404@gmail.com', '1989-04-04 00:00:00', NULL, 'Casado/a', 189),
(53, NULL, '2018-09-27 21:44:55', 'PAOLA', 'ANDREA', NULL, 'SEPULVEDA', 'TORRES', NULL, 948744534, 53, '12793413-4', 'Mujer', 'siemprelamisma1@hotmail.com', '1975-05-01 00:00:00', NULL, 'Casado/a', 210),
(54, NULL, '2018-09-28 00:23:19', 'ENA', 'VIVIAN', NULL, 'DELSO', 'RETAMAL', 962052439, 962052439, 54, '14251823-6', 'Mujer', 'marcosgomez.a7@gmail.com', '2018-10-19 00:00:00', NULL, 'Casado/a', 229),
(55, NULL, '2018-09-28 04:40:49', 'eugenia', 'eugenia', 'eugenia', 'godoy tapia', 'godoy tapia', NULL, 968585815, 55, '11994078-8', 'Hombre', 'fygservicios@gmail.com', '1972-04-29 00:00:00', NULL, 'Casado/a', 260),
(56, NULL, '2018-09-28 02:38:42', 'CARLOS', 'ROBERTO', NULL, 'LORCA', 'PARADA', 227244774, 984685129, 56, '10742771-6', 'Hombre', 'carlosroberto_lorca@hotmail.com', '1968-06-07 00:00:00', NULL, 'Divorciado/a', 205),
(57, NULL, '2018-09-27 19:51:14', 'MARIA', 'CRISTINA', NULL, 'FUENTES', 'GONZALEZ', NULL, 989616747, 57, '11275990-5', 'Mujer', 'crisii1968@gmail.com', '2018-09-27 00:00:00', NULL, 'Casado/a', 203),
(58, NULL, NULL, 'PAOLA', 'ALEJANDRA', NULL, 'CARRASCO', 'VERGARA', 225270720, 990127032, 58, '12283315-1', NULL, 'aamg@live.cl', NULL, NULL, NULL, NULL),
(59, NULL, '2018-10-27 03:14:01', 'ALEJANDRO', 'ANDRES', NULL, 'VALDIVIA', 'MARTINEZ', 981224729, 965592087, 59, '13276752-1', 'Hombre', 'avaldiviam@gmail.com', '2018-10-22 00:00:00', NULL, 'Separado/a', 306),
(60, NULL, '2018-09-29 12:24:03', 'ROSA', 'IRENE', NULL, 'ROMERO', 'BARRIENTOS', NULL, 967755020, 60, '14044613-0', 'Mujer', 'rromerofundacion@gmail.com', '1981-05-04 00:00:00', NULL, 'Soltero/a', 200),
(61, NULL, '2018-09-27 18:01:07', 'JULIA', 'PATRICIA', NULL, 'MORALES', 'ACEVEDO', 225435180, 955150855, 61, '17001695-5', 'Mujer', 'julia.morales.a@gmail.com', '1988-07-02 00:00:00', NULL, 'Soltero/a', 194),
(62, NULL, NULL, 'MARIA', 'CRISTINA', NULL, 'BRIONES', 'BOMBAL', NULL, 984808748, 62, '11856515-0', NULL, 'notengo@notengo.cl', NULL, NULL, NULL, NULL),
(63, NULL, NULL, 'KARINA', 'MARIO', NULL, 'ALARCON', 'PEREZ', NULL, 986631978, 63, '13246650-5', NULL, NULL, NULL, NULL, NULL, NULL),
(64, NULL, NULL, 'PAULA', 'ANDREA', NULL, 'HINOJOSA', 'MOYA', 225488724, 977727184, 64, '13266867-1', NULL, 'phinojosamoya@gmail.com', NULL, NULL, NULL, NULL),
(65, NULL, '2018-09-28 00:08:17', 'ANGELA', 'MARISOL', NULL, 'LOPEZ', 'GONZALEZ', NULL, 950011892, 65, '15542890-2', 'Mujer', 'angelalopez1983@gmail.com', '1983-11-30 00:00:00', NULL, 'Soltero/a', 236),
(66, NULL, NULL, 'JUAN', 'ANTONIO', NULL, 'CARRASCO', 'NAVARRETE', 225294099, 972728241, 66, '14093607-3', NULL, 'juan.carrasconavarrete@gmail.com', NULL, NULL, NULL, NULL),
(67, NULL, NULL, 'FLOR', 'SARELA', NULL, 'HERRERA', 'GAJARDO', NULL, 989804379, 67, '12743947-8', NULL, 'campanasevilla18702@gmail.com', NULL, NULL, NULL, NULL),
(68, NULL, NULL, 'JOHANNA', 'ALEJANDRA', NULL, 'JARA', 'TAMBURRINI', 229207397, 979070456, 68, '13288732-2', NULL, 'janrry_02@hotmail.com', NULL, NULL, NULL, NULL),
(69, NULL, '2018-09-28 03:11:07', 'EXEQUIEL', 'ELIAS', NULL, 'RIQUELME', 'CANIO', NULL, 940025565, 69, '17227959-7', 'Hombre', 'exequiel.r.c.28@gmail.com', '1989-07-05 00:00:00', NULL, 'Conviviente', 250),
(70, NULL, '2018-09-28 02:17:40', 'KATHERINE', 'DANITZA', NULL, 'COLLADO', 'TAPIA', 232884000, 976373050, 70, '16995684-7', 'Mujer', 'katherinecolladotapia@gmail.com', '1988-12-02 00:00:00', NULL, 'Soltero/a', 244),
(71, NULL, '2018-09-28 03:09:08', 'LUZ', 'YOHANA', NULL, 'QUEZADA', 'NAVARRETE', NULL, 999796535, 71, '13129027-6', 'Mujer', 'yohanaydc1976@gmail.com', '2018-09-27 00:00:00', NULL, 'Casado/a', 207),
(72, NULL, '2018-09-28 04:22:28', 'JOVITA', 'ENRIQUETA', NULL, 'GALLARDO', 'QUIDULEF', NULL, 984890412, 72, '10593942-6', 'Mujer', 'paulinda_06@hotmail.com', '1965-07-15 00:00:00', NULL, 'Casado/a', 258),
(73, NULL, NULL, 'JORGE', 'ESTEFANO', NULL, 'ARAYA', 'ESPOZ', NULL, 989013787, 73, '17839100-3', NULL, 'jorge.as@outlook.cl', NULL, NULL, NULL, NULL),
(74, NULL, NULL, 'GRACIELA', 'DEL CARMEN', NULL, 'CONTRERAS', 'PAREDES', 228576390, 987757450, 74, '9223531-9', NULL, 'merycristy777@hotmail.cl', NULL, NULL, NULL, NULL),
(75, NULL, '2018-09-28 17:01:11', 'MURIEL', 'ISABEL', NULL, 'SAAVEDRA', 'MOLINA', 225073062, 991856532, 75, '15375451-9', 'Mujer', 'muriel.viajando@gmail.com', '1983-03-23 00:00:00', NULL, 'Soltero/a', 281),
(76, NULL, NULL, 'YANDRY', 'ANDREA', NULL, 'TORRES', 'TORRES', 225598320, 990908222, 76, '18662836-5', NULL, 'yandry_chinita@hotmail.com', NULL, NULL, NULL, NULL),
(77, NULL, '2018-09-27 23:30:44', 'MARTA', 'JACQUELINE', NULL, 'REYES', 'CASTILLO', 225271517, 964747072, 77, '15587948-3', 'Mujer', 'jaquer430@gmail.com', '1982-08-25 00:00:00', NULL, 'Soltero/a', 234),
(78, NULL, NULL, 'MARIA', 'CECILIA', NULL, 'MONTECINO', 'GARRIDO', NULL, 998462486, 78, '16693175-4', NULL, 'montecinogarridomaria@hotmail.com', NULL, NULL, NULL, NULL),
(79, NULL, NULL, 'VANESA', 'DEL ROSARIO', NULL, 'FUENTEALBA', 'OLAVE', NULL, 967044861, 79, '17062608-7', NULL, 'nachitorojas1994@gmail.com', NULL, NULL, NULL, NULL),
(80, NULL, '2018-09-29 05:17:42', 'JANINA', 'MARLEN', NULL, 'GARRIDO', 'MUÑOZ', 226093180, 994745832, 80, '12474897-6', 'Mujer', 'janinagarrido@hotmail.com', '1973-10-30 00:00:00', NULL, 'Soltero/a', 303),
(81, NULL, '2018-09-27 21:54:23', 'KATHERINNE', 'PAOLA', NULL, 'CISTERNA', 'ESPEJO', 228592789, 946707543, 81, '16901393-4', 'Mujer', 'katty.88.25@gmail.com', '1988-06-16 00:00:00', NULL, 'Casado/a', 224),
(82, NULL, '2018-09-27 21:48:27', 'ALEJANDRA', 'SOLEDAD', NULL, 'SOTO', 'PACHECO', NULL, 948620009, 82, '13701162-K', 'Mujer', 'alejandra_sp@hotmail.es', '1979-01-17 00:00:00', NULL, 'Soltero/a', 223),
(83, NULL, NULL, 'GLORIA', 'DEL CARMEN', NULL, 'VILCHES', 'HERMOSILLA', NULL, 950851565, 83, '8575978-7', NULL, 'gloriavilcheshermosilla@gmail.com', NULL, NULL, NULL, NULL),
(84, NULL, NULL, 'ANDREINA', NULL, NULL, 'VERDE', 'DE ROMERO', 229733765, 975520271, 84, '25500137-K', NULL, 'anverde_21@hotmail.com', NULL, NULL, NULL, NULL),
(85, NULL, NULL, 'VERONICA', 'ESTELA', NULL, 'MEDINA', 'OCARES', 223299000, 956497267, 85, '9990921-8', NULL, 'veronicaestelamedina1@gmail.com', NULL, NULL, NULL, NULL),
(86, NULL, '2018-09-28 01:06:58', 'LILIANA', 'SOLEDAD', NULL, 'SOTO', 'NAUTO', 225270693, 984329866, 86, '15901238-7', 'Mujer', 'lily.soto.nauto@gmail.com', '1986-11-07 00:00:00', NULL, 'Soltero/a', 241),
(87, NULL, NULL, 'RACHEL', 'NOEMI', NULL, 'RIQUELME', 'RIQUELME', NULL, 956201331, 87, '14182828-2', NULL, 'eduardogz2012@gmail.com', NULL, NULL, NULL, NULL),
(88, NULL, NULL, 'AIDA', 'GLORIA', NULL, 'CABEZA', 'OCAMPO', NULL, 956314459, 88, '5024033-9', NULL, 'monsterxd510@gmail.com', NULL, NULL, NULL, NULL),
(89, NULL, '2018-09-27 23:49:38', 'FRANCISCA', 'FABIOLA', NULL, 'MARTINEZ', 'SEPULVEDA', 232349319, 967235868, 89, '16724786-5', 'Mujer', 'franciscamartinez235@gmail.com', '1983-10-08 00:00:00', NULL, 'Casado/a', 235),
(90, NULL, NULL, 'SINUE', 'MOISES', NULL, 'PARRAGUEZ', 'CORREA', NULL, 968291618, 90, '10926729-5', NULL, 'sinueparraguez@gmail.com', NULL, NULL, NULL, NULL),
(91, NULL, NULL, 'DELPHINI', 'DEL CARMEN', NULL, 'CERDA', 'MOLINA', NULL, 978297344, 91, '12579796-2', NULL, 'carmen.cerda.2015@gmail.com', NULL, NULL, NULL, NULL),
(92, NULL, NULL, 'JOCELYN', 'CAROL', NULL, 'HERNANDEZ', 'OLEA', NULL, 999372080, 92, '16042349-8', NULL, 'naxo_xh@hotmail.com', NULL, NULL, NULL, NULL),
(93, NULL, '2018-09-28 21:47:35', 'SEBASTIAN', 'ALFONSO', NULL, 'ROBLEDO', 'OLIVA', 229874374, 978850218, 93, '17278412-7', 'Hombre', 'danielapaz.levio@hotmail.com', '1989-09-07 00:00:00', NULL, 'Conviviente', 292),
(94, NULL, '2018-09-28 00:25:34', 'EVELIN', 'NOELIA', NULL, 'GRANDON', 'MACHACAN', NULL, 946178617, 94, '13803432-1', 'Mujer', 'noelia.grandon@hotmail.com', '1980-09-08 00:00:00', NULL, 'Soltero/a', 238),
(95, NULL, '2018-09-28 17:09:36', 'LUZ', 'HORTENCIA', NULL, 'MORENO', 'JAUREGUI', 225635601, 936503263, 95, '7250644-8', 'Mujer', 'liandmoncada@gmail.com', '2018-09-28 00:00:00', NULL, 'Casado/a', 280),
(96, NULL, '2018-09-29 01:28:43', 'FELIPE', 'IGNACIO', NULL, 'NAVARRO', 'ROMO', 229376524, 982830323, 96, '16546911-9', 'Hombre', 'felipe.navarro.romo@hotmail.com', '1987-02-09 00:00:00', NULL, 'Casado/a', 297),
(97, NULL, NULL, 'EVELYN', 'CRISTINA', NULL, 'SOLANO', 'ORTÍZ', 223019010, 950367322, 97, '14196153-5', NULL, 'evelyn_solano@hotmail.es', NULL, NULL, NULL, NULL),
(98, NULL, '2018-09-29 01:09:09', 'CYNTHIA', 'DEL CARMEN', NULL, 'PASMIÑO', 'PASMIÑO', NULL, 984925376, 98, '11665056-8', 'Mujer', 'dani07vivallo@gmail.com', '1970-04-09 00:00:00', NULL, 'Soltero/a', 300),
(99, NULL, '2018-09-27 21:59:14', 'TRINIDAD', 'VIOLETA', NULL, 'GONZALEZ', 'JARA', NULL, 996724788, 99, '10938135-7', 'Mujer', 'trivaba69@hotmail.com', '1969-06-26 00:00:00', NULL, 'Soltero/a', 225),
(100, NULL, NULL, 'MILAGRO', 'DEL CARMEN', NULL, 'OSES', 'LILLO', NULL, 999083754, 100, '8939407-4', NULL, 'notengo@notengo.cl', NULL, NULL, NULL, NULL),
(101, NULL, '2018-09-28 22:00:35', 'PAULA', 'ANDREA', NULL, 'RONDON', 'TAPIA', 225452557, 950931660, 101, '13490168-3', 'Mujer', 'paula.rondont@gmail.com', '2018-10-19 00:00:00', NULL, 'Soltero/a', 294),
(102, NULL, '2018-09-28 17:27:23', 'ANDREA', 'DEL CARMEN', NULL, 'PÉREZ', 'HERRERA', 225274912, 994650270, 102, '18274135-3', 'Mujer', 'andy.perez.herrera@gmail.com', '2018-09-28 00:00:00', NULL, 'Soltero/a', 283),
(103, NULL, '2018-09-27 17:39:44', 'LISSETTE', 'ANDREA', NULL, 'VIVEROS', 'INZUNZA', 228542105, 994289915, 103, '16118029-7', 'Mujer', 'colorina24@hotmail.com', '1985-05-15 00:00:00', NULL, 'Separado/a', 191),
(104, NULL, '2018-09-27 18:06:21', 'mariano', 'mariano', 'mariano', 'soto', 'soto', 228542105, 994289915, 104, '9029787-2', 'Mujer', 'colorina24@homtail.com', '1961-12-10 00:00:00', NULL, 'Casado/a', 195),
(105, NULL, NULL, 'CAROLINA', 'DEL PILAR', NULL, 'GATICA', 'LINCOPI', 228451162, 978572057, 105, '13496412-K', NULL, 'vicentetomas.diazg@gmail.com', NULL, NULL, NULL, NULL),
(106, NULL, '2018-09-28 20:23:10', 'PAOLA', 'ESTER', NULL, 'FUENTES', 'ALBORNOZ', NULL, 999371327, 106, '12283586-3', 'Mujer', 'paola.fuentes.albornoz@gmail.com', '1972-01-09 00:00:00', NULL, 'Soltero/a', 288),
(107, NULL, '2018-09-28 02:48:13', 'JOHANNA', 'IVONNE', NULL, 'MEZA', 'ESPINOZA', 228668584, 989492127, 107, '9806137-1', 'Mujer', 'johanna.mezae@gmail.com', '1968-11-08 00:00:00', NULL, 'Casado/a', 246),
(108, NULL, '2018-09-28 04:42:33', 'MARCELA', 'DEL CARMEN', NULL, 'HERNANDEZ', 'ROMERO', NULL, 962549636, 108, '12231261-5', 'Mujer', 'marce.72hernandez@gmail.com', '1972-11-14 00:00:00', NULL, 'Soltero/a', 261),
(109, NULL, '2018-09-28 01:47:36', 'SUGEY', 'KARINA', NULL, 'FLORES', 'NUÑEZ', 964270129, 968227620, 109, '14698729-K', 'Mujer', 'lcvmontajes@hotmail.com', '1979-08-14 00:00:00', NULL, 'Casado/a', 243),
(110, NULL, '2018-09-28 15:19:59', 'LUZ', 'MARIA', 'DELAS NIEVES', 'URRUTIA', 'PENROZ', NULL, 952610879, 110, '11883424-0', 'Mujer', 'brianprogamer615@gmail.com', '1971-05-18 00:00:00', NULL, 'Casado/a', 275),
(111, NULL, NULL, 'MARILUZ', 'DE LAS MERCEDES', NULL, 'PEREZ', 'COFRE', NULL, 981832846, 111, '8529203-K', NULL, 'notengo@notengo.cl', NULL, NULL, NULL, NULL),
(112, NULL, '2018-09-28 04:21:24', 'Daniela', 'Nicole', NULL, 'Caceres', 'Hinojosa', NULL, 952651655, 112, '15700877-3', 'Mujer', 'daniela.n.caceres@gmail.com', '1988-03-03 00:00:00', NULL, 'Soltero/a', 257),
(113, NULL, '2018-09-27 19:32:07', 'ANTONIETA', 'DEL PILAR', NULL, 'MEZA', 'TOLEDO', NULL, 978009863, 113, '13265314-3', 'Mujer', 'antonieta.meza@hotmail.com', '1977-04-08 00:00:00', NULL, 'Divorciado/a', 202),
(114, NULL, '2018-09-28 04:38:48', 'ALEJANDRA', 'JACQUELINE', NULL, 'FLORES', 'SEPULVEDA', 228716748, 995606299, 114, '12859195-8', 'Mujer', 'zamirgonzalezflores@gmail.com', '1975-07-02 00:00:00', NULL, 'Casado/a', 259),
(115, NULL, '2018-09-28 15:00:38', 'CRISTIAN', 'EDUARDO', NULL, 'LAGOS', 'MONTOYA', 224336003, 963208514, 115, '12902627-8', 'Hombre', 'clagosmontoya@gmail.com', '1974-05-06 00:00:00', NULL, 'Soltero/a', 271),
(116, NULL, '2018-09-28 03:30:34', 'YESSENIA', 'ALEJANDRINA', NULL, 'OLCAY', 'VALDEBENITO', 225584311, 997592252, 116, '15949512-4', 'Mujer', 'yessenia_cosita@hotmail.com', '1983-08-09 00:00:00', NULL, 'Casado/a', 252),
(117, NULL, '2018-09-28 13:39:12', 'ROXANA', 'ANDREA', NULL, 'ALARCON', 'PARRAGUEZ', NULL, 957926543, 117, '16044205-0', 'Mujer', 'cata.fran3@gmail.com', '1985-06-30 00:00:00', NULL, 'Soltero/a', 269),
(118, NULL, NULL, 'ISAAC', 'OSVALDO', NULL, 'VALENZUELA', 'GONZALEZ', 223015279, 944972635, 118, '16405957-K', NULL, 'osvaldo.isaacs@gmail.com', NULL, NULL, NULL, NULL),
(119, NULL, '2018-09-27 18:49:37', 'GISSEL', 'PATRICIA', NULL, 'RIVAS', 'ÑANCULEO', NULL, 985874813, 119, '16603935-5', 'Mujer', 'gisselarivas06@gmail.com', '1987-02-24 00:00:00', NULL, 'Soltero/a', 197),
(120, NULL, '2018-09-27 21:10:33', 'PAMELA', 'ALEJANDRA', NULL, 'SILVA', 'OLIVARES', 225466946, 945078636, 120, '18075061-4', 'Mujer', 'pamela.silvao@correoaiep.cl', '1992-03-03 00:00:00', NULL, 'Soltero/a', 213),
(121, NULL, '2018-09-28 20:59:24', 'CAROLINA', 'IVONNE', NULL, 'SANCHEZ', 'SAEZ', NULL, 983105161, 121, '13254558-8', 'Mujer', 'sanchezsaez.carolina@gmail.com', '1977-02-05 00:00:00', NULL, 'Soltero/a', 290),
(122, NULL, '2018-09-27 22:52:23', 'ROSA', 'DEL CARMEN', NULL, 'IBARRA', 'DELGADO', NULL, 971557425, 122, '11524728-K', 'Mujer', 'rosaibarra.d99@gmail.com', '1972-06-02 00:00:00', NULL, 'Casado/a', 232),
(123, NULL, '2018-09-29 01:58:07', 'MARCIA', 'RITA', NULL, 'HIDALGO', 'PEÑA', NULL, 987308422, 123, '12289756-7', 'Mujer', 'tabitacanales.01@gmail.com', '1972-08-17 00:00:00', NULL, 'Casado/a', 301),
(124, NULL, NULL, 'MAGNO', 'AUGUSTO', NULL, 'ZUÑIGA', 'PALMA', NULL, 965754061, 124, '12160907-K', NULL, 'magnozp@gmail.com', NULL, NULL, NULL, NULL),
(125, NULL, NULL, 'KARINA', 'ANDREA', NULL, 'SANDOVAL', 'NECULQUEO', 224612179, 934949724, 125, '15438476-6', NULL, 'karinaatonella14@gmail.com', NULL, NULL, NULL, NULL),
(126, NULL, NULL, 'JIMENA', 'DE LOURDES', NULL, 'QUIROZ', 'FLORES', NULL, 990802258, 126, '13577310-7', NULL, 'jimenafquiroz@gmail.com', NULL, NULL, NULL, NULL),
(127, NULL, NULL, 'ENRIQUE', 'ISRAEL', NULL, 'VERDUGO', 'VERGARA', NULL, 959300811, 127, '11844947-9', NULL, 'enriqueisraelverdugovergara@gmail.com', NULL, NULL, NULL, NULL),
(128, NULL, NULL, 'SOLANGE', 'MABEL', NULL, 'DOMINGUEZ', 'MARTINEZ', NULL, 997112820, 128, '11755767-7', NULL, 'solangemabel.42@gmail.com', NULL, NULL, NULL, NULL),
(129, NULL, '2018-09-27 23:28:00', 'ROSA', 'VIRGINIA', NULL, 'GUZMÁN', 'NEIRA', 225364737, 998070021, 129, '12116573-2', 'Mujer', 'jael.araneda0632@gmail.com', '1967-12-07 00:00:00', NULL, 'Casado/a', 233),
(130, NULL, NULL, 'ANA', 'MARIA', NULL, 'COBIAN', 'LIRA', 232193141, 999631289, 130, '7767309-1', NULL, 'ymacoly@hotmail.com', NULL, NULL, NULL, NULL),
(131, NULL, NULL, 'ANGELO', 'ANDRES', NULL, 'DE LA COSTA', 'MAUREIRA', 966639238, 976501114, 131, '15335137-6', NULL, 'anglo.delacosta@gmail.com', NULL, NULL, NULL, NULL),
(132, NULL, NULL, 'YESENIA', 'TAMARA', NULL, 'CID', 'RECABAL', NULL, 993377522, 132, '13602577-5', NULL, 'jesenia0808@gmail.com', NULL, NULL, NULL, NULL),
(133, NULL, NULL, 'GISSELLA', 'TERESA', NULL, 'GODOY', 'VALENZUELA', NULL, 999162428, 133, '12143991-3', NULL, 'gissella_dos@hotmail.com', NULL, NULL, NULL, NULL),
(134, NULL, '2018-09-28 15:17:46', 'VERÓNICA', 'DEL CARMEN', NULL, 'CANALES', 'SANDOVAL', NULL, 978175728, 134, '10154408-7', 'Mujer', 'cnavarrete@py.cl', '1967-06-16 00:00:00', NULL, 'Soltero/a', 274),
(135, NULL, '2018-09-28 05:05:44', 'CAROLAIN', 'YANIRA', NULL, 'GONZALEZ', 'OVANDO', NULL, 991207309, 135, '18289119-3', 'Mujer', 'carolaing23@hotmail.com', '1993-02-25 00:00:00', NULL, 'Soltero/a', 264),
(136, NULL, NULL, 'MARLENE', 'LORETO', NULL, 'SAEZ', 'MOYA', 229068067, 955178167, 136, '16547937-8', NULL, 'skulone@hotmail.com', NULL, NULL, NULL, NULL),
(137, NULL, '2018-09-28 04:18:01', 'LUIS', 'ALBERTO', NULL, 'MILLAN', 'VARGAS', NULL, 945844076, 137, '14184990-5', 'Hombre', 'luismillanvargas@gmail.com', '1981-06-17 00:00:00', NULL, 'Casado/a', 208),
(138, NULL, NULL, 'JUAN', 'EDUARDO', NULL, 'LARA', 'LABARCA', 225590682, 974064542, 138, '18661274-4', NULL, 'juanlara152@hotmail.es', NULL, NULL, NULL, NULL),
(139, NULL, '2018-09-27 21:19:37', 'JENNIFER', 'ANDREA', NULL, 'GALAZ', 'GONZALEZ', NULL, 953164644, 139, '16902641-6', 'Mujer', 'jenniandreagg@gmail.com', '1988-10-06 00:00:00', NULL, 'Conviviente', 217),
(140, NULL, '2018-09-28 17:35:03', 'OSCAR', 'EDUARDO', NULL, 'MUÑOZ', 'CORREA', NULL, 987647359, 140, '12166699-5', 'Hombre', 'munozcorrea05@gmail.com', '1979-11-05 00:00:00', NULL, 'Soltero/a', 248),
(141, NULL, '2018-09-28 21:47:59', 'SAMUEL', 'ANDRES', NULL, 'RUIZ', 'CHAMORRO', NULL, 994400347, 141, '17662508-2', 'Hombre', 'samuel.ruiz@usach.cl', '1990-09-06 00:00:00', NULL, 'Soltero/a', 293),
(142, NULL, NULL, 'JACQUELINE', 'ALEJANDRA', NULL, 'MERCADO', 'AYALA', NULL, 996348473, 142, '16696350-8', NULL, 'jacqueline.mercado1987@gmail.com', NULL, NULL, NULL, NULL),
(143, NULL, NULL, 'IRIS', 'ANGELINA', NULL, 'FERNANDEZ', 'PINTO', 226718241, 973958494, 143, '13290084-1', NULL, 'angelinafer2011@gmail.com', NULL, NULL, NULL, NULL),
(144, NULL, NULL, 'MARGARITA', 'DEL CARMEN', NULL, 'FIGUEROA', 'ALTAMIRANO', NULL, 933571735, 144, '12735738-2', NULL, 'margaritafigueroaaltamirano@gmail.com', NULL, NULL, NULL, NULL),
(145, NULL, '2018-09-27 19:30:14', 'ANDREA', 'MARIA', NULL, 'SEPULVEDA', 'VASQUEZ', NULL, 977551311, 145, '14192086-3', 'Mujer', 'nachoallisoncolo@gmail.com', '1981-02-09 00:00:00', NULL, 'Casado/a', 201),
(146, NULL, '2018-09-28 20:54:41', 'DAISY', 'MARILET', NULL, 'PAREDES', 'GUTIERREZ', NULL, 988065172, 146, '12910204-7', 'Mujer', 'paredes.marilet1975@gmail.com', '1975-11-03 00:00:00', NULL, 'Conviviente', 289),
(147, NULL, '2018-09-27 22:49:37', 'KARLA', 'EUGENIA', NULL, 'GOYCOLEA', 'ZUÑIGA', 229661886, 974657976, 147, '13912310-7', 'Mujer', 'karla.goycolea@ips.gob.cl', '1980-02-14 00:00:00', NULL, 'Soltero/a', 231),
(148, NULL, '2018-09-27 18:00:52', 'ROSA', 'IVETTE', NULL, 'GUTIERREZ', 'GONZALEZ', 228662411, 950121774, 148, '16714080-7', 'Mujer', 'r.ivette109@gmail.com', '1987-07-09 00:00:00', NULL, 'Casado/a', 193),
(149, NULL, '2018-09-28 02:57:30', 'MARGARITA', 'CAROLINA', NULL, 'MORALES', 'ARENAS', NULL, 982157203, 149, '15667007-3', 'Mujer', 'margaritacarolina.mm@gmail.com', '1983-09-08 00:00:00', NULL, 'Soltero/a', 247),
(150, NULL, NULL, 'PRICILLA', 'ANDREA', NULL, 'SANHUEZA', 'GALLARDO', NULL, 984352781, 150, '16041812-5', NULL, 'pricillasanhueza@gmail.com', NULL, NULL, NULL, NULL),
(151, NULL, '2018-09-28 06:00:18', 'MAXIMO', 'ANTONIO', NULL, 'TORRES', 'MOLINA', NULL, 951896788, 151, '10810953-K', 'Hombre', 'torresmaximo896@gmail.com', '1969-07-09 00:00:00', NULL, 'Casado/a', 267),
(152, NULL, '2018-09-28 15:16:20', 'AMARILYS', 'MARIA', NULL, 'PEREZ', 'MEDINA', NULL, 958889525, 152, '150000001-1', 'Mujer', 'amarilysmaria8@gmail.com', '1973-10-08 00:00:00', NULL, 'Soltero/a', 273),
(153, NULL, '2018-09-28 06:41:57', 'ANGELICA', 'DEL ROSARIO', NULL, 'GONZALEZ', 'CONTRERAS', NULL, 953833412, 153, '13694451-7', 'Mujer', 'angelita13140@hotmail.com', '1979-04-08 00:00:00', NULL, 'Casado/a', 268),
(154, NULL, '2018-09-28 03:47:19', 'JENNY', 'MARISOL', NULL, 'PEÑAILILLO', 'MALDONADO', NULL, 968994210, 154, '15259958-7', 'Mujer', 'jenny.penailillo@gmail.com', '2018-09-26 00:00:00', NULL, 'Separado/a', 254),
(155, NULL, NULL, 'CASSANDRA', 'ATENEA', NULL, 'HENRIQUEZ', 'CONTRERAS', NULL, 986398038, 155, '16150718-0', NULL, 'martavial@gmail.com', NULL, NULL, NULL, NULL),
(156, NULL, '2018-09-29 04:39:00', 'JENNIFER', 'FABIOLA', NULL, 'GATICA', 'ARROYO', NULL, 974320944, 156, '16901492-2', 'Mujer', 'jennifergatica54@gmail.com', '1988-06-12 00:00:00', NULL, 'Casado/a', 302),
(157, NULL, NULL, 'CRISTINA', 'SASANA', NULL, 'VERA', 'ROMAN', 223923113, 963884153, 157, '16710821-0', NULL, 'yeru_2909@hotmail.com', NULL, NULL, NULL, NULL),
(158, NULL, '2018-09-28 01:37:39', 'tatiana', 'tatiana', 'tatiana', 'olave chacon', 'olave chacon', NULL, 989626905, 158, '11167714-K', 'Mujer', 'tantatianaolave@gmail.com', '1967-06-10 00:00:00', NULL, 'Divorciado/a', 242),
(159, NULL, NULL, 'PAMELA', 'BELEN', NULL, 'DIAZ', 'OLIVARES', NULL, 999111794, 159, '21104503-5', NULL, 'diazolivaresjulieta@gmail.com', NULL, NULL, NULL, NULL),
(160, NULL, '2018-09-28 04:43:08', 'RICARDO', 'HUMBERTO', NULL, 'QUEZADA', 'MOYA', 225169267, 947704866, 160, '13299147-2', 'Hombre', 'quezadafamilia41@gmail.com', '1977-11-05 00:00:00', NULL, 'Casado/a', 262),
(161, NULL, '2018-09-28 04:54:43', 'PEDRO', 'ALEJANDRO', NULL, 'CONTRERAS', 'VEJAR', 225435298, 990004741, 161, '15658469-K', 'Hombre', 'pedroale@live.cl', '2018-10-23 00:00:00', NULL, 'Casado/a', 263),
(162, NULL, '2018-09-27 21:44:08', 'KATHERINE', 'GISSELLE', NULL, 'QUIROZ', 'GONZALEZ', NULL, 973240556, 162, '14194917-9', 'Mujer', 'katherine.quiroz@bci.cl', '1980-09-16 00:00:00', NULL, 'Separado/a', 221),
(163, NULL, '2018-09-27 22:47:37', 'MELISSA', 'MACARENA', NULL, 'YAÑEZ', 'GONZALEZ', 225617832, 983500803, 163, '15537347-4', 'Mujer', 'melissa.y.gonzalez1984@gmail.com', '1983-06-29 00:00:00', NULL, 'Soltero/a', 230),
(164, NULL, '2018-09-29 06:02:00', 'GABRIEL', 'IGNACIO', NULL, 'GONZALEZ', 'BENAVIDES', 222412131, 982090623, 164, '14169982-2', 'Hombre', 'gigonzalb@gmail.com', '1980-07-03 00:00:00', NULL, 'Soltero/a', 199),
(165, NULL, NULL, 'LEONARDO', 'ANDRES', NULL, 'CASTILLO', 'VENEGAS', NULL, 964196385, 165, '13835635-3', NULL, 'venessa.reyes@sip.cl', NULL, NULL, NULL, NULL),
(166, NULL, NULL, 'EZERELI', 'ANNY', 'BETEL', 'JARA', 'GUERRERO', 232351165, 973790666, 166, '15447975-9', NULL, 'ezereli.jara@hotmail.com', NULL, NULL, NULL, NULL),
(167, NULL, NULL, 'CATHERINE', 'MERRY', NULL, 'IBARRA', 'ROJAS', NULL, 950329187, 167, '14318248-7', NULL, 'cathy.ibarra.rojas@gmail.com', NULL, NULL, NULL, NULL),
(168, NULL, NULL, 'ESTHER', NULL, NULL, 'VINCENT', 'NO TIENE', NULL, 945625489, 168, '24701034-3', NULL, 'esther20@hmail.com', NULL, NULL, NULL, NULL),
(169, NULL, '2018-09-28 16:10:24', 'MYRIAN', 'CAROL', NULL, 'NUÑEZ', 'GUTIERREZ', NULL, 971914446, 169, '12860689-0', 'Mujer', 'myriancarol@hotmail.com', '1975-10-20 00:00:00', NULL, 'Casado/a', 278),
(170, NULL, '2018-09-28 19:20:11', 'MIGUEL', 'ANGEL', NULL, 'CIFUENTES', 'SAEZ', NULL, 990395420, 170, '16218835-6', 'Hombre', 'miguel.cifuentes.saez@gmail.com', '1986-05-20 00:00:00', NULL, 'Soltero/a', 266),
(171, NULL, NULL, 'RUBEN', 'DARIO', NULL, 'ALVARADO', 'ORTEGA', NULL, 957394582, 171, '10599713-2', NULL, 'alvardo.ruben196@gmail.com', NULL, NULL, NULL, NULL),
(172, NULL, '2018-09-29 12:30:17', 'PABLITA', 'ANDREA', NULL, 'BARRIGA', 'CANTO', NULL, 982620723, 172, '13703811-0', 'Mujer', 'cata_seba_pably@hotmail.com', '1979-05-08 00:00:00', NULL, 'Casado/a', 286),
(173, NULL, NULL, 'BARBARA', 'MARITZA', NULL, 'MALLANES', 'OSORIO', NULL, 952153943, 173, '20559212-1', NULL, 'barbara.mallanes@hotmail.es', NULL, NULL, NULL, NULL),
(174, NULL, '2018-09-27 19:52:58', 'FLOR', 'ADRIANA', NULL, 'GONZALEZ', 'PAREDES', 225281620, 992000814, 174, '10382370-6', 'Mujer', 'floradriana123@gmail.com', '1976-10-22 00:00:00', NULL, 'Separado/a', 204),
(175, NULL, NULL, 'KATHERINE', 'VALESKA', NULL, 'LEAL', 'MILLAR', 232766418, 948626840, 175, '16357726-7', NULL, 'lealk177@gmail.com', NULL, NULL, NULL, NULL),
(176, NULL, '2018-10-19 02:17:59', 'SANDRA', 'DANIELA', NULL, 'AHUMADA', 'ESCOBAR', NULL, 978628633, 176, '12658336-2', 'Mujer', 'mdsc73@gmail.com', '1974-09-23 00:00:00', NULL, 'Casado/a', 245),
(177, NULL, '2018-09-28 15:20:15', 'BETZABE', 'ALEJANDRA', NULL, 'MÁRQUEZ', 'CARRASCO', 225589950, 947089580, 177, '19188470-1', 'Mujer', 'betzaandgrace@gmail.com', '2018-09-28 00:00:00', NULL, 'Soltero/a', 272),
(178, NULL, '2018-10-20 00:21:01', 'ROSA', 'DEL CARMEN', NULL, 'HERRERA', 'CARDENAS', NULL, 990068125, 178, '16986121-8', 'Mujer', 'rodrigosilva027@gmail.com', '1988-03-02 00:00:00', NULL, 'Casado/a', 287),
(179, NULL, '2018-10-19 23:03:24', 'JEANINE', 'VIVIANA', NULL, 'FERNANDEZ', 'LOBOS', 981224729, 994285493, 179, '16724546-3', 'Hombre', 'j_ani_23@hotmail.cl', '2018-10-19 00:00:00', NULL, 'Conviviente', 305),
(180, NULL, '2018-10-20 01:56:06', 'ELUDUVINA', 'DEL CARMEN', NULL, 'FERNANDEZ', 'HIDALGO', NULL, 988384510, 180, '9776632-0', 'Mujer', 'carmencitafernandez569@gmail.com', '1969-05-17 00:00:00', NULL, 'Casado/a', 240),
(181, NULL, '2018-09-28 00:44:22', 'VICTORIA', 'FLORENCIA', NULL, 'HERRERA', 'MARCHANT', NULL, 989097602, NULL, '24850373-4', 'Mujer', 'ahsley.stephanie@gmail.com', '2015-01-07 00:00:00', NULL, 'Soltero/a', 1),
(182, NULL, '2018-09-28 16:18:15', 'IAN', 'ROBERTO', NULL, 'DURAN', 'ORTIZ', NULL, 999883220, NULL, '24076461-K', 'Hombre', 'polyarte@live.cl', '2012-09-27 00:00:00', NULL, 'Soltero/a', 2),
(183, NULL, '2018-10-05 03:58:37', 'ALONSO', 'LUCIANO', NULL, 'FUENTES', 'MEJIAS', NULL, NULL, NULL, '24350815-0', 'Hombre', NULL, '2013-08-01 00:00:00', NULL, 'Soltero/a', 3),
(184, NULL, '2018-09-28 04:42:29', 'VICENTE', 'VALENTIN', NULL, 'ORTIZ', 'CELIS', NULL, 956743686, NULL, '21827240-1', 'Hombre', 'vicentevalentin1640@gmail.cl', '2005-04-27 00:00:00', NULL, 'Soltero/a', 4),
(185, NULL, NULL, 'LUIS', 'ALFONSO', NULL, 'DIAZ', 'NEIRA', NULL, NULL, NULL, '21798576-5', NULL, NULL, '2005-03-19 00:00:00', NULL, NULL, 5),
(186, NULL, '2018-10-19 23:41:35', 'IGNACIA', 'ANTONIA', NULL, 'REYES', 'ALBORNOZ', 226157145, 123123123, NULL, '24088342-2', 'Mujer', 'alremo24@gmail.com', '2012-10-12 00:00:00', NULL, 'Soltero/a', 6),
(187, NULL, '2018-09-28 04:34:46', 'JEAN', 'ANTONIO', NULL, 'REYES', 'ALBORNOZ', 226157145, 956449652, NULL, '21244641-6', 'Hombre', 'cruzado4312@gmail.com', '2004-05-12 00:00:00', NULL, 'Soltero/a', 7),
(188, NULL, NULL, 'ARANZAZU', 'ALICIA', NULL, 'SANTANDER', 'ROJAS', NULL, NULL, NULL, '21691168-7', NULL, NULL, '2004-10-27 00:00:00', NULL, NULL, 8),
(189, NULL, NULL, 'TAMARA', 'MILLARAY', NULL, 'MELLA', 'SANCHEZ', NULL, NULL, NULL, '21297287-8', NULL, NULL, '2003-07-29 00:00:00', NULL, NULL, 9),
(190, NULL, '2018-10-27 03:12:11', 'AYMARA', 'ANTONIA', NULL, 'COSIO', 'PEREZ', NULL, 974774787, NULL, '24617485-7', 'Mujer', 'perezarteagamariadelosangeles@gmail.com', '2014-05-03 00:00:00', NULL, 'Soltero/a', 10),
(191, NULL, '2018-09-29 11:47:52', 'FIORELLA', 'JASLIN', NULL, 'ZENTENO', 'VASQUEZ', 232474266, 984465348, NULL, '24290655-1', 'Mujer', 'cherie-16@live.com', '2013-05-27 00:00:00', NULL, 'Soltero/a', 11),
(192, NULL, NULL, 'BEMJAMIN', 'WUALTER', NULL, 'MORALES', 'MEZA', NULL, NULL, NULL, '21244651-3', NULL, NULL, '2004-05-08 00:00:00', NULL, NULL, 12),
(193, NULL, '2018-10-27 03:43:59', 'ALONSO', 'EMANUEL', NULL, 'ESCOBAR', 'VEGA', 227176838, 974547383, NULL, '23980816-6', 'Hombre', 'elyvega32@gmail.com', '2012-06-11 00:00:00', NULL, 'Soltero/a', 13),
(194, NULL, '2018-10-27 03:44:03', 'VICTORIA', 'ELIZABETH', NULL, 'ESCOBAR', 'VEGA', NULL, 974547383, NULL, '24503647-7', 'Mujer', 'elyvega32@gmail.com', '2014-01-07 00:00:00', NULL, 'Soltero/a', 14),
(195, NULL, '2018-09-28 03:16:39', 'RAYEN', 'ALEJANDRA', 'DEL PILAR', 'TORRES', 'VILLARROEL', 224718619, 962876294, NULL, '22133763-8', 'Mujer', 'yeyita.villa281280@gmail.com', '2006-06-04 00:00:00', NULL, 'Soltero/a', 15),
(196, NULL, NULL, 'DANNAE', 'STEFANNY', NULL, 'BECERRA', 'SAAVEDRA', NULL, NULL, NULL, '21244763-3', NULL, NULL, '2004-06-05 00:00:00', NULL, NULL, 16),
(197, NULL, '2018-09-27 21:30:12', 'KARINA', 'BELEN', NULL, 'COFRE', 'ARAVENA', 225289015, 930810528, NULL, '21827729-2', 'Mujer', 'karina.c.fhl@gmail.com', '2005-04-14 00:00:00', NULL, 'Soltero/a', 17),
(198, NULL, '2018-09-28 21:32:33', 'GABRIELA', 'MARISOL', NULL, 'SALINAS', 'SEVERINO', 225695440, NULL, NULL, '21844187-4', 'Mujer', NULL, '2005-05-23 00:00:00', NULL, 'Soltero/a', 18),
(199, NULL, '2018-09-28 05:31:21', 'DANIEL', 'ANTONIO', NULL, 'CAMPOS', 'OLIVARES', NULL, 949868658, NULL, '21798757-1', 'Hombre', 'danicamposoli9@gmial.com', '2005-03-17 00:00:00', NULL, 'Soltero/a', 19),
(200, NULL, NULL, 'BARBARA', 'LUCIA', NULL, 'BORQUEZ', 'LAGOS', NULL, NULL, NULL, '21773223-9', NULL, NULL, '2005-02-09 00:00:00', NULL, NULL, 20),
(201, NULL, NULL, 'ELIZABETH', 'MONSERRAT', NULL, 'DURAN', 'MERIÑO', NULL, NULL, NULL, '21817343-8', NULL, NULL, '2004-10-24 00:00:00', NULL, NULL, 21),
(202, NULL, '2018-09-28 19:29:12', 'VICTORIA', 'ALEJANDRA', NULL, 'ROMERO', 'LOPEZ', 225276662, 985075889, NULL, '21245476-1', 'Mujer', NULL, '2004-11-25 00:00:00', NULL, 'Soltero/a', 22),
(203, NULL, '2018-09-28 23:47:17', 'ALVARO', 'ALEJANDRO', NULL, 'MORALES', 'VALENZUELA', NULL, 957336119, NULL, '21834604-9', 'Hombre', 'cestarosaparvulo@gmail.com', '2005-05-04 00:00:00', NULL, 'Soltero/a', 23),
(204, NULL, NULL, 'BRUNO', 'MAXIMILIANO', NULL, 'RUIZ', 'NAHUELPAN', NULL, NULL, NULL, '21592069-0', NULL, NULL, '2004-06-11 00:00:00', NULL, NULL, 24),
(205, NULL, '2018-10-19 02:09:07', 'JAVIER', 'ANDRÉS', NULL, 'GATICA', 'ULLOA', NULL, 979334764, NULL, '21751732-K', 'Hombre', 'javiergaticaulloa@gmail.com', '2005-01-21 00:00:00', NULL, 'Soltero/a', 25),
(206, NULL, '2018-09-27 21:20:12', 'AGUSTIN', 'PATRICIO', NULL, 'VEGA', 'PORTUS', 225272429, 988573719, NULL, '21743873-K', 'Hombre', NULL, '2004-12-22 00:00:00', NULL, 'Soltero/a', 26),
(207, NULL, '2018-09-27 21:24:41', 'NICOLE', 'SCARLETT', NULL, 'MORENO', 'ZAMORANO', NULL, 965047580, NULL, '23333585-1', 'Mujer', 'zamoranosandra55@gmail.com', '2010-05-24 00:00:00', NULL, 'Soltero/a', 27),
(208, NULL, '2018-09-27 21:12:38', 'ANDREW', 'SCOTT', NULL, 'VISTOSO', 'ZAMORANO', NULL, 979547390, NULL, '21645308-5', 'Hombre', 'cristobal.vistoso@gmail.com', '2004-08-22 00:00:00', NULL, 'Soltero/a', 28),
(209, NULL, NULL, 'JAVIER', 'PATRICIO', NULL, 'ABARCA', 'ZUÑIGA', NULL, NULL, NULL, '21786741-K', NULL, NULL, '2005-03-02 00:00:00', NULL, NULL, 29),
(210, NULL, '2018-09-27 20:51:18', 'JAVIER', 'ANTONIO', NULL, 'MUÑOZ', 'MARCHANT', NULL, 945672981, NULL, '21467815-2', 'Hombre', 'javitoblindado7@gmail.com', '2003-12-18 00:00:00', NULL, 'Soltero/a', 30),
(211, NULL, '2018-09-28 22:30:30', 'BELEN', 'CONSTANZA', 'ANAIS', 'COFRE', 'SALAS', 225469095, 958705340, NULL, '21628237-K', 'Mujer', NULL, '2004-07-26 00:00:00', NULL, 'Soltero/a', 31),
(212, NULL, '2018-09-28 23:00:49', 'ANTONY', 'ALEXANDER', NULL, 'LARA', 'OLIVERA', NULL, 947626790, NULL, '21640464-5', 'Hombre', 'antony.lara.olivera@gmail.com', '2004-08-18 00:00:00', NULL, 'Soltero/a', 32),
(213, NULL, '2018-09-27 18:19:15', 'RENATO', 'JOAQUIN', NULL, 'CORTES', 'MATUS', NULL, NULL, NULL, '21846881-0', 'Hombre', 'c.matus.d@gmail.com', '2005-05-26 00:00:00', NULL, 'Soltero/a', 33),
(214, NULL, '2018-09-28 22:32:22', 'BASTIAN', 'ALEXANDER', NULL, 'GALLARDO', 'CONTRERAS', NULL, NULL, NULL, '21244070-1', 'Hombre', NULL, '2004-01-31 00:00:00', NULL, 'Soltero/a', 34),
(215, NULL, '2018-09-28 22:36:53', 'EMILY', 'RENATA', NULL, 'GALLARDO', 'CONTRERAS', NULL, NULL, NULL, '24038896-0', 'Mujer', NULL, '2012-08-15 00:00:00', NULL, 'Soltero/a', 35),
(216, NULL, '2018-09-27 20:15:31', 'PAULINA', 'ALMENDRA', NULL, 'VARGAS', 'CASTILLO', 227917902, 963379973, NULL, '21583724-6', 'Mujer', 'paulinaalmendravargascastillo@gmail.com', '2004-05-26 00:00:00', NULL, 'Soltero/a', 36),
(217, NULL, '2018-09-28 15:07:23', 'NICOLAS', 'ALEJANDRO', NULL, 'SILVA', 'BARRERA', 225168033, NULL, NULL, '21547211-6', 'Hombre', NULL, '2004-04-01 00:00:00', NULL, 'Soltero/a', 37),
(218, NULL, NULL, 'RAFAEL', 'ANDRES', NULL, 'CONTRERAS', 'MERCADO', NULL, NULL, NULL, '21419469-4', NULL, NULL, '2003-10-27 00:00:00', NULL, NULL, 38),
(219, NULL, '2018-09-28 22:24:14', 'BENJAMIN', 'ALEJANDRO', NULL, 'VALENZUELA', 'ROZAS', 225466914, 958917572, NULL, '21245108-8', 'Hombre', 'confeccionesallys@gmail.com', '2004-08-27 00:00:00', NULL, 'Soltero/a', 39),
(220, NULL, NULL, 'DARY', 'YASSEL', NULL, 'ALCAINO', 'SUAREZ', NULL, NULL, NULL, '21713812-4', NULL, NULL, '2004-11-03 00:00:00', NULL, NULL, 40),
(221, NULL, '2018-09-27 21:44:58', 'JAIME', 'IGNACIO', NULL, 'HERRERA', 'DIAZ', 986941793, 959514941, NULL, '21674122-6', 'Hombre', 'm.herrerav@yahoo.com', '2004-09-20 00:00:00', NULL, 'Soltero/a', 41),
(222, NULL, '2018-09-27 21:49:15', 'LUCIANO', 'PHILLIP', NULL, 'HERRERA', 'DIAZ', 986941793, 959514941, NULL, '23008954-K', 'Hombre', 'm.herrerav@yahoo.com', '2009-04-29 00:00:00', NULL, 'Soltero/a', 42),
(223, NULL, '2018-09-28 23:45:14', 'ENYA', 'MELEC', NULL, 'MAC-HALE', 'CHAMORRO', NULL, 972869349, NULL, '21823555-7', 'Mujer', 'enyamac.hale@gmail.com', '2005-02-21 00:00:00', NULL, 'Soltero/a', 43),
(224, NULL, NULL, 'MARTIN', 'NICOLAS', NULL, 'CATRIN', 'FLORES', NULL, NULL, NULL, '21619025-4', NULL, NULL, '2004-07-12 00:00:00', NULL, NULL, 44),
(225, NULL, '2018-09-27 21:40:50', 'DIEGO', 'ALONSO', NULL, 'AVENDAÑO', 'LEMU', 225588676, NULL, NULL, '21818287-9', 'Hombre', NULL, '2005-04-16 00:00:00', NULL, 'Soltero/a', 45),
(226, NULL, NULL, 'JORDAN', 'NICOLAS', NULL, 'PASTOR', 'ZUÑIGA', NULL, NULL, NULL, '21500887-8', NULL, NULL, '2004-02-03 00:00:00', NULL, NULL, 46),
(227, NULL, '2018-09-28 14:19:14', 'PATRICIO', 'MANUEL', NULL, 'INOSTROZA', 'CALDERÓN', NULL, NULL, NULL, '24694992-1', 'Hombre', NULL, '2014-07-29 00:00:00', NULL, 'Soltero/a', 47),
(228, NULL, NULL, 'ELIAS', 'FRANCISCO', NULL, 'VELIZ', 'DEVIA', NULL, NULL, NULL, '24684322-8', NULL, NULL, '2014-07-14 00:00:00', NULL, NULL, 48),
(229, NULL, '2018-09-28 03:30:15', 'PATRICK', 'STEPHANO', NULL, 'CORTES', 'DONOSO', NULL, 977912287, NULL, '21652429-2', 'Hombre', 'Patrickbaler230@gmail.com', '2004-09-05 00:00:00', NULL, 'Soltero/a', 49),
(230, NULL, NULL, 'NORMA', 'ANTONIA', 'AMALIA', 'FUENTES', 'FUENTES', NULL, NULL, NULL, '21872685-2', NULL, NULL, '2005-04-12 00:00:00', NULL, NULL, 50),
(231, NULL, '2018-09-27 22:20:29', 'ALEJANDRA', 'GRACIELA', NULL, 'SANCHEZ', 'ROJAS', NULL, 945572888, NULL, '21496451-1', 'Mujer', 'angelica.rojas@mamutchile.cl', '2004-01-30 00:00:00', NULL, 'Soltero/a', 51),
(232, NULL, '2018-09-28 00:23:58', 'JAVIERA', 'SOLEDAD', NULL, 'VARELA', 'OLATE', NULL, 993276220, NULL, '24863993-8', 'Mujer', 'marcia.olate315@gmail.com', '2015-01-15 00:00:00', NULL, 'Soltero/a', 52),
(233, NULL, '2018-09-28 03:52:59', 'VALENTINA', 'ANTONIA', NULL, 'SEGURA', 'PELDOZA', NULL, 976954223, NULL, '21648910-1', 'Mujer', NULL, '2004-08-28 00:00:00', NULL, 'Soltero/a', 53),
(234, NULL, NULL, 'MAURICIO', 'ALEJANDRO', NULL, 'MATURANA', 'CELEDON', NULL, NULL, NULL, '21713086-7', NULL, NULL, '2004-11-26 00:00:00', NULL, NULL, 54),
(235, NULL, NULL, 'CATALINA', 'ALEJANDRA', NULL, 'SALCEDO', 'ALARCON', NULL, NULL, NULL, '21635937-2', NULL, NULL, '2004-07-28 00:00:00', NULL, NULL, 55),
(236, NULL, '2018-09-27 17:54:44', 'RAFAELA', 'AMANDA', NULL, 'BARRERA', 'GAMBOA', 225278145, 935448814, NULL, '24927003-2', 'Mujer', 'adbarrera0404@gmail.com', '2015-03-12 00:00:00', NULL, 'Soltero/a', 56);
REPLACE INTO `personas` (`id`, `created_at`, `updated_at`, `PNombre`, `SNombre`, `TNombre`, `ApPat`, `ApMat`, `fonoFijo`, `fonoCelu`, `idUser`, `rut`, `genero`, `email`, `fechaNacimiento`, `fechaDefuncion`, `estadoCivil`, `idDireccion`) VALUES
(237, NULL, '2018-09-27 21:54:10', 'CRISTOBAL', 'ALEJANDRO', NULL, 'OSORIO', 'SEPULVEDA', NULL, NULL, NULL, '21671982-4', 'Hombre', NULL, '2004-09-30 00:00:00', NULL, 'Soltero/a', 57),
(238, NULL, '2018-09-28 00:37:33', 'DANIELA', 'BELEN', NULL, 'GOMEZ', 'DELSO', 962052439, 962052439, NULL, '21554682-9', 'Mujer', 'marcosgomez.a7@gmail.com', '2004-04-15 00:00:00', NULL, 'Soltero/a', 58),
(239, NULL, '2018-09-28 04:48:55', 'HELENA', 'CATALINA', NULL, 'FARIAS', 'GODOY', NULL, 974278312, NULL, '21550403-4', 'Mujer', 'helenafariasgodoy@gmail.com', '2004-08-03 00:00:00', NULL, 'Soltero/a', 59),
(240, NULL, '2018-09-28 02:44:38', 'JULIO', 'MAXIMILIANO', NULL, 'LORCA', 'CRUZ', 227244774, 984685129, NULL, '21819995-K', 'Hombre', 'Carlosroberto_lorca@hotmail.com', '2005-04-04 00:00:00', NULL, 'Soltero/a', 60),
(241, NULL, '2018-09-27 20:14:32', 'VICTOR', 'FELIPE', NULL, 'ARAYA', 'FUENTES', NULL, 997997602, NULL, '21661897-1', 'Hombre', 'victor.araya.fuentes@alumnos.sip.cl', '2004-09-17 00:00:00', NULL, 'Soltero/a', 61),
(242, NULL, NULL, 'DANIELA', 'ALEJANDRA', NULL, 'MIRANDA', 'CARRASCO', NULL, NULL, NULL, '24674287-1', NULL, NULL, '2014-07-01 00:00:00', NULL, NULL, 62),
(243, NULL, NULL, 'JOAQUIN', 'ALONSO', NULL, 'VALDIVIA', 'ANGULO', NULL, NULL, NULL, '24268647-0', NULL, NULL, '2013-05-06 00:00:00', NULL, NULL, 63),
(244, NULL, NULL, 'ISIDORA', 'VALENTINA', NULL, 'VALDIVIA', 'ANGULO', NULL, NULL, NULL, '21789017-9', NULL, NULL, '2005-03-08 00:00:00', NULL, NULL, 64),
(245, NULL, NULL, 'EMA', 'JESUS', NULL, 'GALAZ', 'VALDIVIA', NULL, NULL, NULL, '24846877-7', NULL, NULL, '2014-12-29 00:00:00', NULL, NULL, 65),
(246, NULL, '2018-09-29 12:29:28', 'LUCAS', 'ALEJANDRO', NULL, 'MEDINA', 'ROMERO', NULL, 998391062, NULL, '21786658-8', 'Hombre', NULL, '2005-03-01 00:00:00', NULL, 'Soltero/a', 66),
(247, NULL, '2018-09-27 18:20:07', 'FRANCISCA', 'IGNACIA', NULL, 'AHUMADA', 'MORALES', NULL, 955150855, NULL, '21244909-1', 'Mujer', 'julia.morales.a@gmail.com', '2004-07-12 00:00:00', NULL, 'Soltero/a', 67),
(248, NULL, NULL, 'JAVIERA', 'ESTEFANIA', NULL, 'PAILLALEF', 'BRIONES', NULL, NULL, NULL, '21763542-K', NULL, NULL, '2005-01-05 00:00:00', NULL, NULL, 68),
(249, NULL, NULL, 'TOMAS', 'ALEXANDER', NULL, 'SILVA', 'ALARCON', NULL, NULL, NULL, '21863097-9', NULL, NULL, '2005-06-17 00:00:00', NULL, NULL, 69),
(250, NULL, NULL, 'VIOLETA', 'ANTONIA', NULL, 'MADARIAGA', 'HINOJOSA', NULL, NULL, NULL, '21741462-8', NULL, NULL, '2004-12-27 00:00:00', NULL, NULL, 70),
(251, NULL, '2018-09-28 00:15:58', 'ANAIS', 'CONSTANZA', NULL, 'FRAGA', 'LOPEZ', NULL, NULL, NULL, '21536138-1', 'Mujer', NULL, '2004-03-24 00:00:00', NULL, 'Soltero/a', 71),
(252, NULL, NULL, 'KEYLIN', 'DANAE', NULL, 'CARRASCO', 'SOTO', NULL, NULL, NULL, '21640674-5', NULL, NULL, '2004-08-19 00:00:00', NULL, NULL, 72),
(253, NULL, NULL, 'JAVIERA', 'IGNACIA', NULL, 'MARTINEZ', 'HERRERA', NULL, NULL, NULL, '21620556-1', NULL, NULL, '2004-07-21 00:00:00', NULL, NULL, 73),
(254, NULL, NULL, 'CONSTANZA', 'IGNACIA', NULL, 'CARRASCO', 'JARA', NULL, NULL, NULL, '24673880-7', NULL, NULL, '2014-06-27 00:00:00', NULL, NULL, 74),
(255, NULL, '2018-09-28 03:24:14', 'MARTIN', 'ALONSO', NULL, 'RIQUELME', 'SOTO', NULL, NULL, NULL, '24705409-K', 'Hombre', NULL, '2014-08-05 00:00:00', NULL, 'Soltero/a', 75),
(256, NULL, '2018-09-28 02:31:02', 'JOAN', 'VICENTE', NULL, 'CHAVEZ', 'COLLADO', 232884000, NULL, NULL, '21788573-6', 'Hombre', NULL, '2005-03-05 00:00:00', NULL, 'Soltero/a', 76),
(257, NULL, '2018-09-28 03:15:45', 'DANIELA', 'BELEN', NULL, 'TORRES', 'QUEZADA', NULL, NULL, NULL, '21748005-1', 'Mujer', NULL, '2005-01-07 00:00:00', NULL, 'Soltero/a', 77),
(258, NULL, '2018-09-28 04:28:10', 'AARON', 'ALEJANDRO', NULL, 'CHAVEZ', 'GALLARDO', NULL, 984890412, NULL, '21752210-2', 'Hombre', 'PAULINDA_06@HOTMAIL.COM', '2005-01-15 00:00:00', NULL, 'Soltero/a', 78),
(259, NULL, NULL, 'MARTINNA', 'IGNACIA', NULL, 'ARAYA', 'BERRIOS', NULL, NULL, NULL, '24804171-4', NULL, NULL, '2014-11-19 00:00:00', NULL, NULL, 79),
(260, NULL, NULL, 'ALONSO', 'ANTONIO', NULL, 'ARAYA', 'BERRIOS', NULL, NULL, NULL, '24056502-1', NULL, NULL, '2012-09-07 00:00:00', NULL, NULL, 80),
(261, NULL, NULL, 'BASTIAN', 'FRANCISCO', NULL, 'PAREDES', 'CONTRERAS', NULL, NULL, NULL, '21595249-5', NULL, NULL, '2012-02-04 00:00:00', NULL, NULL, 81),
(262, NULL, '2018-09-28 17:07:58', 'DANTE', 'BENITO', NULL, 'LEÓN', 'SAAVEDRA', 225073062, 991856532, NULL, '21723323-2', 'Hombre', NULL, '2004-11-29 00:00:00', NULL, 'Soltero/a', 82),
(263, NULL, NULL, 'LEONEL', 'SANTINO', NULL, 'LUCERO', 'TORRES', NULL, NULL, NULL, '24704456-6', NULL, NULL, '2014-08-05 00:00:00', NULL, NULL, 83),
(264, NULL, '2018-09-27 23:40:32', 'PABLO', 'ANTONIO', NULL, 'CARIMAN', 'REYES', 225271517, 964747072, NULL, '21842323-K', 'Hombre', 'jaqueline.reyescastillo@gmail.com', '2005-05-11 00:00:00', NULL, 'Soltero/a', 84),
(265, NULL, NULL, 'CONSTANZA', 'ANTONIA', NULL, 'ROJAS', 'MONTECINO', NULL, NULL, NULL, '21782413-3', NULL, NULL, '2005-02-24 00:00:00', NULL, NULL, 85),
(266, NULL, NULL, 'SEBASTIAN', 'ANDRES', NULL, 'ROJAS', 'FUENTEALBA', NULL, NULL, NULL, '21245516-4', NULL, NULL, '2004-12-05 00:00:00', NULL, NULL, 86),
(267, NULL, '2018-09-29 05:26:44', 'SEBASTIAN', 'ALEXANDER', NULL, 'SAAVEDRA', 'GARRIDO', 226093180, 994745832, NULL, '21681256-5', 'Hombre', 'janinagarrido@hotmail.com', '2004-10-04 00:00:00', NULL, 'Soltero/a', 87),
(268, NULL, '2018-09-27 22:09:50', 'CONSTANZA', 'SARAY', NULL, 'CARRASCO', 'CISTERNA', 228592789, 982772964, NULL, '21767775-0', 'Mujer', NULL, '2005-02-04 00:00:00', NULL, 'Soltero/a', 88),
(269, NULL, '2018-09-27 22:01:22', 'ABRAHAM', 'ANDRES', NULL, 'VILLALOBOS', 'SOTO', NULL, 945872457, NULL, '21628983-8', 'Mujer', NULL, '2004-08-02 00:00:00', NULL, 'Soltero/a', 89),
(270, NULL, NULL, 'DAVID', 'IGNACIO', NULL, 'HERRERA', 'PALAVECINO', NULL, NULL, NULL, '21641037-8', NULL, NULL, '2004-08-02 00:00:00', NULL, NULL, 90),
(271, NULL, NULL, 'ANDREA', 'ISABEL', NULL, 'ROMERO', 'VERDE', NULL, NULL, NULL, '25500092-6', NULL, NULL, '2004-09-08 00:00:00', NULL, NULL, 91),
(272, NULL, NULL, 'VALENTINA', 'BELEN', NULL, 'HERRERA', 'MEDINA', NULL, NULL, NULL, '21671881-K', NULL, NULL, '2004-09-29 00:00:00', NULL, NULL, 92),
(273, NULL, '2018-09-28 01:12:45', 'IAN', 'NICOLAS', NULL, 'INOSTROZA', 'SOTO', 225270693, 984329866, NULL, '24224279-3', 'Hombre', 'lily.soto.nauto@gmail.com', '2013-03-18 00:00:00', NULL, 'Soltero/a', 93),
(274, NULL, NULL, 'DEREK', 'ANTER', 'ANAIN', 'GUTIERREZ', 'RIQUELME', NULL, NULL, NULL, '21675358-5', NULL, NULL, '2004-10-07 00:00:00', NULL, NULL, 94),
(275, NULL, NULL, 'BENJAMIN', 'VICENTE', 'DAVID', 'PALACIOS', 'AGUILERA', NULL, NULL, NULL, '21596324-1', NULL, NULL, '2004-06-13 00:00:00', NULL, NULL, 95),
(276, NULL, '2018-09-27 23:58:07', 'EMILIO', 'IGNACIO', NULL, 'FICA', 'MARTINEZ', NULL, 967235868, NULL, '21747537-6', 'Hombre', NULL, '2005-01-07 00:00:00', NULL, 'Soltero/a', 96),
(277, NULL, NULL, 'SEBASTIAN', 'SINUE', NULL, 'PARRAGUEZ', 'GATICA', NULL, NULL, NULL, '21155499-1', NULL, NULL, '2002-10-28 00:00:00', NULL, NULL, 97),
(278, NULL, NULL, 'DIEGO', 'ALBERTO', NULL, 'MARTÍNEZ', 'CERDA', NULL, NULL, NULL, '21244761-7', NULL, NULL, '2004-06-01 00:00:00', NULL, NULL, 98),
(279, NULL, NULL, 'IGNACIO', 'ANDRES', NULL, 'CALDERON', 'HERNANDEZ', NULL, NULL, NULL, '21245405-2', NULL, NULL, '2004-10-12 00:00:00', NULL, NULL, 99),
(280, NULL, '2018-09-28 21:53:06', 'JOAQUIN', 'SEBASTIAN', NULL, 'ROBLEDO', 'LEVIO', 229874374, 978850218, NULL, '24634709-3', 'Hombre', 'danielapaz.levio@hotmail.com', '2014-05-28 00:00:00', NULL, 'Soltero/a', 100),
(281, NULL, '2018-09-28 00:44:18', 'CAMILA', 'CONSTANZA', NULL, 'LAVANDERO', 'GRANDON', NULL, 946178617, NULL, '21718844-K', 'Mujer', 'noelia.grandon@hotmail.com', '2004-12-02 00:00:00', NULL, 'Soltero/a', 101),
(282, NULL, '2018-09-28 17:18:36', 'LIAN', 'DESIRE', NULL, 'MONCADA', 'TORRES', 225635601, 936503263, NULL, '21733017-3', 'Hombre', 'liandmoncada@gmail.com', '2004-12-05 00:00:00', NULL, 'Soltero/a', 102),
(283, NULL, '2018-09-29 01:32:59', 'DOMINGA', 'JAVIERA', NULL, 'NAVARRO', 'VERALDI', 229376524, 982830323, NULL, '24113785-6', 'Mujer', 'FELIPE.NAVARRO.ROMO@HOTMAIL.COM', '2012-11-12 00:00:00', NULL, 'Soltero/a', 103),
(284, NULL, NULL, 'VANIA', 'DENISSE', NULL, 'JEREZ', 'SOLANO', NULL, NULL, NULL, '21787088-7', NULL, NULL, '2005-02-25 00:00:00', NULL, NULL, 104),
(285, NULL, '2018-09-29 01:22:19', 'DANIEL', 'FRANCESCO', NULL, 'VIVALLOS', 'PASMIÑO', NULL, 984925376, NULL, '21675944-3', 'Hombre', 'dani07vivallo@gmail.com', '2004-11-23 00:00:00', NULL, 'Soltero/a', 105),
(286, NULL, '2018-09-27 22:35:06', 'BARBARA', 'ANDREA', NULL, 'GONZALEZ', 'JARA', NULL, 961025371, NULL, '21869441-1', 'Mujer', 'shagotte@hotmail.com', '2004-08-07 00:00:00', NULL, 'Soltero/a', 106),
(287, NULL, NULL, 'EDUARDO', 'IGNACIO', NULL, 'GACITUA', 'OSES', NULL, NULL, NULL, '21760095-2', NULL, NULL, '2005-01-25 00:00:00', NULL, NULL, 107),
(288, NULL, '2018-09-28 22:16:06', 'JOAQUIN', 'IGNACIO', NULL, 'ALFARO', 'TAPIA', 225452557, 950931660, NULL, '21560133-1', 'Hombre', 'paula.rondont@gmail.com', '2004-04-19 00:00:00', NULL, 'Soltero/a', 108),
(289, NULL, '2018-09-28 17:43:32', 'NATALY', 'VERONICA', NULL, 'PÉREZ', 'MASSONI', 225274912, 994650270, NULL, '21782815-5', 'Mujer', 'andy.perez.herrera@gmail.com', '2005-02-28 00:00:00', NULL, 'Soltero/a', 109),
(290, NULL, '2018-09-27 17:53:27', 'PIA', 'ANTONELLA', NULL, 'JARA', 'VIVEROS', NULL, NULL, NULL, '21764382-1', 'Mujer', NULL, '2005-01-18 00:00:00', NULL, 'Soltero/a', 110),
(291, NULL, '2018-09-27 18:12:42', 'MARIANO', 'ANTONIO', NULL, 'VIVEROS', 'SOTO', NULL, NULL, NULL, '21781005-1', 'Hombre', NULL, '2005-02-11 00:00:00', NULL, 'Soltero/a', 111),
(292, NULL, NULL, 'VICENTE', 'TOMAS', NULL, 'DIAZ', 'GATICA', NULL, NULL, NULL, '21686546-4', NULL, NULL, '2004-10-14 00:00:00', NULL, NULL, 112),
(293, NULL, '2018-09-28 20:34:26', 'SEBASTIAN', 'ANDRES', NULL, 'MARIN', 'FUENTES', NULL, 983431137, NULL, '21572216-3', 'Hombre', 'sebastian.marin.fuentes@gmail.com', '2004-05-08 00:00:00', NULL, 'Soltero/a', 113),
(294, NULL, '2018-09-28 03:02:17', 'FERNANDA', 'DEL CARMEN', NULL, 'GUERRA', 'MEZA', 228668584, 989492127, NULL, '21672599-9', 'Mujer', NULL, '2004-10-03 00:00:00', NULL, 'Soltero/a', 114),
(295, NULL, '2018-09-28 04:55:59', 'BENJAMIN', 'ANTONIO', NULL, 'MUÑOZ', 'HERNANDEZ', NULL, 962549636, NULL, '21602192-4', 'Hombre', 'marce.72hernandez@gmail.com', '2004-06-22 00:00:00', NULL, 'Soltero/a', 115),
(296, NULL, '2018-09-28 02:06:29', 'SOFIA', 'MILLARAY', NULL, 'CRUZ', 'FLORES', 964270129, 964270129, NULL, '24019664-6', 'Mujer', 'lcvmontajes@hotmail.com', '2012-07-24 00:00:00', NULL, 'Soltero/a', 116),
(297, NULL, '2018-09-28 15:31:45', 'BRIAN', 'ALEXANDER', NULL, 'MUÑOZ', 'URRUTIA', NULL, 952610879, NULL, '21808720-5', 'Hombre', 'brianprogamer615@gmail.com', '2005-03-31 00:00:00', NULL, 'Soltero/a', 117),
(298, NULL, NULL, 'VICENTE', 'ESTEBAN', NULL, 'DÍAZ', 'DÍAZ', NULL, NULL, NULL, '24750862-7', NULL, NULL, '2014-09-20 00:00:00', NULL, NULL, 118),
(299, NULL, '2018-09-28 04:31:04', 'ALDANAR', 'THEO', NULL, 'VALENZUELA', 'CACERES', NULL, 952651655, NULL, '24636733-7', 'Hombre', 'daniela.n.caceres@gmail.com', '2014-05-29 00:00:00', NULL, 'Soltero/a', 119),
(300, NULL, '2018-09-27 19:38:08', 'CAROLINA', NULL, NULL, 'GUZMAN', 'MEZA', NULL, 978009863, NULL, '21706788-K', 'Mujer', 'antonieta.meza@hotmail.com', '2004-11-16 00:00:00', NULL, 'Soltero/a', 120),
(301, NULL, '2018-09-28 04:53:08', 'MONSERRATT', 'CATALINA', NULL, 'GONZALEZ', 'FLORES', 228716748, 995606299, NULL, '21437578-8', 'Mujer', 'zamirgonzalezflores@gmail.com', '2003-10-30 00:00:00', NULL, 'Soltero/a', 121),
(302, NULL, '2018-09-28 15:13:52', 'GUSTAVO', 'CRISTIAN', NULL, 'LAGOS', 'CORREA', 224336003, 963208514, NULL, '24914464-9', 'Hombre', 'clagosmontoya@gmail.com', '2015-02-27 00:00:00', NULL, 'Soltero/a', 122),
(303, NULL, '2018-09-28 03:41:05', 'CASSIEL', 'VALENTINA', NULL, 'QUINTERO', 'OLCAY', NULL, NULL, NULL, '21434093-3', 'Mujer', NULL, '2003-11-05 00:00:00', NULL, 'Soltero/a', 123),
(304, NULL, '2018-09-28 13:47:31', 'CATALINA', 'FRANCISCA', NULL, 'SOLIS', 'ALARCON', NULL, 957926543, NULL, '21731153-5', 'Mujer', 'cata.fran3@gmail.com', '2004-12-14 00:00:00', NULL, 'Soltero/a', 124),
(305, NULL, NULL, 'ARIANNA', 'VALENTINA', NULL, 'VALENZUELA', 'GONZALEZ', NULL, NULL, NULL, '21245444-3', NULL, NULL, '2004-09-21 00:00:00', NULL, NULL, 125),
(306, NULL, '2018-09-27 19:39:09', 'MATIAS', 'IGNACIO', NULL, 'VASQUEZ', 'RIVAS', NULL, 985874813, NULL, '21846652-4', 'Hombre', 'gisselarivas06@gmail.com', '2005-05-27 00:00:00', NULL, 'Soltero/a', 126),
(307, NULL, '2018-09-27 21:20:55', 'TRINNYDAD', 'AYLEEN', NULL, 'SANDOVAL', 'SILVA', 225466946, NULL, NULL, '24811267-0', 'Mujer', NULL, '2014-11-27 00:00:00', NULL, 'Soltero/a', 127),
(308, NULL, '2018-09-28 21:19:26', 'LUCAS', 'FABIAN', NULL, 'JARA', 'SANCHEZ', NULL, 983105161, NULL, '21784557-2', 'Hombre', 'lucasjarasanchez@gmail.com', '2005-02-28 00:00:00', NULL, 'Soltero/a', 128),
(309, NULL, '2018-09-27 23:03:30', 'VALENTINA', 'ANDREA', NULL, 'RUIZ', 'IBARRA', NULL, 933705309, NULL, '21681203-4', 'Mujer', 'ruizibarravalentina@gmail.com', '2004-10-09 00:00:00', NULL, 'Soltero/a', 129),
(310, NULL, '2018-09-29 02:06:02', 'MATIAS', 'ANTONIO', NULL, 'CANALES', 'HIDALGO', NULL, NULL, NULL, '21591167-5', 'Hombre', 'tabitacanales.01@gmail.com', '2004-06-05 00:00:00', NULL, 'Soltero/a', 130),
(311, NULL, NULL, 'MAXIMO', 'ANDRES', NULL, 'ZUÑIGA', 'VIDELA', NULL, NULL, NULL, '21790448-K', NULL, NULL, '2005-03-07 00:00:00', NULL, NULL, 131),
(312, NULL, NULL, 'DANIEL', 'ESTEBAN', NULL, 'CUADRA', 'SANDOVAL', NULL, NULL, NULL, '21819510-5', NULL, NULL, '2005-03-28 00:00:00', NULL, NULL, 132),
(313, NULL, NULL, 'XIMENA', 'ANDREA', NULL, 'GARRIDO', 'QUIROZ', NULL, NULL, NULL, '21605692-2', NULL, NULL, '2004-06-29 00:00:00', NULL, NULL, 133),
(314, NULL, NULL, 'VINCENT', 'ADAN', NULL, 'VERDUGO', 'ROSALES', NULL, NULL, NULL, '21700170-6', NULL, NULL, '2004-10-19 00:00:00', NULL, NULL, 134),
(315, NULL, NULL, 'JOSE', 'LUIS', NULL, 'VALDEBENITO', 'DOMINGUEZ', NULL, NULL, NULL, '21244930-K', NULL, NULL, '2004-07-10 00:00:00', NULL, NULL, 135),
(316, NULL, '2018-09-27 23:56:45', 'JAEL', 'MILLARAY', NULL, 'ARANEDA', 'GUZMAN', 225364737, 935217857, NULL, '21611960-6', 'Mujer', 'jael.araneda0632@gmail.com', '2004-07-08 00:00:00', NULL, 'Soltero/a', 136),
(317, NULL, NULL, 'BASTIAN', 'NICOLAS', NULL, 'GONZALEZ', 'LOBOS', NULL, NULL, NULL, '21680704-9', NULL, NULL, '2004-10-09 00:00:00', NULL, NULL, 137),
(318, NULL, NULL, 'BENJAMIN', 'ANDRES', NULL, 'DE LA COSTA', 'FUENTES', NULL, NULL, NULL, '24835382-1', NULL, NULL, '2014-12-24 00:00:00', NULL, NULL, 138),
(319, NULL, NULL, 'JORDAN', 'ALEXANDER', NULL, 'NAVIA', 'CID', NULL, NULL, NULL, '21375428-9', NULL, NULL, '2003-08-29 00:00:00', NULL, NULL, 139),
(320, NULL, NULL, 'ALONDRA', 'GABRIELA', NULL, 'CARO', 'GODOY', NULL, NULL, NULL, '21863171-1', NULL, NULL, '2005-06-19 00:00:00', NULL, NULL, 140),
(321, NULL, '2018-09-28 15:30:29', 'MATIAS', 'BENJAMIN', NULL, 'ACEVEDO', 'CANALES', NULL, 983711559, NULL, '21774874-7', 'Hombre', 'cnavarrete@py.cl', '2004-09-10 00:00:00', NULL, 'Soltero/a', 141),
(322, NULL, '2018-09-28 05:14:08', 'EYMILIN', 'ANAHIS', NULL, 'VALDEBENITO', 'GONZALEZ', NULL, NULL, NULL, '24826711-9', 'Mujer', NULL, '2014-12-11 00:00:00', NULL, 'Soltero/a', 142),
(323, NULL, NULL, 'VICENTE', 'MARTIN', NULL, 'REBOLLEDO', 'SAEZ', NULL, NULL, NULL, '23267880-1', NULL, NULL, '2010-03-12 00:00:00', NULL, NULL, 143),
(324, NULL, '2018-09-28 04:28:33', 'ABRAHAM', 'JOSIAS', NULL, 'MILLAN', 'SALVO', NULL, NULL, NULL, '21782548-2', 'Hombre', 'luismillanvargas@gmail.com', '2005-02-24 00:00:00', NULL, 'Soltero/a', 144),
(325, NULL, NULL, 'FERNANDO', 'AGUSTIN', NULL, 'LARA', 'MUNDACA', NULL, NULL, NULL, '24636411-7', NULL, NULL, '2014-06-01 00:00:00', NULL, NULL, 145),
(326, NULL, '2018-09-27 21:36:08', 'BENJAMIN', 'MAXIMILIANO', NULL, 'PILQUIÑIR', 'GALAZ', NULL, 997176718, NULL, '21726133-3', 'Hombre', 'pilquibenja07@gmail.com', '2004-12-12 00:00:00', NULL, 'Soltero/a', 146),
(327, NULL, '2018-09-28 17:41:01', 'EMERSON', 'EDUARDO', NULL, 'MUÑOZ', 'LEIVA', NULL, 940558958, NULL, '21713891-4', 'Hombre', 'Munozcorrea05@gmail.com', '2004-11-25 00:00:00', NULL, 'Soltero/a', 147),
(328, NULL, NULL, 'SAMANTHA', 'ISABELLA', NULL, 'RUIZ', 'CANALES', NULL, NULL, NULL, '24660355-3', NULL, NULL, '2014-06-19 00:00:00', NULL, NULL, 148),
(329, NULL, NULL, 'ALVARO', 'AGUSTIN', NULL, 'ROJAS', 'MERCADO', NULL, NULL, NULL, '24798108-K', NULL, NULL, '2014-11-12 00:00:00', NULL, NULL, 149),
(330, NULL, NULL, 'MATIAS', 'ALONSO', NULL, 'MENARES', 'FERNANDEZ', NULL, NULL, NULL, '24931001-8', NULL, NULL, '2015-03-10 00:00:00', NULL, NULL, 150),
(331, NULL, NULL, 'MATILDE', 'ARIELA', NULL, 'GUENTELICAN', 'FIGUEROA', NULL, NULL, NULL, '21827534-6', NULL, NULL, '2005-04-29 00:00:00', NULL, NULL, 151),
(332, NULL, '2018-09-27 19:41:43', 'LUIS', 'IGNACIO', NULL, 'LAFFERTTE', 'SEPULVEDA', NULL, 977551311, NULL, '21607766-0', 'Hombre', 'nachocolocolino92@hotmail.com', '2004-07-04 00:00:00', NULL, 'Soltero/a', 152),
(333, NULL, '2018-09-28 21:21:02', 'ISIDORA', 'VALENTINA', NULL, 'AVILA', 'PAREDES', NULL, 988065172, NULL, '21712260-0', 'Mujer', 'paredes.marilet1975@gmail.com', '2004-11-22 00:00:00', NULL, 'Soltero/a', 153),
(334, NULL, '2018-09-27 23:59:04', 'MARTINA', 'VICTORIA', NULL, 'MORALES', 'GOYCOLEA', 229661886, 945067166, NULL, '21561406-9', 'Mujer', NULL, '2004-04-14 00:00:00', NULL, 'Soltero/a', 154),
(335, NULL, '2018-09-27 18:10:11', 'Alonso', 'Esteban', NULL, 'Letelier', 'Gutierrez', 228662411, 950121774, NULL, '24941578-2', 'Hombre', 'r.ivette109@gmail.com', '2015-03-28 00:00:00', NULL, 'Soltero/a', 155),
(336, NULL, '2018-09-28 03:19:36', 'BENJAMIN', 'GUSTAVO', NULL, 'ARAVENA', 'MORALES', NULL, 995784322, NULL, '21849695-4', 'Hombre', NULL, '2005-05-25 00:00:00', NULL, 'Soltero/a', 156),
(337, NULL, NULL, 'ROGELIO', 'HERNAN', NULL, 'CALDERON', 'SANHUEZA', NULL, NULL, NULL, '21440602-0', NULL, NULL, '2003-11-01 00:00:00', NULL, NULL, 157),
(338, NULL, '2018-09-28 06:16:44', 'AMIRA', 'IGNACIA', NULL, 'TORRES', 'PAILLAMAN', NULL, 951896788, NULL, '24740158-K', 'Mujer', 'torresmaximo896@gmail.com', '2014-09-09 00:00:00', NULL, 'Soltero/a', 158),
(339, NULL, '2018-09-28 15:24:19', 'JOHNNY', 'GREGORIO', NULL, 'SANCHEZ', 'PEREZ', NULL, 958889525, NULL, '100366374-0', 'Hombre', 'amarilysmaria8@gmail.com', '2003-04-05 00:00:00', NULL, 'Soltero/a', 159),
(340, NULL, '2018-09-28 06:53:00', 'KATHERINE', 'MICHEL', NULL, 'CHAÑAFIL', 'GONZALEZ', NULL, 953833412, NULL, '21790120-0', 'Mujer', 'angelita13140@hotmail.com', '2005-02-01 00:00:00', NULL, 'Soltero/a', 160),
(341, NULL, '2018-09-28 03:51:54', 'DANIEL', 'ANDRES', NULL, 'PAINEMAL', 'PEÑAILILLO', NULL, 968994210, NULL, '21670899-7', 'Hombre', 'jenny.penailillo@gmail.com', '2004-09-28 00:00:00', NULL, 'Soltero/a', 161),
(342, NULL, NULL, 'VICENTE', 'MATIAS', NULL, 'CASTRO', 'HENRIQUEZ', NULL, NULL, NULL, '24577259-9', NULL, NULL, '2014-03-25 00:00:00', NULL, NULL, 162),
(343, NULL, '2018-09-29 04:46:56', 'ELIAS', 'IGNACIO', NULL, 'ROJAS', 'GATICA', NULL, 975899245, NULL, '21778111-6', 'Hombre', 'eliasrgatica@gmail.com', '2005-02-16 00:00:00', NULL, 'Soltero/a', 163),
(344, NULL, NULL, 'FLORENCIA', 'MARISOL', NULL, 'ALMENDRA', 'VERA', NULL, NULL, NULL, '24921522-8', NULL, NULL, '2015-03-07 00:00:00', NULL, NULL, 164),
(345, NULL, '2018-09-28 01:52:29', 'FERNANDA', 'CATALINA', NULL, 'DELGADO', 'OLAVE', NULL, 932074507, NULL, '21658110-5', 'Mujer', 'fdelgadoolave@gmail.com', '2004-09-10 00:00:00', NULL, 'Soltero/a', 165),
(346, NULL, NULL, 'MAXIMO', 'BENJAMIN', NULL, 'ESPINOZA', 'DIAZ', NULL, NULL, NULL, '21603216-0', NULL, NULL, '2004-08-18 00:00:00', NULL, NULL, 166),
(347, NULL, '2018-09-28 04:57:50', 'RICARDO', 'DANIEL', NULL, 'QUEZADA', 'SEPULVEDA', 225169267, 966861015, NULL, '21761288-8', 'Hombre', 'quezadafamilia41@gmail.com', '2005-01-28 00:00:00', NULL, 'Separado/a', 167),
(348, NULL, '2018-09-28 05:02:52', 'STEVEN', 'ABRAHAM', NULL, 'CONTRERAS', 'BRIONES', 225435298, 967590060, NULL, '21245565-2', 'Hombre', NULL, '2004-12-17 00:00:00', NULL, 'Soltero/a', 168),
(349, NULL, '2018-09-27 21:53:53', 'NICOLAS', 'ANTONIO', NULL, 'SALINAS', 'QUIROZ', NULL, 941251731, NULL, '20881310-2', 'Hombre', 'katherine.quiroz@bci.cl', '2001-10-03 00:00:00', NULL, 'Separado/a', 169),
(350, NULL, '2018-09-27 23:12:28', 'ALAN', 'BASTIAN', NULL, 'ZUÑIGA', 'YAÑEZ', NULL, NULL, NULL, '24717229-7', 'Hombre', NULL, '2014-08-16 00:00:00', NULL, 'Soltero/a', 170),
(351, NULL, NULL, 'CAMILA', 'FERNANDA', NULL, 'ZUÑIGA', 'YAÑEZ', NULL, NULL, NULL, '21709577-8', NULL, NULL, '2004-11-18 00:00:00', NULL, NULL, 171),
(352, NULL, '2018-09-29 06:15:31', 'CATALINA', 'FERNANDA', NULL, 'GONZALEZ', 'ESCALONA', NULL, NULL, NULL, '24930246-5', 'Mujer', NULL, '2015-03-09 00:00:00', NULL, 'Soltero/a', 172),
(353, NULL, NULL, 'BENJAMIN', 'LEON', NULL, 'CASTILLO', 'REYES', NULL, NULL, NULL, '24593640-0', NULL, NULL, '2014-04-08 00:00:00', NULL, NULL, 173),
(354, NULL, NULL, 'MERARI', 'MILCA', 'MADAI', 'PINTO', 'JARA', NULL, NULL, NULL, '21711850-6', NULL, NULL, '2004-07-24 00:00:00', NULL, NULL, 174),
(355, NULL, NULL, 'MANUEL', 'IGNACIO', NULL, 'BASTIDAS', 'IBARRA', NULL, NULL, NULL, '21622679-8', NULL, NULL, '2014-09-29 00:00:00', NULL, NULL, 175),
(356, NULL, NULL, 'ARLY', 'BEJAMIN', NULL, 'FERREIRA', 'VINCENT', NULL, NULL, NULL, '24763771-0', NULL, NULL, '2005-06-26 00:00:00', NULL, NULL, 176),
(357, NULL, '2018-09-28 16:14:14', 'BENJAMIN', 'PATRICIO', NULL, 'MONROY', 'NUÑEZ', NULL, NULL, NULL, '21875019-2', 'Hombre', NULL, '2005-06-26 00:00:00', NULL, 'Soltero/a', 177),
(358, NULL, '2018-09-28 19:33:56', 'LAUTARO', 'TAHIEL', NULL, 'CIFUENTES', 'PONCE', NULL, 990395420, NULL, '24680032-4', 'Hombre', 'miguel.cifuentes.saez@gmail.com', '2014-07-09 00:00:00', NULL, 'Soltero/a', 178),
(359, NULL, NULL, 'MATEO', 'IGNACIO', NULL, 'ALVARADO', 'ROJAS', NULL, NULL, NULL, '24838207-4', NULL, NULL, '2005-04-18 00:00:00', NULL, NULL, 179),
(360, NULL, '2018-09-29 12:30:30', 'CATALINA', 'FRANCISCA', NULL, 'PINEDA', 'BARRIGA', NULL, 982620723, NULL, '21818229-1', 'Mujer', 'cata_seba_pably|@hotmail.com', '2005-04-18 00:00:00', NULL, 'Soltero/a', 180),
(361, NULL, NULL, 'MATEO', 'IGNACIO', NULL, 'CASTRO', 'MALLANES', NULL, NULL, NULL, '24081713-6', NULL, NULL, '2003-12-29 00:00:00', NULL, NULL, 181),
(362, NULL, '2018-09-27 20:22:18', 'CATALINA', 'ANTONIA', NULL, 'MENDEZ', 'GONZALEZ', 225281620, 992000814, NULL, '21476355-9', 'Mujer', 'floradriana123@gmail.com', '2003-12-29 00:00:00', NULL, 'Soltero/a', 182),
(363, NULL, NULL, 'ARANZA', 'BELEN', NULL, 'SANCHEZ', 'LEAL', NULL, NULL, NULL, '21700684-8', NULL, NULL, '2014-08-05 00:00:00', NULL, NULL, 183),
(364, NULL, '2018-10-19 02:55:09', 'PASCAL', 'SOFIA', NULL, 'SOTO', 'AHUMADA', NULL, 978628633, NULL, '24704293-8', 'Mujer', 'mdsc73@gmail.com', '2014-08-05 00:00:00', NULL, 'Soltero/a', 184),
(365, NULL, '2018-09-28 15:31:40', 'GRACE', 'IGNACIA', NULL, 'LARA', 'MÁRQUEZ', 225589950, NULL, NULL, '24745879-4', 'Mujer', NULL, '2014-09-19 00:00:00', NULL, 'Soltero/a', 185),
(366, NULL, '2018-09-28 20:09:21', 'ALONSO', 'IGNACIO', NULL, 'SILVA', 'HERRERA', NULL, 990068125, NULL, '24624586-K', 'Hombre', 'rodrigosilva027@gmail.com', '2014-05-17 00:00:00', NULL, 'Soltero/a', 186),
(367, NULL, NULL, 'CONSTANZA', 'ALEXANDRA', NULL, 'PERALTA', 'FERNANDEZ', NULL, NULL, NULL, '21547437-2', NULL, NULL, '2004-11-26 00:00:00', NULL, NULL, 187),
(368, NULL, '2018-09-29 11:51:54', 'MARCELO', 'JAVIER', NULL, 'VERA', 'FERNANDEZ', NULL, 964330323, NULL, '21809316-7', 'Hombre', 'marcelofh22@gmail.com', '2005-04-03 00:00:00', NULL, 'Soltero/a', 188),
(369, '2018-09-27 17:33:32', '2018-09-27 17:33:32', 'KARIN', 'CECILIA', NULL, 'GAMBOA', 'GONZALEZ', 225278145, 949413410, NULL, '17252016-2', 'Mujer', 'KARINGAMBOAG@GMAIL.COM', NULL, NULL, 'Casado/a', NULL),
(370, '2018-09-27 17:33:52', '2018-09-27 17:33:52', 'robinson', 'jonathan', NULL, 'jara', 'saez', NULL, 994528161, NULL, '13499188-7', 'Hombre', NULL, NULL, NULL, 'Separado/a', NULL),
(371, '2018-09-27 18:10:11', '2018-09-27 18:10:11', 'Felipe', 'Ignacio', NULL, 'Letelier', 'Calquin', 228662411, 967598961, NULL, '15349747-8', 'Hombre', 'f.letelierc@gmail.com', NULL, NULL, 'Casado/a', NULL),
(372, '2018-09-27 18:12:24', '2018-09-27 18:12:24', 'Rene', 'Fernando', NULL, 'Fuentes', 'Osorio', NULL, 993237569, NULL, '14194078-3', 'Hombre', 'fuos14@gmail.com', NULL, NULL, 'Soltero/a', NULL),
(373, '2018-09-27 18:12:42', '2018-09-27 18:12:42', 'omar', 'antonio', NULL, 'viveros', 'ARMIJO', NULL, 994289915, NULL, '14457028-6', 'Hombre', NULL, NULL, NULL, 'Casado/a', NULL),
(374, '2018-09-27 19:31:14', '2018-09-27 19:31:14', 'DAGOBERTO', 'ALEJANDRO', NULL, 'MEDINA', 'CIFUENTES', NULL, 998391062, NULL, '12683205-2', 'Hombre', 'D.MEDINACIFUENTES@GMAIL.COM', NULL, NULL, 'Soltero/a', NULL),
(375, '2018-09-27 19:41:42', '2018-09-27 19:41:42', 'Luis', 'Armando', NULL, 'Laffertte', 'Sepulveda', NULL, 962865387, NULL, '16191140-2', 'Hombre', NULL, NULL, NULL, 'Casado/a', NULL),
(376, '2018-09-27 20:22:17', '2018-09-27 20:22:17', 'Ivan', 'Romero', NULL, 'Romero', 'Diaz', NULL, 966187047, NULL, '9839065-0', 'Hombre', NULL, NULL, NULL, 'Divorciado/a', NULL),
(377, '2018-09-27 20:51:18', '2018-09-27 20:51:18', 'Ana', 'Luisa', NULL, 'Marchant', 'Alarcón', NULL, 952145761, NULL, '16088620-K', 'Mujer', 'marchant1806@gmail.com', NULL, NULL, 'Casado/a', NULL),
(378, '2018-09-27 21:12:38', '2018-09-27 21:12:38', 'cristobal', 'fernando', NULL, 'vistoso', 'maureira', NULL, 987397845, NULL, '15461513-K', 'Hombre', 'cristobal.vistoso@gmail.com', NULL, NULL, 'Casado/a', NULL),
(379, '2018-09-27 21:20:12', '2018-09-27 21:20:12', 'Mary', 'Vanessa', NULL, 'Portus', 'Pavez', 225272429, 988573719, NULL, '12255097-4', 'Mujer', 'maryportus72@gmail.com', NULL, NULL, 'Casado/a', NULL),
(380, '2018-09-27 21:20:55', '2018-09-27 21:20:55', 'CRISTIAN', 'HERNAN', NULL, 'SANDOVAL', 'ALVARADO', NULL, 991261994, NULL, '16782055-7', 'Hombre', NULL, NULL, NULL, 'Soltero/a', NULL),
(381, '2018-09-27 21:24:41', '2018-09-27 21:24:41', 'luis', 'antonio', NULL, 'moreno', 'araya', NULL, 975005090, NULL, '9993693-2', 'Hombre', NULL, NULL, NULL, 'Divorciado/a', NULL),
(382, '2018-09-27 21:30:12', '2018-09-27 21:30:12', 'Luis', 'Alberto', NULL, 'Cofre', 'Jeria', 225289015, 930810528, NULL, '9226223-5', 'Hombre', NULL, NULL, NULL, 'Conviviente', NULL),
(383, '2018-09-27 21:36:08', '2018-09-27 21:36:08', 'Andres', 'Alfonso', NULL, 'Pilquiñir', 'Roman', NULL, 963110561, NULL, '16440894-9', 'Hombre', NULL, NULL, NULL, 'Conviviente', NULL),
(384, '2018-09-27 21:40:50', '2018-09-27 21:40:50', 'Victor', 'Alonso', NULL, 'Avendaño', 'Gonzalez', 225588676, 979934344, NULL, '13356220-6', 'Hombre', 'victoraven.10@gmail.com', NULL, NULL, 'Soltero/a', NULL),
(385, '2018-09-27 21:44:58', '2018-09-27 21:44:58', 'MAURICIO', 'MANUEL', NULL, 'HERRERA', 'VERA', 959514941, 986941793, NULL, '15396584-6', 'Hombre', 'm.herrerav@yahoo.com', NULL, NULL, 'Casado/a', NULL),
(386, '2018-09-27 21:54:10', '2018-09-27 21:54:10', 'Patricio', 'Alejandro', NULL, 'Osorio', 'Contreras', NULL, 948744534, NULL, '11868658-6', 'Hombre', NULL, NULL, NULL, 'Casado/a', NULL),
(387, '2018-09-27 21:54:36', '2018-09-27 21:54:36', 'Alejandra', 'Andrea', NULL, 'Ulloa', 'Parra', NULL, 973717976, NULL, '14183467-3', 'Mujer', 'alejandraandreulloaparra@gmail.com', NULL, NULL, 'Casado/a', NULL),
(388, '2018-09-27 22:09:50', '2018-09-27 22:09:50', 'ELIAS', 'EDWARD', NULL, 'CARRASCO', 'MACHUCA', 228592789, 991474089, NULL, '15617857-8', 'Hombre', 'elias.83.25@gmail.com', NULL, NULL, 'Casado/a', NULL),
(389, '2018-09-27 22:11:55', '2018-09-27 22:11:55', 'EMANUEL', 'SALOMON', NULL, 'ESCOBAR', 'LAVIN', NULL, 972133822, NULL, '15671974-9', 'Hombre', 'emanuel.escobar.lavin@gmail.com', NULL, NULL, 'Separado/a', NULL),
(390, '2018-09-27 22:20:28', '2018-09-27 22:20:28', 'Alejandro', 'Raimundo', NULL, 'Sanchez', 'Rojas', NULL, 979982947, NULL, '9405709-4', 'Hombre', 'angelica.rojas@mamutchile.cl', NULL, NULL, 'Casado/a', NULL),
(391, '2018-09-27 22:46:20', '2018-09-27 22:46:20', 'Raul', 'Alberto', NULL, 'Zenteno', 'Ruiz', NULL, 963422136, NULL, '11864350-K', 'Hombre', 'raulzentenoruiz@gmail.com', NULL, NULL, 'Casado/a', NULL),
(392, '2018-09-27 23:03:29', '2018-09-27 23:03:29', 'Juan', 'Andres', NULL, 'Ruiz', 'Vera', NULL, 956182765, NULL, '13610372-5', 'Hombre', NULL, NULL, NULL, 'Casado/a', NULL),
(393, '2018-09-27 23:56:45', '2018-09-27 23:56:45', 'Pedro', 'Antonio', NULL, 'Araneda', 'Campos', 225364737, 998070021, NULL, '12112677-K', 'Hombre', NULL, NULL, NULL, 'Casado/a', NULL),
(394, '2018-09-27 23:58:07', '2018-09-27 23:58:07', 'CARLOS', 'HUMBERTO', NULL, 'FICA', 'COSTANZO', NULL, 967195665, NULL, '15459244-K', 'Hombre', NULL, NULL, NULL, 'Casado/a', NULL),
(395, '2018-09-27 23:59:03', '2018-09-27 23:59:03', 'Esteban', 'Leandro', NULL, 'Morales', 'Lobos', NULL, 999333330, NULL, '13562647-3', 'Hombre', NULL, NULL, NULL, 'Soltero/a', NULL),
(396, '2018-09-28 00:15:58', '2018-09-28 00:15:58', 'CRISTIAN', 'RODRIGO', NULL, 'FRAGA', 'PEREZ', NULL, 950602963, NULL, '12900477-0', 'Hombre', 'CRISTIANFRAGAPEREZ@HOTMAIL.COM', NULL, NULL, 'Conviviente', NULL),
(397, '2018-09-28 00:23:58', '2018-09-28 00:23:58', 'Hernaldo', 'Hernan', NULL, 'Varela', 'Moreno', NULL, 993279555, NULL, '15136252-4', 'Hombre', 'hernan.moreno198@gmail.com', NULL, NULL, 'Casado/a', NULL),
(398, '2018-09-28 00:37:32', '2018-09-28 00:37:32', 'Marcos', 'Antonio', NULL, 'Gomez', 'Alegría', 962052439, 962052439, NULL, '15396941-8', 'Hombre', 'marcosgomez.a7@gmail.com', NULL, NULL, 'Casado/a', NULL),
(399, '2018-09-28 00:44:18', '2018-09-28 00:44:18', 'ivan', 'eugenio', NULL, 'lavandero', 'diaz', NULL, 962057502, NULL, '11700184-9', 'Hombre', 'lavanderodiaz@gmail.com', NULL, NULL, 'Soltero/a', NULL),
(400, '2018-09-28 02:06:29', '2018-09-28 02:06:29', 'LUIS', NULL, NULL, 'CRUZ', 'VALVERDE', NULL, 964270129, NULL, '14675468-6', 'Hombre', 'LCVMONTAJES@HOTMAIL.COM', NULL, NULL, 'Casado/a', NULL),
(401, '2018-09-28 02:31:02', '2018-09-28 02:31:02', 'jean', 'antonny', NULL, 'chavez', 'gaete', NULL, 986598857, NULL, '16680492-2', 'Hombre', NULL, NULL, NULL, 'Soltero/a', NULL),
(402, '2018-09-28 02:44:38', '2018-09-28 02:44:38', 'CECILIA', 'DEL CARMEN', NULL, 'CRUZ', 'VALENZUELA', 227244774, 984685129, NULL, '10953763-2', 'Mujer', NULL, NULL, NULL, 'Divorciado/a', NULL),
(403, '2018-09-28 03:02:16', '2018-09-28 03:02:16', 'Julio', 'Segundo', NULL, 'Guerra', 'Guerrero', 228668584, 965375253, NULL, '10265004-2', 'Hombre', NULL, NULL, NULL, 'Casado/a', NULL),
(404, '2018-09-28 03:16:39', '2018-09-28 03:16:39', 'Juan', 'Enrique', NULL, 'Torres', 'Escobar', 224718619, 947058694, NULL, '14187588-4', 'Hombre', 'jordanx.killer.360@gmail.com', NULL, NULL, 'Casado/a', NULL),
(405, '2018-09-28 03:19:36', '2018-09-28 03:19:36', 'Javier', 'Alonso', NULL, 'Aravena', 'Ramírez', NULL, 971268566, NULL, '15743066-1', 'Hombre', NULL, NULL, NULL, 'Casado/a', NULL),
(406, '2018-09-28 03:24:14', '2018-09-28 03:24:14', 'ELIZABETH', 'CRISTINA', NULL, 'SOTO', 'MORENO', NULL, 966161108, NULL, '17666323-5', 'Mujer', 'elytha.soto.m@gmail.com', NULL, NULL, 'Conviviente', NULL),
(407, '2018-09-28 03:41:04', '2018-09-28 03:41:04', 'jorge', NULL, NULL, 'quintero', 'flores', NULL, 945678756, NULL, '12103713-0', 'Hombre', NULL, NULL, NULL, 'Separado/a', NULL),
(408, '2018-09-28 03:51:53', '2018-09-28 03:51:53', 'Hugo', NULL, NULL, 'Painemal', 'Agurto', NULL, 988892575, NULL, '15238478-5', 'Hombre', NULL, NULL, NULL, 'Separado/a', NULL),
(409, '2018-09-28 03:52:59', '2018-09-28 03:52:59', 'Carlos', 'Edison', NULL, 'Segura', 'Contreras', NULL, 934847995, NULL, '9867832-8', 'Hombre', NULL, NULL, NULL, 'Conviviente', NULL),
(410, '2018-09-28 04:18:18', '2018-09-28 04:18:18', 'Maria', 'De los angeles', NULL, 'Perez', 'Arteaga', NULL, 931245056, NULL, '15457367-4', 'Mujer', 'perezarteagamariadelosageles@gmail.com', NULL, NULL, 'Conviviente', NULL),
(411, '2018-09-28 04:42:29', '2018-09-28 04:42:29', 'Bernardina', 'Del carmen', NULL, 'Celis', 'Mella', NULL, 965602717, NULL, '11951619-6', 'Mujer', NULL, NULL, NULL, 'Casado/a', NULL),
(412, '2018-09-28 04:53:08', '2018-09-28 04:53:08', 'Jaime', 'Nolberto', NULL, 'González', 'Cárdenas', NULL, 965343456, NULL, '9907636-4', 'Hombre', NULL, NULL, NULL, 'Casado/a', NULL),
(413, '2018-09-28 05:02:52', '2018-09-28 05:02:52', 'Yanet', 'Ester', NULL, 'Briones', 'Tranamil', 225435298, 979488787, NULL, '14555501-9', 'Mujer', 'yanet.briones007@gmail.com', NULL, NULL, 'Casado/a', NULL),
(414, '2018-09-28 05:14:08', '2018-09-28 05:14:08', 'gonzalo', 'alexis', NULL, 'valdebenito', 'mellado', NULL, 991076200, NULL, '19248661-0', 'Hombre', NULL, NULL, NULL, 'Conviviente', NULL),
(415, '2018-09-28 05:31:21', '2018-09-28 05:31:21', 'Jose', 'Ivan', NULL, 'Campos', 'Palma', NULL, 986473890, NULL, '12518438-3', 'Hombre', NULL, NULL, NULL, 'Conviviente', NULL),
(416, '2018-09-28 06:16:44', '2018-09-28 06:16:44', 'Margarita', 'Isabel', NULL, 'Paillaman', 'Cordova', NULL, 940640693, NULL, '12095044-4', 'Mujer', NULL, NULL, NULL, 'Casado/a', NULL),
(417, '2018-09-28 13:47:30', '2018-09-28 13:47:30', 'FRANCISCO', 'RUBEN', NULL, 'SOLIS', 'MUÑOZ', NULL, 977330427, NULL, '13400629-3', 'Hombre', NULL, NULL, NULL, 'Casado/a', NULL),
(418, '2018-09-28 14:19:14', '2018-09-28 14:19:14', 'Jeny', 'del Pilar', NULL, 'Calderón', 'Fuentes', NULL, 993082689, NULL, '13852251-2', 'Mujer', 'jenycalderon.jc@gmail.com', NULL, NULL, 'Conviviente', NULL),
(419, '2018-09-28 15:07:23', '2018-09-28 15:07:23', 'Claudio', 'Andres', NULL, 'Silva', 'Silva', 225168033, 942750960, NULL, '16030270-4', 'Hombre', NULL, NULL, NULL, 'Conviviente', NULL),
(420, '2018-09-28 15:13:52', '2018-09-28 15:13:52', 'Carolina', 'Lissette', NULL, 'Correa', 'Correa', NULL, 971543234, NULL, '15438751-K', 'Mujer', NULL, NULL, NULL, 'Soltero/a', NULL),
(421, '2018-09-28 15:30:28', '2018-09-28 15:30:28', 'Héctor', 'Avelino', NULL, 'Acevedo', 'Abarca', NULL, 930181313, NULL, '11857182-7', 'Hombre', 'hacevedo165@gmail.com', NULL, NULL, 'Soltero/a', NULL),
(422, '2018-09-28 15:31:39', '2018-09-28 15:31:39', 'William', 'Esteban', NULL, 'Lara', 'Delgado', NULL, 959729346, NULL, '19022786-3', 'Hombre', NULL, NULL, NULL, 'Soltero/a', NULL),
(423, '2018-09-28 15:31:45', '2018-09-28 15:31:45', 'manuel', 'francisco', NULL, 'muñoz', 'flores', NULL, 948050950, NULL, '12643973-3', 'Hombre', NULL, NULL, NULL, 'Casado/a', NULL),
(424, '2018-09-28 16:14:14', '2018-09-28 16:14:14', 'Patricio', 'Emiliano', NULL, 'Monroy', 'Nuñex', NULL, 967297677, NULL, '13267242-3', 'Hombre', NULL, NULL, NULL, 'Casado/a', NULL),
(425, '2018-09-28 14:09:57', '2018-10-27 04:00:35', 'CECILIA', 'ANDREA', NULL, 'ORTIZ', 'AVILA', 229803247, 974287646, 181, '15155582-9', 'Mujer', 'TERAPIASCECILIAORTIZ@GMAIL.COM', '1982-06-12 00:00:00', NULL, 'Soltero/a', 284),
(427, '2018-09-28 14:14:40', '2018-10-19 23:31:21', 'FELIPE', 'ANDRES', 'JOHANS', 'GUTIERRÉZ', 'ORTIZ', 229803247, 974287646, NULL, '21245477-K', 'Hombre', 'terapiasceciliaortiz@gmail.com', '2004-11-26 00:00:00', NULL, 'Soltero/a', 285),
(428, '2018-09-28 17:18:36', '2018-09-28 17:18:36', 'Washington', 'Andres', NULL, 'Moncada', 'Osorio', 225635601, 936503263, NULL, '14419258-3', 'Hombre', NULL, NULL, NULL, 'Soltero/a', NULL),
(429, '2018-09-28 17:18:36', '2018-09-28 17:18:36', 'Daniela', 'Doralisa', NULL, 'Torres', 'Moreno', 225635601, 936503263, NULL, '15891600-2', 'Mujer', NULL, NULL, NULL, 'Soltero/a', NULL),
(430, '2018-09-28 17:41:01', '2018-09-28 17:41:01', 'Marisol', 'De las nieves', NULL, 'Leiva', 'Alfaro', NULL, 969098965, NULL, '10788853-5', 'Mujer', NULL, NULL, NULL, 'Separado/a', NULL),
(431, '2018-09-28 19:29:12', '2018-09-28 19:29:12', 'ALEJANDRA', 'ELENA', NULL, 'LOPEZ', 'RODRIGUEZ', 225276662, 985075889, NULL, '12501295-7', 'Mujer', 'JANILOPEZ.CHICHI@GMAIL.COM', NULL, NULL, 'Conviviente', NULL),
(432, '2018-09-28 19:33:56', '2018-09-28 19:33:56', 'Paulina', 'Ivette', NULL, 'Ponce', 'Herrera', NULL, 931787887, NULL, '15540966-5', 'Mujer', NULL, NULL, NULL, 'Soltero/a', NULL),
(433, '2018-09-28 21:32:32', '2018-09-28 21:32:32', 'Juan', 'Gabriel', NULL, 'Salinas', 'Castro', 225695440, 945392900, NULL, '11606458-8', 'Hombre', 'juan_gsc7@live.cl', NULL, NULL, 'Soltero/a', NULL),
(434, '2018-09-28 21:53:06', '2018-09-28 21:53:06', 'Daniela', 'Paz', NULL, 'Levio', 'Levio', NULL, 978850218, NULL, '18858466-7', 'Mujer', 'danielapaz.levio@gmail.com', NULL, NULL, 'Conviviente', NULL),
(435, '2018-09-28 22:32:22', '2018-09-28 22:32:22', 'Eliseo', 'Alexander', NULL, 'Gallardo', 'Campos', NULL, 984808323, NULL, '15964194-5', 'Hombre', NULL, NULL, NULL, 'Soltero/a', NULL),
(436, '2018-09-28 23:00:48', '2018-09-28 23:00:48', 'alejandro', 'esteban', NULL, 'lara', 'olivares', NULL, 961375423, NULL, '13493567-7', 'Hombre', NULL, NULL, NULL, 'Soltero/a', NULL),
(437, '2018-09-28 23:45:14', '2018-09-28 23:45:14', 'ricardo', 'ernesto', NULL, 'mac-hale', 'flores', NULL, 977121281, NULL, '10851903-7', 'Hombre', 'mac-haleric@hotmail.com', NULL, NULL, 'Casado/a', NULL),
(438, '2018-09-29 01:32:59', '2018-09-29 01:32:59', 'BARBARA', 'TAMARA', NULL, 'VERALDI', 'VASQUEZ', NULL, 946700833, NULL, '17257670-2', 'Mujer', NULL, NULL, NULL, 'Casado/a', NULL),
(439, '2018-09-29 02:06:02', '2018-09-29 02:06:02', 'Heriberto', 'Antonio', NULL, 'Canales', 'Hidalgo', NULL, 987308422, NULL, '10961130-1', 'Hombre', NULL, NULL, NULL, 'Casado/a', NULL),
(440, '2018-09-29 04:46:55', '2018-09-29 04:46:55', 'Francisco', 'Javier', NULL, 'Guerrero', 'Aravena', NULL, 991614205, NULL, '17905012-9', 'Hombre', NULL, NULL, NULL, 'Casado/a', NULL),
(441, '2018-09-29 05:26:44', '2018-09-29 05:26:44', 'Alexander', 'Rodrigo', NULL, 'Saavedra', 'Molina', 226093180, 941083284, NULL, '14487036-0', 'Hombre', NULL, NULL, NULL, 'Soltero/a', NULL),
(442, '2018-09-29 06:15:31', '2018-09-29 06:15:31', 'KATHERINE', 'SOLEDAD', NULL, 'ESCALONA', 'MARTÍNEZ', NULL, 965577104, NULL, '16387439-3', 'Mujer', 'KATITA.RASAE1986@GMAIL.COM', NULL, NULL, 'Soltero/a', NULL),
(443, '2018-09-29 11:51:54', '2018-10-19 02:21:16', 'NO TIENE', 'NO TIENE', 'NO TIENE', 'NO TIENE', 'NO TIENE', NULL, 123123123, NULL, '160000000-0', 'Hombre', NULL, NULL, NULL, 'Soltero/a', NULL);


REPLACE INTO `apoderados` (`id`, `created_at`, `updated_at`, `nivelEducacional`, `profesion`, `participacionCargo`, `participacionAnio`, `participacionObservacion`, `paisDeOrigen`, `idPersona`, `estado`) VALUES
(5, NULL, '2018-09-28 00:44:22', '2 ° Medio', 'Asistente dental', NULL, NULL, NULL, 'Chile', 1, 'MatriculaRevisadaPorApoderado'),
(6, NULL, '2018-09-28 16:18:15', '3 ° Medio Científico-Humanista', 'Comerciante', NULL, NULL, NULL, 'Chile', 2, 'MatriculaRevisadaPorApoderado'),
(9, NULL, '2018-10-05 03:50:28', 'Profesional', 'Ingeniero en Adm. de Empresas', NULL, NULL, NULL, 'Chile', 3, 'MatriculaRevisadaPorRevisor'),
(10, NULL, '2018-09-28 04:42:29', '3 ° Medio Técnico-Profesional', 'COMERCIANTE', NULL, NULL, NULL, 'Bosnia y Herzegovina', 4, 'MatriculaRevisadaPorApoderado'),
(11, NULL, NULL, NULL, NULL, NULL, NULL, NULL, NULL, 5, 'MatriculaNoRevisadaPorApoderado'),
(12, NULL, '2018-09-29 12:36:35', '4 ° Medio Técnico-Profesional', 'MANIPULADORA DE ALIMENTOS', NULL, NULL, NULL, 'Chile', 6, 'MatriculaRevisadaPorRevisor'),
(14, NULL, NULL, NULL, NULL, NULL, NULL, NULL, NULL, 7, 'MatriculaNoRevisadaPorApoderado'),
(16, NULL, NULL, NULL, NULL, NULL, NULL, NULL, NULL, 8, 'MatriculaNoRevisadaPorApoderado'),
(17, NULL, '2018-09-28 04:18:19', '4 ° Medio Técnico-Profesional', 'Vendedor', NULL, NULL, NULL, 'Chile', 9, 'MatriculaRevisadaPorApoderado'),
(18, NULL, '2018-09-27 22:46:20', 'Técnico Nivel Superior', 'AsistenteJjudicial', NULL, NULL, NULL, 'Chile', 10, 'MatriculaRevisadaPorApoderado'),
(19, NULL, NULL, NULL, NULL, NULL, NULL, NULL, NULL, 11, 'MatriculaNoRevisadaPorApoderado'),
(20, NULL, '2018-09-27 22:14:46', 'Profesional', 'PROFESORA', NULL, NULL, NULL, 'Chile', 12, 'MatriculaRevisadaPorApoderado'),
(21, NULL, '2018-09-28 03:16:39', '1 ° Medio', 'Aseadora construcción', NULL, NULL, NULL, 'Chile', 13, 'MatriculaRevisadaPorApoderado'),
(23, NULL, '2018-09-27 22:11:54', '8 ° Básico', 'Dueña de casa', NULL, NULL, NULL, 'Chile', 14, 'MatriculaNoRevisadaPorApoderado'),
(24, NULL, '2018-09-27 21:30:12', '6 ° Básico', 'Dueña de casa', NULL, NULL, NULL, 'Chile', 15, 'MatriculaRevisadaPorApoderado'),
(25, NULL, '2018-09-28 21:32:33', '4 ° Medio Técnico-Profesional', 'Dueña de casa', NULL, NULL, NULL, 'Chile', 16, 'MatriculaRevisadaPorApoderado'),
(26, NULL, '2018-09-28 05:31:21', '4 ° Medio Técnico-Profesional', 'Dependiente', NULL, NULL, NULL, 'Chile', 17, 'MatriculaRevisadaPorApoderado'),
(27, NULL, NULL, NULL, NULL, NULL, NULL, NULL, NULL, 18, 'MatriculaNoRevisadaPorApoderado'),
(28, NULL, NULL, NULL, NULL, NULL, NULL, NULL, NULL, 19, 'MatriculaNoRevisadaPorApoderado'),
(29, NULL, '2018-09-28 19:29:12', '4 ° Medio Científico-Humanista', 'MAESTRO MARROQUINERO', NULL, NULL, NULL, 'Chile', 20, 'MatriculaRevisadaPorApoderado'),
(30, NULL, '2018-09-28 23:47:17', 'Profesional', 'DOCENTE', NULL, NULL, NULL, 'Chile', 21, 'MatriculaRevisadaPorApoderado'),
(31, NULL, '2018-10-19 02:09:07', '3 ° Medio Técnico-Profesional', 'alguna', NULL, NULL, NULL, 'Chile', 22, 'MatriculaRevisadaPorApoderado'),
(32, NULL, '2018-09-27 21:54:36', 'Profesional', 'INGENIERO EN PREVENCIÓN DE RIESGOS', NULL, NULL, NULL, 'Chile', 23, 'MatriculaRevisadaPorApoderado'),
(33, NULL, '2018-09-27 21:20:12', 'Técnico Nivel Superior Incompleto', 'Comerciante', NULL, NULL, NULL, 'Chile', 24, 'MatriculaRevisadaPorApoderado'),
(34, NULL, '2018-09-27 21:24:41', '4 ° Medio Técnico-Profesional', 'contador general', NULL, NULL, NULL, 'Chile', 25, 'MatriculaRevisadaPorApoderado'),
(36, NULL, '2018-09-27 21:12:38', 'Técnico Nivel Superior', 'tecnico paramedico', NULL, NULL, NULL, 'Chile', 26, 'MatriculaRevisadaPorApoderado'),
(37, NULL, NULL, NULL, NULL, NULL, NULL, NULL, NULL, 27, 'MatriculaNoRevisadaPorApoderado'),
(39, NULL, '2018-09-27 20:51:18', '4 ° Medio Científico-Humanista', 'Chofer', NULL, NULL, NULL, 'Chile', 28, 'MatriculaRevisadaPorApoderado'),
(40, NULL, '2018-09-28 22:30:30', '1 ° Medio', 'Dueña de casa', NULL, NULL, NULL, 'Chile', 29, 'MatriculaRevisadaPorApoderado'),
(41, NULL, '2018-09-28 23:00:49', '4 ° Medio Técnico-Profesional', 'Secretariado administrativo', NULL, NULL, NULL, 'Chile', 30, 'MatriculaRevisadaPorApoderado'),
(42, NULL, '2018-09-27 18:19:15', '4 ° Medio Técnico-Profesional', 'Encargada de Venta', NULL, NULL, NULL, 'Chile', 31, 'MatriculaRevisadaPorApoderado'),
(43, NULL, '2018-09-28 22:36:53', '4 ° Medio Técnico-Profesional', 'Secretariado administrativo', NULL, NULL, NULL, 'Chile', 32, 'MatriculaRevisadaPorApoderado'),
(44, NULL, '2018-09-27 20:15:31', 'Técnico Nivel Superior', 'Técnico en redes', NULL, NULL, NULL, 'Chile', 33, 'MatriculaRevisadaPorApoderado'),
(45, NULL, '2018-09-28 15:07:23', '4 ° Medio Técnico-Profesional', 'Dueña de casa', NULL, NULL, NULL, 'Chile', 34, 'MatriculaRevisadaPorApoderado'),
(46, NULL, NULL, NULL, NULL, NULL, NULL, NULL, NULL, 35, 'MatriculaNoRevisadaPorApoderado'),
(47, NULL, '2018-09-28 22:24:14', '4 ° Medio Científico-Humanista', 'MODISTA', NULL, NULL, NULL, 'Chile', 36, 'MatriculaRevisadaPorApoderado'),
(48, NULL, '2018-09-27 20:02:59', '4 ° Medio Técnico-Profesional', 'Dueña de casa', NULL, NULL, NULL, 'Chile', 37, 'MatriculaNoRevisadaPorApoderado'),
(49, NULL, '2018-09-27 21:49:15', '4 ° Medio Técnico-Profesional', 'Atención Clientes', NULL, NULL, NULL, 'Chile', 38, 'MatriculaRevisadaPorApoderado'),
(52, NULL, '2018-09-28 23:45:14', 'Técnico Nivel Superior Incompleto', 'independiente', NULL, NULL, NULL, 'Chile', 39, 'MatriculaRevisadaPorApoderado'),
(53, NULL, NULL, NULL, NULL, NULL, NULL, NULL, NULL, 40, 'MatriculaNoRevisadaPorApoderado'),
(54, NULL, '2018-09-27 21:40:50', '4 ° Medio Científico-Humanista', 'Dueña de casa', NULL, NULL, NULL, 'Chile', 41, 'MatriculaRevisadaPorApoderado'),
(55, NULL, NULL, NULL, NULL, NULL, NULL, NULL, NULL, 42, 'MatriculaNoRevisadaPorApoderado'),
(56, NULL, '2018-09-28 14:19:14', 'Profesional', 'Profesor', NULL, NULL, NULL, 'Chile', 43, 'MatriculaRevisadaPorApoderado'),
(57, NULL, NULL, NULL, NULL, NULL, NULL, NULL, NULL, 44, 'MatriculaNoRevisadaPorApoderado'),
(58, NULL, '2018-09-28 03:30:15', '4 ° Medio Científico-Humanista', 'Dueña de casa', NULL, NULL, NULL, 'Chile', 45, 'MatriculaRevisadaPorApoderado'),
(59, NULL, NULL, NULL, NULL, NULL, NULL, NULL, NULL, 46, 'MatriculaNoRevisadaPorApoderado'),
(60, NULL, '2018-09-27 22:20:29', 'Profesional', 'Ingeniero industrial', NULL, NULL, NULL, 'Chile', 47, 'MatriculaRevisadaPorApoderado'),
(61, NULL, '2018-09-28 00:23:58', 'Técnico Nivel Superior', 'Empleado publico', NULL, NULL, NULL, 'Chile', 48, 'MatriculaRevisadaPorApoderado'),
(62, NULL, '2018-09-28 03:52:59', '4 ° Medio Científico-Humanista', 'Encargada de local', NULL, NULL, NULL, 'Chile', 49, 'MatriculaRevisadaPorApoderado'),
(63, NULL, NULL, NULL, NULL, NULL, NULL, NULL, NULL, 50, 'MatriculaNoRevisadaPorApoderado'),
(64, NULL, NULL, NULL, NULL, NULL, NULL, NULL, NULL, 51, 'MatriculaNoRevisadaPorApoderado'),
(65, NULL, '2018-09-27 17:54:44', 'Técnico Nivel Superior', 'TECNICO AGRICOLA', NULL, NULL, NULL, 'Chile', 52, 'MatriculaRevisadaPorApoderado'),
(66, NULL, '2018-09-27 21:54:10', '3 ° Medio Científico-Humanista', 'Dueña de casa', NULL, NULL, NULL, 'Chile', 53, 'MatriculaRevisadaPorApoderado'),
(67, NULL, '2018-09-28 00:37:33', '4 ° Medio Científico-Humanista', 'Dueña de casa', NULL, NULL, NULL, 'Chile', 54, 'MatriculaRevisadaPorApoderado'),
(68, NULL, '2018-09-28 04:48:56', '4 ° Medio Técnico-Profesional', 'Administrador', NULL, NULL, NULL, 'Chile', 55, 'MatriculaRevisadaPorApoderado'),
(69, NULL, '2018-09-28 02:44:38', '4 ° Medio Técnico-Profesional', 'Maestro gasfiter', NULL, NULL, NULL, 'Chile', 56, 'MatriculaRevisadaPorApoderado'),
(70, NULL, '2018-09-27 20:14:32', '4 ° Medio Científico-Humanista', 'Alimentación', NULL, NULL, NULL, 'Chile', 57, 'MatriculaRevisadaPorApoderado'),
(71, NULL, NULL, NULL, NULL, NULL, NULL, NULL, NULL, 58, 'MatriculaNoRevisadaPorApoderado'),
(72, NULL, '2018-10-22 17:44:58', 'Sin estudios', 'Informática', NULL, NULL, NULL, 'Chile', 59, 'MatriculaNoRevisadaPorApoderado'),
(73, NULL, '2018-09-29 12:29:28', '4 ° Medio Técnico-Profesional', 'OPERADORA', NULL, NULL, NULL, 'Chile', 60, 'MatriculaRevisadaPorRevisor'),
(74, NULL, '2018-09-27 18:20:07', '4 ° Medio Técnico-Profesional', 'SIN OCUPACION', NULL, NULL, NULL, 'Chile', 61, 'MatriculaRevisadaPorApoderado'),
(75, NULL, NULL, NULL, NULL, NULL, NULL, NULL, NULL, 62, 'MatriculaNoRevisadaPorApoderado'),
(76, NULL, NULL, NULL, NULL, NULL, NULL, NULL, NULL, 63, 'MatriculaNoRevisadaPorApoderado'),
(77, NULL, NULL, NULL, NULL, NULL, NULL, NULL, NULL, 64, 'MatriculaNoRevisadaPorApoderado'),
(78, NULL, '2018-09-28 00:15:58', '4 ° Medio Técnico-Profesional', 'TECNICO EN ALIMENTACIÓN COLECTIVA', NULL, NULL, NULL, 'Chile', 65, 'MatriculaRevisadaPorApoderado'),
(79, NULL, NULL, NULL, NULL, NULL, NULL, NULL, NULL, 66, 'MatriculaNoRevisadaPorApoderado'),
(80, NULL, NULL, NULL, NULL, NULL, NULL, NULL, NULL, 67, 'MatriculaNoRevisadaPorApoderado'),
(81, NULL, NULL, NULL, NULL, NULL, NULL, NULL, NULL, 68, 'MatriculaNoRevisadaPorApoderado'),
(82, NULL, '2018-09-28 03:24:14', '4 ° Medio Científico-Humanista', 'CARPINTERO', NULL, NULL, NULL, 'Chile', 69, 'MatriculaRevisadaPorApoderado'),
(83, NULL, '2018-09-28 02:31:02', '4 ° Medio Técnico-Profesional', 'dueña de casa', NULL, NULL, NULL, 'Chile', 70, 'MatriculaRevisadaPorApoderado'),
(85, NULL, '2018-09-28 03:15:46', '4 ° Medio Técnico-Profesional', 'Inspectora', NULL, NULL, NULL, 'Chile', 71, 'MatriculaRevisadaPorApoderado'),
(87, NULL, '2018-09-28 04:28:10', '7 ° Básico', 'DUEÑA DE CASA', NULL, NULL, NULL, 'Chile', 72, 'MatriculaRevisadaPorApoderado'),
(88, NULL, NULL, NULL, NULL, NULL, NULL, NULL, NULL, 73, 'MatriculaNoRevisadaPorApoderado'),
(89, NULL, NULL, NULL, NULL, NULL, NULL, NULL, NULL, 74, 'MatriculaNoRevisadaPorApoderado'),
(90, NULL, '2018-09-28 17:07:58', 'Técnico Nivel Superior Incompleto', 'Asistente de gerencia', NULL, NULL, NULL, 'Chile', 75, 'MatriculaRevisadaPorApoderado'),
(91, NULL, NULL, NULL, NULL, NULL, NULL, NULL, NULL, 76, 'MatriculaNoRevisadaPorApoderado'),
(92, NULL, '2018-09-27 23:40:32', '4 ° Medio Técnico-Profesional', 'dueña de casa', NULL, NULL, NULL, 'Chile', 77, 'MatriculaRevisadaPorApoderado'),
(93, NULL, NULL, NULL, NULL, NULL, NULL, NULL, NULL, 78, 'MatriculaNoRevisadaPorApoderado'),
(94, NULL, NULL, NULL, NULL, NULL, NULL, NULL, NULL, 79, 'MatriculaNoRevisadaPorApoderado'),
(95, NULL, '2018-09-29 05:26:44', 'Profesional', 'Docente', NULL, NULL, NULL, 'Chile', 80, 'MatriculaRevisadaPorApoderado'),
(96, NULL, '2018-09-27 22:09:51', '4 ° Medio Científico-Humanista', 'Dueña de casa', NULL, NULL, NULL, 'Chile', 81, 'MatriculaRevisadaPorApoderado'),
(97, NULL, '2018-09-27 22:01:22', '4 ° Medio Científico-Humanista', 'Tend', NULL, NULL, NULL, 'Chile', 82, 'MatriculaRevisadaPorApoderado'),
(98, NULL, NULL, NULL, NULL, NULL, NULL, NULL, NULL, 83, 'MatriculaNoRevisadaPorApoderado'),
(99, NULL, NULL, NULL, NULL, NULL, NULL, NULL, NULL, 84, 'MatriculaNoRevisadaPorApoderado'),
(101, NULL, NULL, NULL, NULL, NULL, NULL, NULL, NULL, 85, 'MatriculaNoRevisadaPorApoderado'),
(102, NULL, '2018-09-28 01:12:46', '4 ° Medio Técnico-Profesional', 'dueña de casa', NULL, NULL, NULL, 'Chile', 86, 'MatriculaRevisadaPorApoderado'),
(103, NULL, NULL, NULL, NULL, NULL, NULL, NULL, NULL, 87, 'MatriculaNoRevisadaPorApoderado'),
(104, NULL, NULL, NULL, NULL, NULL, NULL, NULL, NULL, 88, 'MatriculaNoRevisadaPorApoderado'),
(105, NULL, '2018-09-27 23:58:07', '4 ° Medio Técnico-Profesional', 'ASISTENTE DE AULA', NULL, NULL, NULL, 'Chile', 89, 'MatriculaRevisadaPorApoderado'),
(106, NULL, NULL, NULL, NULL, NULL, NULL, NULL, NULL, 90, 'MatriculaNoRevisadaPorApoderado'),
(108, NULL, NULL, NULL, NULL, NULL, NULL, NULL, NULL, 91, 'MatriculaNoRevisadaPorApoderado'),
(109, NULL, NULL, NULL, NULL, NULL, NULL, NULL, NULL, 92, 'MatriculaNoRevisadaPorApoderado'),
(110, NULL, '2018-09-28 21:53:06', 'Técnico Nivel Superior Incompleto', 'entrenador de futbol', NULL, NULL, NULL, 'Chile', 93, 'MatriculaRevisadaPorApoderado'),
(111, NULL, '2018-09-28 00:44:18', '2 ° Medio', 'ASESORA DE HOGAR', NULL, NULL, NULL, 'Chile', 94, 'MatriculaRevisadaPorApoderado'),
(112, NULL, '2018-09-28 17:18:36', '8 ° Básico', 'Dueña de casa', NULL, NULL, NULL, 'Chile', 95, 'MatriculaRevisadaPorApoderado'),
(113, NULL, '2018-09-29 01:32:59', 'Profesional', 'Ingeniero en comercio internacional', NULL, NULL, NULL, 'Chile', 96, 'MatriculaRevisadaPorApoderado'),
(114, NULL, NULL, NULL, NULL, NULL, NULL, NULL, NULL, 97, 'MatriculaNoRevisadaPorApoderado'),
(115, NULL, '2018-09-29 01:22:19', '4 ° Medio Científico-Humanista', 'Dueña de casa', NULL, NULL, NULL, 'Chile', 98, 'MatriculaRevisadaPorApoderado'),
(116, NULL, '2018-09-27 22:35:06', 'Técnico Nivel Superior', 'Secretaria', NULL, NULL, NULL, 'Chile', 99, 'MatriculaRevisadaPorApoderado'),
(118, NULL, NULL, NULL, NULL, NULL, NULL, NULL, NULL, 100, 'MatriculaNoRevisadaPorApoderado'),
(119, NULL, '2018-09-28 22:16:06', 'Técnico Nivel Superior Incompleto', 'VENDEDOR', NULL, NULL, NULL, 'Chile', 101, 'MatriculaRevisadaPorApoderado'),
(120, NULL, '2018-09-28 17:43:32', 'Técnico Nivel Superior', 'Tecnico en enfermeria de nivel superior', NULL, NULL, NULL, 'Chile', 102, 'MatriculaRevisadaPorApoderado'),
(121, NULL, '2018-09-27 17:53:27', '4 ° Medio Técnico-Profesional', 'PASTELERA', NULL, NULL, NULL, 'Chile', 103, 'MatriculaRevisadaPorApoderado'),
(122, NULL, '2018-09-27 18:12:42', '4 ° Medio Científico-Humanista', 'DUEÑA de casa', NULL, NULL, NULL, 'Chile', 104, 'MatriculaRevisadaPorApoderado'),
(123, NULL, NULL, NULL, NULL, NULL, NULL, NULL, NULL, 105, 'MatriculaNoRevisadaPorApoderado'),
(124, NULL, '2018-09-28 20:34:26', '3 ° Medio Científico-Humanista', 'Operaria de produccion', NULL, NULL, NULL, 'Chile', 106, 'MatriculaRevisadaPorApoderado'),
(125, NULL, '2018-09-28 03:02:17', '4 ° Medio Científico-Humanista', 'Dueña de casa', NULL, NULL, NULL, 'Chile', 107, 'MatriculaRevisadaPorApoderado'),
(126, NULL, '2018-09-28 04:55:59', 'Técnico Nivel Superior Incompleto', 'EMPLEADA', NULL, NULL, NULL, 'Chile', 108, 'MatriculaRevisadaPorApoderado'),
(127, NULL, '2018-09-28 02:06:29', '4 ° Medio Científico-Humanista', 'SUPERVISORA', NULL, NULL, NULL, 'Perú', 109, 'MatriculaRevisadaPorApoderado'),
(128, NULL, '2018-09-28 15:31:45', '4 ° Medio Técnico-Profesional', 'dueña de casa', NULL, NULL, NULL, 'Chile', 110, 'MatriculaRevisadaPorApoderado'),
(129, NULL, NULL, NULL, NULL, NULL, NULL, NULL, NULL, 111, 'MatriculaNoRevisadaPorApoderado'),
(130, NULL, '2018-09-28 04:31:04', '3 ° Medio Técnico-Profesional', 'Manicurista', NULL, NULL, NULL, 'Chile', 112, 'MatriculaRevisadaPorApoderado'),
(133, NULL, '2018-09-27 19:38:08', '4 ° Medio Técnico-Profesional', 'dueña de casa', NULL, NULL, NULL, 'Chile', 113, 'MatriculaRevisadaPorApoderado'),
(134, NULL, '2018-09-28 04:53:08', 'Profesional', 'Contadora', NULL, NULL, NULL, 'Chile', 114, 'MatriculaRevisadaPorApoderado'),
(135, NULL, '2018-09-28 15:13:52', 'Magíster', 'Contador Auditor', NULL, NULL, NULL, 'Chile', 115, 'MatriculaRevisadaPorApoderado'),
(136, NULL, '2018-09-28 03:41:05', '4 ° Medio Científico-Humanista', 'encuadernacion', NULL, NULL, NULL, 'Chile', 116, 'MatriculaRevisadaPorApoderado'),
(137, NULL, '2018-09-28 13:47:31', '4 ° Medio Técnico-Profesional', 'Tecnico nivel medio administración de empresas', NULL, NULL, NULL, 'Chile', 117, 'MatriculaRevisadaPorApoderado'),
(139, NULL, NULL, NULL, NULL, NULL, NULL, NULL, NULL, 118, 'MatriculaNoRevisadaPorApoderado'),
(140, NULL, '2018-09-27 19:39:09', '4 ° Medio Técnico-Profesional', 'Auxiliar de alimentacion', NULL, NULL, NULL, 'Chile', 119, 'MatriculaRevisadaPorApoderado'),
(141, NULL, '2018-09-27 21:20:55', 'Técnico Nivel Superior Incompleto', 'ESTUDIANTE', NULL, NULL, NULL, 'Chile', 120, 'MatriculaRevisadaPorApoderado'),
(142, NULL, '2018-09-28 21:19:26', 'Técnico Nivel Superior', 'tecnico pecuario', NULL, NULL, NULL, 'Chile', 121, 'MatriculaRevisadaPorApoderado'),
(143, NULL, '2018-09-27 23:03:30', 'Técnico Nivel Superior', 'Administrativo', NULL, NULL, NULL, 'Chile', 122, 'MatriculaRevisadaPorApoderado'),
(144, NULL, '2018-09-29 02:06:02', '7 ° Básico', 'Pastelera', NULL, NULL, NULL, 'Chile', 123, 'MatriculaRevisadaPorApoderado'),
(145, NULL, NULL, NULL, NULL, NULL, NULL, NULL, NULL, 124, 'MatriculaNoRevisadaPorApoderado'),
(146, NULL, NULL, NULL, NULL, NULL, NULL, NULL, NULL, 125, 'MatriculaNoRevisadaPorApoderado'),
(147, NULL, NULL, NULL, NULL, NULL, NULL, NULL, NULL, 126, 'MatriculaNoRevisadaPorApoderado'),
(148, NULL, NULL, NULL, NULL, NULL, NULL, NULL, NULL, 127, 'MatriculaNoRevisadaPorApoderado'),
(149, NULL, NULL, NULL, NULL, NULL, NULL, NULL, NULL, 128, 'MatriculaNoRevisadaPorApoderado'),
(150, NULL, '2018-09-27 23:56:45', '3 ° Medio Técnico-Profesional', 'Modista', NULL, NULL, NULL, 'Chile', 129, 'MatriculaRevisadaPorApoderado'),
(151, NULL, NULL, NULL, NULL, NULL, NULL, NULL, NULL, 130, 'MatriculaNoRevisadaPorApoderado'),
(153, NULL, NULL, NULL, NULL, NULL, NULL, NULL, NULL, 131, 'MatriculaNoRevisadaPorApoderado'),
(154, NULL, NULL, NULL, NULL, NULL, NULL, NULL, NULL, 132, 'MatriculaNoRevisadaPorApoderado'),
(156, NULL, NULL, NULL, NULL, NULL, NULL, NULL, NULL, 133, 'MatriculaNoRevisadaPorApoderado'),
(157, NULL, '2018-09-28 15:30:29', '8 ° Básico', 'Dueña de casa', NULL, NULL, NULL, 'Chile', 134, 'MatriculaRevisadaPorApoderado'),
(158, NULL, '2018-09-28 05:14:08', '4 ° Medio Científico-Humanista', 'dueña de casa', NULL, NULL, NULL, 'Chile', 135, 'MatriculaRevisadaPorApoderado'),
(159, NULL, NULL, NULL, NULL, NULL, NULL, NULL, NULL, 136, 'MatriculaNoRevisadaPorApoderado'),
(160, NULL, '2018-09-28 04:28:33', '4 ° Medio Científico-Humanista', 'Chofer', NULL, NULL, NULL, 'Chile', 137, 'MatriculaRevisadaPorApoderado'),
(161, NULL, NULL, NULL, NULL, NULL, NULL, NULL, NULL, 138, 'MatriculaNoRevisadaPorApoderado'),
(162, NULL, '2018-09-27 21:36:08', '4 ° Medio Técnico-Profesional', 'Dueña de casa', NULL, NULL, NULL, 'Chile', 139, 'MatriculaRevisadaPorApoderado'),
(163, NULL, '2018-09-28 17:41:01', '4 ° Medio Técnico-Profesional', 'Obrero', NULL, NULL, NULL, 'Chile', 140, 'MatriculaRevisadaPorApoderado'),
(164, NULL, '2018-09-28 21:47:59', 'Profesional', 'TECNÓLOGO EN TELECOMUNICACIONES', NULL, NULL, NULL, 'Chile', 141, 'MatriculaNoRevisadaPorApoderado'),
(165, NULL, NULL, NULL, NULL, NULL, NULL, NULL, NULL, 142, 'MatriculaNoRevisadaPorApoderado'),
(168, NULL, NULL, NULL, NULL, NULL, NULL, NULL, NULL, 143, 'MatriculaNoRevisadaPorApoderado'),
(170, NULL, NULL, NULL, NULL, NULL, NULL, NULL, NULL, 144, 'MatriculaNoRevisadaPorApoderado'),
(171, NULL, '2018-09-27 19:41:43', '3 ° Medio Técnico-Profesional', 'Programacion en computacion', NULL, NULL, NULL, 'Chile', 145, 'MatriculaRevisadaPorApoderado'),
(172, NULL, '2018-09-28 21:21:02', '4 ° Medio Técnico-Profesional', 'secretaria ejecutiva', NULL, NULL, NULL, 'Chile', 146, 'MatriculaRevisadaPorApoderado'),
(173, NULL, '2018-09-27 23:59:04', 'Técnico Nivel Superior', 'Empleada Pública', NULL, NULL, NULL, 'Chile', 147, 'MatriculaRevisadaPorApoderado'),
(174, NULL, '2018-09-27 18:10:11', 'Técnico Nivel Superior', 'Secretaria Ejecutiva', NULL, NULL, NULL, 'Chile', 148, 'MatriculaRevisadaPorApoderado'),
(175, NULL, '2018-09-28 03:19:36', 'Técnico Nivel Superior', 'Técnico Odontologia', NULL, NULL, NULL, 'Chile', 149, 'MatriculaRevisadaPorApoderado'),
(176, NULL, NULL, NULL, NULL, NULL, NULL, NULL, NULL, 150, 'MatriculaNoRevisadaPorApoderado'),
(177, NULL, '2018-09-28 06:16:45', '4 ° Medio Técnico-Profesional', 'Analista Programador', NULL, NULL, NULL, 'Chile', 151, 'MatriculaRevisadaPorApoderado'),
(179, NULL, '2018-09-28 15:24:19', 'Licenciatura', 'Docente', NULL, NULL, NULL, 'Venezuela', 152, 'MatriculaRevisadaPorApoderado'),
(180, NULL, '2018-09-28 06:53:00', '4 ° Medio Científico-Humanista', 'pencionada', NULL, NULL, NULL, 'Chile', 153, 'MatriculaRevisadaPorApoderado'),
(182, NULL, '2018-09-28 03:51:54', 'Técnico Nivel Superior', 'Tecnico electrico', NULL, NULL, NULL, 'Chile', 154, 'MatriculaRevisadaPorApoderado'),
(183, NULL, NULL, NULL, NULL, NULL, NULL, NULL, NULL, 155, 'MatriculaNoRevisadaPorApoderado'),
(185, NULL, '2018-09-29 04:46:56', 'Técnico Nivel Superior', 'Encargada Importaciones', NULL, NULL, NULL, 'Chile', 156, 'MatriculaRevisadaPorApoderado'),
(187, NULL, NULL, NULL, NULL, NULL, NULL, NULL, NULL, 157, 'MatriculaNoRevisadaPorApoderado'),
(191, NULL, '2018-09-28 01:52:29', '3 ° Medio Técnico-Profesional', 'DUEÑA DE CASA', NULL, NULL, NULL, 'Chile', 158, 'MatriculaRevisadaPorApoderado'),
(192, NULL, NULL, NULL, NULL, NULL, NULL, NULL, NULL, 159, 'MatriculaNoRevisadaPorApoderado'),
(193, NULL, '2018-09-28 04:57:50', '4 ° Medio Técnico-Profesional', 'Supervisor', NULL, NULL, NULL, 'Chile', 160, 'MatriculaRevisadaPorApoderado'),
(194, NULL, '2018-09-28 05:02:52', '4 ° Medio Científico-Humanista', 'Supervisor', NULL, NULL, NULL, 'Chile', 161, 'MatriculaRevisadaPorApoderado'),
(195, NULL, '2018-09-27 21:53:53', '4 ° Medio Técnico-Profesional', 'TESORERA', NULL, NULL, NULL, 'Chile', 162, 'MatriculaRevisadaPorApoderado'),
(196, NULL, '2018-09-27 23:12:28', '4 ° Medio Técnico-Profesional', 'Dueña de xasa', NULL, NULL, NULL, 'Chile', 163, 'MatriculaRevisadaPorApoderado'),
(198, NULL, '2018-09-29 06:15:31', 'Profesional', 'QUÍMICO FARMACÉUTICO', NULL, NULL, NULL, 'Chile', 164, 'MatriculaRevisadaPorApoderado'),
(199, NULL, NULL, NULL, NULL, NULL, NULL, NULL, NULL, 165, 'MatriculaNoRevisadaPorApoderado'),
(200, NULL, NULL, NULL, NULL, NULL, NULL, NULL, NULL, 166, 'MatriculaNoRevisadaPorApoderado'),
(201, NULL, NULL, NULL, NULL, NULL, NULL, NULL, NULL, 167, 'MatriculaNoRevisadaPorApoderado'),
(204, NULL, NULL, NULL, NULL, NULL, NULL, NULL, NULL, 168, 'MatriculaNoRevisadaPorApoderado'),
(206, NULL, '2018-09-28 16:14:14', '4 ° Medio Técnico-Profesional', 'Secretaria', NULL, NULL, NULL, 'Chile', 169, 'MatriculaRevisadaPorApoderado'),
(214, NULL, '2018-09-28 19:33:56', '4 ° Medio Científico-Humanista', 'Operador grúa horquilla', NULL, NULL, NULL, 'Chile', 170, 'MatriculaRevisadaPorApoderado'),
(218, NULL, NULL, NULL, NULL, NULL, NULL, NULL, NULL, 171, 'MatriculaNoRevisadaPorApoderado'),
(220, NULL, '2018-09-29 12:30:30', '4 ° Medio Técnico-Profesional', 'dueña de casa', NULL, NULL, NULL, 'Chile', 172, 'MatriculaRevisadaPorRevisor'),
(222, NULL, NULL, NULL, NULL, NULL, NULL, NULL, NULL, 173, 'MatriculaNoRevisadaPorApoderado'),
(226, NULL, '2018-09-27 20:22:18', '4 ° Medio Técnico-Profesional', 'Garzona', NULL, NULL, NULL, 'Chile', 174, 'MatriculaRevisadaPorApoderado'),
(228, NULL, NULL, NULL, NULL, NULL, NULL, NULL, NULL, 175, 'MatriculaNoRevisadaPorApoderado'),
(233, NULL, '2018-09-29 12:47:01', 'Técnico Nivel Superior Incompleto', 'Dueña de casa', NULL, NULL, NULL, 'Chile', 176, 'MatriculaRevisadaPorRevisor'),
(234, NULL, '2018-09-28 15:31:40', '4 ° Medio Científico-Humanista', 'ADMINISTRATIVO', NULL, NULL, NULL, 'Chile', 177, 'MatriculaRevisadaPorApoderado'),
(238, NULL, '2018-09-28 20:09:21', '4 ° Medio Técnico-Profesional', 'Dueña de casa', NULL, NULL, NULL, 'Chile', 178, 'MatriculaRevisadaPorApoderado'),
(241, NULL, '2018-10-19 23:01:53', '4 ° Medio Científico-Humanista', 'alguna', NULL, NULL, NULL, 'Chile', 179, 'MatriculaRevisadaPorRevisor'),
(255, NULL, '2018-09-29 11:49:02', '4 ° Medio Científico-Humanista', 'asesora del hogar', NULL, NULL, NULL, 'Chile', 180, 'MatriculaRevisadaPorRevisor'),
(256, '2018-09-28 14:16:26', '2018-10-19 02:17:17', '4 ° Medio Científico-Humanista', 'oficio', NULL, NULL, NULL, 'Chile', 425, 'MatriculaRevisadaPorRevisor'),
(257, '2018-10-29 19:04:24', '2018-10-29 19:04:24', 'Pre-Kínder', NULL, NULL, NULL, NULL, 'Chile', 324, NULL);


REPLACE INTO `alumnos` (`id`, `created_at`, `updated_at`, `parentesco`, `otroParentesco`, `repitencias`, `condicion`, `estado`, `estadoCivilPadres`, `idPersona`, `idApoderado`, `idCursoActual`, `idCursoPostu`, `paisDeOrigen`, `idPadre`, `idMadre`) VALUES
(6, NULL, '2018-09-28 00:44:22', 'Madre', NULL, 0, NULL, 'MatriculaRevisadaPorApoderado', 'Solteros/as', 181, 5, 11, 13, 'Chile', 1, 1),
(7, NULL, '2018-09-28 16:18:15', 'Madre', NULL, 0, NULL, 'MatriculaRevisadaPorApoderado', 'Casados/as', 182, 6, 15, 1, 'Chile', 182, 2),
(10, NULL, '2018-10-05 03:58:37', 'Madre', NULL, 0, NULL, 'MatriculaRevisadaPorRevisor', 'Solteros/as', 183, 9, 13, 14, 'Chile', 372, 3),
(11, NULL, '2018-10-19 23:41:35', 'Madre', NULL, 0, NULL, 'MatriculaRevisadaPorRevisor', 'Solteros/as', 186, 12, 14, 1, 'Chile', 443, 6),
(13, NULL, NULL, 'Hermano/Hermana', NULL, NULL, NULL, 'MatriculaNoRevisadaPorApoderado', NULL, 185, 11, NULL, 9, NULL, NULL, NULL),
(14, NULL, '2018-09-28 04:42:29', 'Padre', NULL, 0, NULL, 'MatriculaRevisadaPorApoderado', 'Casados/as', 184, 10, 8, 9, 'Chile', 4, 411),
(15, NULL, '2018-09-29 12:36:35', 'Madre', NULL, 0, NULL, 'MatriculaRevisadaPorRevisor', 'Solteros/as', 187, 12, 8, 9, 'Chile', 187, 6),
(16, NULL, NULL, 'Padre', NULL, NULL, NULL, 'MatriculaNoRevisadaPorApoderado', NULL, 188, 14, NULL, 9, NULL, NULL, NULL),
(18, NULL, '2018-09-29 11:47:52', 'Madre', NULL, 0, NULL, 'MatriculaRevisadaPorApoderado', 'Casados/as', 191, 18, 13, 14, 'Chile', 391, 10),
(19, NULL, '2018-10-27 03:12:11', 'Padre', NULL, 0, NULL, 'MatriculaRevisadaPorApoderado', 'Convivientes', 190, 17, 15, 13, 'Chile', 9, 410),
(20, NULL, NULL, 'Madre', NULL, NULL, NULL, 'MatriculaNoRevisadaPorApoderado', NULL, 189, 16, NULL, 10, NULL, NULL, NULL),
(21, NULL, NULL, 'Madre', NULL, NULL, NULL, 'MatriculaNoRevisadaPorApoderado', NULL, 192, 19, NULL, 9, NULL, NULL, NULL),
(22, NULL, '2018-10-27 03:43:59', 'Madre', NULL, 0, NULL, 'MatriculaRevisadaPorApoderado', 'Separados/as', 193, 20, 14, 1, 'Chile', 389, 12),
(25, NULL, '2018-10-27 03:44:03', 'Madre', NULL, 0, NULL, 'MatriculaRevisadaPorApoderado', 'Separados/as', 194, 20, 13, 14, 'Chile', 389, 12),
(26, NULL, '2018-09-28 03:16:39', 'Madre', NULL, 0, NULL, 'MatriculaRevisadaPorApoderado', 'Casados/as', 195, 21, 7, 8, 'Chile', 404, 13),
(27, NULL, NULL, 'Madre', NULL, NULL, NULL, 'MatriculaNoRevisadaPorApoderado', NULL, 196, 23, NULL, 9, NULL, NULL, NULL),
(28, NULL, '2018-09-27 21:30:12', 'Madre', NULL, 0, NULL, 'MatriculaRevisadaPorApoderado', 'Convivientes', 197, 24, 8, 9, 'Chile', 382, 15),
(29, NULL, '2018-09-28 21:32:33', 'Madre', NULL, 0, NULL, 'MatriculaRevisadaPorApoderado', 'Convivientes', 198, 25, 8, 9, 'Chile', 433, 16),
(30, NULL, '2018-09-28 05:31:21', 'Madre', NULL, 0, NULL, 'MatriculaRevisadaPorApoderado', 'Solteros/as', 199, 26, 8, 9, 'Chile', 415, 17),
(31, NULL, NULL, 'Madre', NULL, NULL, NULL, 'MatriculaNoRevisadaPorApoderado', NULL, 200, 27, NULL, 9, NULL, NULL, NULL),
(32, NULL, NULL, 'Madre', NULL, NULL, NULL, 'MatriculaNoRevisadaPorApoderado', NULL, 201, 28, NULL, 9, NULL, NULL, NULL),
(33, NULL, '2018-09-28 19:29:12', 'Padre', NULL, 0, NULL, 'MatriculaRevisadaPorApoderado', 'Convivientes', 202, 29, 8, 9, 'Chile', 20, 431),
(34, NULL, '2018-09-28 23:47:17', 'Madre', NULL, 0, NULL, 'MatriculaRevisadaPorApoderado', 'Solteros/as', 203, 30, 8, 9, 'Chile', 21, 21),
(35, NULL, '2018-10-19 02:09:07', 'Padre', NULL, 0, NULL, 'MatriculaRevisadaPorApoderado', 'Casados/as', 205, 32, 8, 9, 'Chile', 23, 387),
(36, NULL, '2018-10-19 02:09:07', 'Madre', NULL, NULL, NULL, 'MatriculaRevisadaPorApoderado', NULL, 204, 31, NULL, 9, NULL, NULL, NULL),
(38, NULL, '2018-09-27 21:20:12', 'Padre', NULL, 0, NULL, 'MatriculaRevisadaPorApoderado', 'Casados/as', 206, 33, 8, 9, 'Chile', 24, 379),
(39, NULL, '2018-09-27 21:24:41', 'Madre', NULL, 0, NULL, 'MatriculaRevisadaPorApoderado', 'Divorciados/as', 207, 34, 3, 4, 'Chile', 381, 25),
(41, NULL, NULL, 'Madre', NULL, NULL, NULL, 'MatriculaNoRevisadaPorApoderado', NULL, 209, 37, NULL, 9, NULL, NULL, NULL),
(42, NULL, '2018-09-27 21:12:38', 'Madre', NULL, 0, NULL, 'MatriculaRevisadaPorApoderado', 'Casados/as', 208, 36, 8, 9, 'Chile', 378, 26),
(44, NULL, '2018-09-27 20:51:18', 'Padre', NULL, 1, NULL, 'MatriculaRevisadaPorApoderado', 'Casados/as', 210, 39, 8, 9, 'Chile', 28, 377),
(46, NULL, '2018-09-28 23:00:49', 'Madre', NULL, 0, NULL, 'MatriculaRevisadaPorApoderado', 'Solteros/as', 212, 41, 8, 9, 'Chile', 436, 30),
(48, NULL, '2018-09-28 22:30:30', 'Madre', NULL, 0, NULL, 'MatriculaRevisadaPorApoderado', 'Solteros/as', 211, 40, 8, 9, 'Chile', 211, 29),
(49, NULL, '2018-09-27 18:19:15', 'Madre', NULL, 0, NULL, 'MatriculaRevisadaPorApoderado', 'Divorciados/as', 213, 42, 9, 9, 'Chile', 213, 31),
(50, NULL, '2018-09-27 20:15:31', 'Hermano/Hermana', NULL, 0, NULL, 'MatriculaRevisadaPorApoderado', 'Solteros/as', 216, 44, 8, 9, 'Chile', 216, 216),
(51, NULL, '2018-09-28 22:36:53', 'Madre', NULL, 0, NULL, 'MatriculaRevisadaPorApoderado', 'Solteros/as', 214, 43, 8, 9, 'Chile', 435, 32),
(52, NULL, '2018-09-28 15:07:23', 'Madre', NULL, 1, NULL, 'MatriculaRevisadaPorApoderado', 'Convivientes', 217, 45, 8, 9, 'Chile', 419, 34),
(53, NULL, NULL, 'Madre', NULL, NULL, NULL, 'MatriculaNoRevisadaPorApoderado', NULL, 218, 46, NULL, 9, NULL, NULL, NULL),
(54, NULL, '2018-09-28 22:24:14', 'Madre', NULL, 0, NULL, 'MatriculaRevisadaPorApoderado', 'Casados/as', 219, 47, 8, 9, 'Chile', 219, 36),
(55, NULL, '2018-09-28 22:36:53', 'Madre', NULL, 0, NULL, 'MatriculaRevisadaPorApoderado', 'Solteros/as', 215, 43, 14, 1, 'Chile', 435, 32),
(56, NULL, '2018-09-27 21:49:15', 'Madre', NULL, 0, NULL, 'MatriculaRevisadaPorApoderado', 'Casados/as', 221, 49, 8, 9, 'Chile', 385, 38),
(58, NULL, NULL, 'Tutor/Tutura Legal', NULL, NULL, NULL, 'MatriculaNoRevisadaPorApoderado', NULL, 220, 48, NULL, 9, NULL, NULL, NULL),
(60, NULL, '2018-09-27 21:49:15', 'Madre', NULL, 0, NULL, 'MatriculaRevisadaPorApoderado', 'Casados/as', 222, 49, 3, 4, 'Chile', 385, 38),
(61, NULL, '2018-09-28 23:45:14', 'Madre', NULL, 0, NULL, 'MatriculaRevisadaPorApoderado', 'Casados/as', 223, 52, 8, 9, 'Chile', 437, 39),
(62, NULL, NULL, 'Madre', NULL, NULL, NULL, 'MatriculaNoRevisadaPorApoderado', NULL, 224, 53, NULL, 9, NULL, NULL, NULL),
(63, NULL, '2018-09-27 21:40:50', 'Madre', NULL, 0, NULL, 'MatriculaRevisadaPorApoderado', 'Solteros/as', 225, 54, 8, 9, 'Chile', 384, 41),
(64, NULL, NULL, 'Madre', NULL, NULL, NULL, 'MatriculaNoRevisadaPorApoderado', NULL, 226, 55, NULL, 9, NULL, NULL, NULL),
(65, NULL, '2018-09-28 14:19:14', 'Padre', NULL, 0, NULL, 'MatriculaRevisadaPorApoderado', 'Convivientes', 227, 56, 15, 13, 'Chile', 43, 418),
(66, NULL, NULL, 'Abuelo/Abuela', NULL, NULL, NULL, 'MatriculaNoRevisadaPorApoderado', NULL, 228, 57, NULL, 13, NULL, NULL, NULL),
(67, NULL, '2018-09-28 03:30:15', 'Madre', NULL, 0, NULL, 'MatriculaRevisadaPorApoderado', 'Separados/as', 229, 58, 8, 9, 'Chile', 229, 45),
(68, NULL, '2018-09-27 22:20:29', 'Madre', NULL, 1, NULL, 'MatriculaRevisadaPorApoderado', 'Casados/as', 231, 60, 8, 9, 'Chile', 390, 47),
(69, NULL, NULL, 'Abuelo/Abuela', NULL, NULL, NULL, 'MatriculaNoRevisadaPorApoderado', NULL, 230, 59, NULL, 9, NULL, NULL, NULL),
(71, NULL, NULL, 'Madre', NULL, NULL, NULL, 'MatriculaNoRevisadaPorApoderado', NULL, 234, 63, NULL, 9, NULL, NULL, NULL),
(72, NULL, '2018-09-28 00:23:58', 'Madre', NULL, 0, NULL, 'MatriculaRevisadaPorApoderado', 'Casados/as', 232, 61, 15, 13, 'Chile', 397, 48),
(73, NULL, '2018-09-28 03:52:59', 'Madre', NULL, 0, NULL, 'MatriculaRevisadaPorApoderado', 'Convivientes', 233, 62, 8, 9, 'Chile', 409, 49),
(74, NULL, '2018-09-28 04:48:56', 'Padre', NULL, 0, NULL, 'MatriculaRevisadaPorApoderado', 'Casados/as', 239, 68, 8, 9, 'Chile', 55, 239),
(75, NULL, '2018-09-27 17:54:44', 'Padre', NULL, 0, NULL, 'MatriculaRevisadaPorApoderado', 'Casados/as', 236, 65, 15, 13, 'Chile', 52, 369),
(76, NULL, NULL, 'Madre', NULL, NULL, NULL, 'MatriculaNoRevisadaPorApoderado', NULL, 235, 64, NULL, 9, NULL, NULL, NULL),
(77, NULL, '2018-09-27 21:54:10', 'Madre', NULL, 0, NULL, 'MatriculaRevisadaPorApoderado', 'Casados/as', 237, 66, 8, 9, 'Chile', 386, 53),
(78, NULL, '2018-09-28 00:37:33', 'Madre', NULL, 0, NULL, 'MatriculaRevisadaPorApoderado', 'Casados/as', 238, 67, 8, 9, 'Chile', 398, 54),
(79, NULL, '2018-09-28 02:44:38', 'Padre', NULL, 0, NULL, 'MatriculaRevisadaPorApoderado', 'Convivientes', 240, 69, 8, 9, 'Chile', 56, 402),
(80, NULL, '2018-09-27 20:14:32', 'Madre', NULL, 0, NULL, 'MatriculaRevisadaPorApoderado', 'Casados/as', 241, 70, 8, 9, 'Chile', 241, 57),
(81, NULL, NULL, 'Padre', NULL, NULL, NULL, 'MatriculaNoRevisadaPorApoderado', NULL, 243, 72, NULL, 14, NULL, NULL, NULL),
(82, NULL, '2018-09-29 12:29:28', 'Madre', NULL, 0, NULL, 'MatriculaRevisadaPorRevisor', 'Convivientes', 246, 73, 8, 9, 'Chile', 374, 60),
(83, NULL, NULL, 'Madre', NULL, NULL, NULL, 'MatriculaNoRevisadaPorApoderado', NULL, 242, 71, NULL, 13, NULL, NULL, NULL),
(84, NULL, '2018-09-27 18:20:07', 'Madre', NULL, 0, NULL, 'MatriculaRevisadaPorApoderado', 'Solteros/as', 247, 74, 8, 9, 'Chile', 61, 61),
(85, NULL, NULL, 'Padre', NULL, NULL, NULL, 'MatriculaNoRevisadaPorApoderado', NULL, 244, 72, NULL, 9, NULL, NULL, NULL),
(86, NULL, NULL, 'Madre', NULL, NULL, NULL, 'MatriculaNoRevisadaPorApoderado', NULL, 248, 75, NULL, 9, NULL, NULL, NULL),
(87, NULL, NULL, 'Madre', NULL, NULL, NULL, 'MatriculaNoRevisadaPorApoderado', NULL, 250, 77, NULL, 9, NULL, NULL, NULL),
(88, NULL, NULL, 'Madre', NULL, NULL, NULL, 'MatriculaNoRevisadaPorApoderado', NULL, 249, 76, NULL, 9, NULL, NULL, NULL),
(89, NULL, NULL, 'Padre', NULL, NULL, NULL, 'MatriculaNoRevisadaPorApoderado', NULL, 252, 79, NULL, 9, NULL, NULL, NULL),
(90, NULL, '2018-09-28 00:15:58', 'Madre', NULL, 1, NULL, 'MatriculaRevisadaPorApoderado', 'Convivientes', 251, 78, 8, 9, 'Chile', 396, 65),
(91, NULL, NULL, 'Tío/Tía', NULL, NULL, NULL, 'MatriculaNoRevisadaPorApoderado', NULL, 245, 72, NULL, 13, NULL, NULL, NULL),
(92, NULL, NULL, 'Madre', NULL, NULL, NULL, 'MatriculaNoRevisadaPorApoderado', NULL, 253, 80, NULL, 9, NULL, NULL, NULL),
(93, NULL, '2018-09-28 03:24:14', 'Padre', NULL, 0, NULL, 'MatriculaRevisadaPorApoderado', 'Convivientes', 255, 82, 15, 13, 'Chile', 69, 406),
(94, NULL, NULL, 'Madre', NULL, NULL, NULL, 'MatriculaNoRevisadaPorApoderado', NULL, 254, 81, NULL, 13, NULL, NULL, NULL),
(95, NULL, '2018-09-28 02:31:02', 'Madre', NULL, 0, NULL, 'MatriculaRevisadaPorApoderado', 'Solteros/as', 256, 83, 8, 9, 'Chile', 401, 70),
(98, NULL, '2018-09-28 03:15:46', 'Madre', NULL, 0, NULL, 'MatriculaRevisadaPorApoderado', 'Casados/as', 257, 85, 8, 9, 'Chile', 257, 71),
(100, NULL, '2018-09-28 04:28:10', 'Madre', NULL, 0, NULL, 'MatriculaRevisadaPorApoderado', 'Casados/as', 258, 87, 8, 9, 'Chile', 258, 72),
(101, NULL, NULL, 'Padre', NULL, NULL, NULL, 'MatriculaNoRevisadaPorApoderado', NULL, 259, 88, NULL, 13, NULL, NULL, NULL),
(102, NULL, '2018-09-28 17:07:58', 'Madre', NULL, 0, NULL, 'MatriculaRevisadaPorApoderado', 'Solteros/as', 262, 90, 8, 9, 'Chile', 262, 75),
(103, NULL, NULL, 'Madre', NULL, NULL, NULL, 'MatriculaNoRevisadaPorApoderado', NULL, 263, 91, NULL, 13, NULL, NULL, NULL),
(104, NULL, NULL, 'Tío/Tía', NULL, NULL, NULL, 'MatriculaNoRevisadaPorApoderado', NULL, 261, 89, NULL, 9, NULL, NULL, NULL),
(105, NULL, '2018-09-27 23:40:32', 'Madre', NULL, 0, NULL, 'MatriculaRevisadaPorApoderado', 'Separados/as', 264, 92, 8, 9, 'Chile', 264, 77),
(106, NULL, NULL, 'Padre', NULL, NULL, NULL, 'MatriculaNoRevisadaPorApoderado', NULL, 260, 88, NULL, 1, NULL, NULL, NULL),
(107, NULL, NULL, 'Madre', NULL, NULL, NULL, 'MatriculaNoRevisadaPorApoderado', NULL, 265, 93, NULL, 9, NULL, NULL, NULL),
(108, NULL, '2018-09-29 05:26:44', 'Madre', NULL, 0, NULL, 'MatriculaRevisadaPorApoderado', 'Convivientes', 267, 95, 9, 9, 'Chile', 441, 80),
(109, NULL, NULL, 'Madre', NULL, NULL, NULL, 'MatriculaNoRevisadaPorApoderado', NULL, 266, 94, NULL, 9, NULL, NULL, NULL),
(110, NULL, '2018-09-27 22:09:51', 'Madre', NULL, 0, NULL, 'MatriculaRevisadaPorApoderado', 'Casados/as', 268, 96, 8, 9, 'Chile', 388, 81),
(111, NULL, NULL, 'Abuelo/Abuela', NULL, NULL, NULL, 'MatriculaNoRevisadaPorApoderado', NULL, 270, 98, NULL, 9, NULL, NULL, NULL),
(112, NULL, '2018-09-27 22:01:22', 'Madre', NULL, 0, NULL, 'MatriculaRevisadaPorApoderado', 'Separados/as', 269, 97, 8, 9, 'Chile', 82, 82),
(113, NULL, NULL, 'Madre', NULL, NULL, NULL, 'MatriculaNoRevisadaPorApoderado', NULL, 271, 99, NULL, 9, NULL, NULL, NULL),
(114, NULL, NULL, 'Madre', NULL, NULL, NULL, 'MatriculaNoRevisadaPorApoderado', NULL, 272, 101, NULL, 9, NULL, NULL, NULL),
(115, NULL, '2018-09-28 01:12:45', 'Madre', NULL, 0, NULL, 'MatriculaRevisadaPorApoderado', 'Solteros/as', 273, 102, 14, 1, 'Chile', 86, 86),
(116, NULL, NULL, 'Madre', NULL, NULL, NULL, 'MatriculaNoRevisadaPorApoderado', NULL, 274, 103, NULL, 9, NULL, NULL, NULL),
(117, NULL, NULL, 'Abuelo/Abuela', NULL, NULL, NULL, 'MatriculaNoRevisadaPorApoderado', NULL, 275, 104, NULL, 9, NULL, NULL, NULL),
(118, NULL, '2018-09-27 23:58:07', 'Madre', NULL, 0, NULL, 'MatriculaRevisadaPorApoderado', 'Casados/as', 276, 105, 8, 9, 'Chile', 394, 89),
(119, NULL, NULL, 'Padre', NULL, NULL, NULL, 'MatriculaNoRevisadaPorApoderado', NULL, 277, 106, NULL, 9, NULL, NULL, NULL),
(120, NULL, NULL, 'Madre', NULL, NULL, NULL, 'MatriculaNoRevisadaPorApoderado', NULL, 279, 109, NULL, 9, NULL, NULL, NULL),
(121, NULL, NULL, 'Madre', NULL, NULL, NULL, 'MatriculaNoRevisadaPorApoderado', NULL, 278, 108, NULL, 9, NULL, NULL, NULL),
(123, NULL, '2018-09-28 21:53:06', 'Padre', NULL, 0, NULL, 'MatriculaRevisadaPorApoderado', 'Convivientes', 280, 110, 15, 13, 'Chile', 93, 434),
(124, NULL, '2018-09-28 17:18:36', 'Abuelo/Abuela', NULL, 0, NULL, 'MatriculaRevisadaPorApoderado', 'Solteros/as', 282, 112, 8, 9, 'Chile', 428, 429),
(125, NULL, NULL, 'Madre', NULL, NULL, NULL, 'MatriculaNoRevisadaPorApoderado', NULL, 284, 114, NULL, 9, NULL, NULL, NULL),
(126, NULL, '2018-09-29 01:32:59', 'Padre', NULL, 0, NULL, 'MatriculaRevisadaPorApoderado', 'Casados/as', 283, 113, 14, 1, 'Chile', 96, 438),
(127, NULL, '2018-09-28 00:44:18', 'Madre', NULL, 0, NULL, 'MatriculaRevisadaPorApoderado', 'Separados/as', 281, 111, 8, 9, 'Chile', 399, 94),
(128, NULL, '2018-09-29 01:22:19', 'Madre', NULL, 0, NULL, 'MatriculaRevisadaPorApoderado', 'Solteros/as', 285, 115, 8, 9, 'Chile', 98, 98),
(129, NULL, '2018-09-27 22:35:06', 'Madre', NULL, 0, NULL, 'MatriculaRevisadaPorApoderado', 'Solteros/as', 286, 116, 8, 9, 'Chile', 99, 99),
(130, NULL, NULL, 'Madre', NULL, NULL, NULL, 'MatriculaNoRevisadaPorApoderado', NULL, 287, 118, NULL, 9, NULL, NULL, NULL),
(132, NULL, '2018-09-28 22:16:06', 'Hermano/Hermana', NULL, 0, NULL, 'MatriculaRevisadaPorApoderado', 'Viudo/a', 288, 119, 8, 9, 'Chile', 288, 288),
(133, NULL, '2018-09-28 17:43:32', 'Tío/Tía', NULL, 0, NULL, 'MatriculaRevisadaPorApoderado', 'Separados/as', 289, 120, 8, 9, 'Chile', 102, 102),
(134, NULL, '2018-09-27 17:53:27', 'Madre', NULL, 0, NULL, 'MatriculaRevisadaPorApoderado', 'Separados/as', 290, 121, 8, 9, 'Chile', 370, 103),
(135, NULL, '2018-09-27 18:12:42', 'Tío/Tía', NULL, 0, NULL, 'MatriculaRevisadaPorApoderado', 'Separados/as', 291, 122, 8, 9, 'Chile', 373, 373),
(136, NULL, NULL, 'Madre', NULL, NULL, NULL, 'MatriculaNoRevisadaPorApoderado', NULL, 292, 123, NULL, 9, NULL, NULL, NULL),
(137, NULL, '2018-09-28 20:34:26', 'Madre', NULL, 0, NULL, 'MatriculaRevisadaPorApoderado', 'Solteros/as', 293, 124, 8, 9, 'Chile', 293, 106),
(138, NULL, '2018-09-28 04:55:59', 'Madre', NULL, 1, NULL, 'MatriculaRevisadaPorApoderado', 'Solteros/as', 295, 126, 8, 9, 'Chile', 108, 108),
(139, NULL, '2018-09-28 03:02:17', 'Madre', NULL, 0, NULL, 'MatriculaRevisadaPorApoderado', 'Casados/as', 294, 125, 8, 9, 'Chile', 403, 107),
(140, NULL, '2018-09-28 02:06:29', 'Madre', NULL, 0, NULL, 'MatriculaRevisadaPorApoderado', 'Casados/as', 296, 127, 14, 1, 'Perú', 400, 109),
(141, NULL, '2018-09-28 15:31:45', 'Madre', NULL, 0, NULL, 'MatriculaRevisadaPorApoderado', 'Casados/as', 297, 128, 8, 9, 'Chile', 423, 110),
(142, NULL, '2018-09-28 04:31:04', 'Madre', NULL, 0, NULL, 'MatriculaRevisadaPorApoderado', 'Solteros/as', 299, 130, 15, 13, 'Chile', 112, 112),
(143, NULL, NULL, 'Tío Abuelo/Tía Abuela', NULL, NULL, NULL, 'MatriculaNoRevisadaPorApoderado', NULL, 298, 129, NULL, 13, NULL, NULL, NULL),
(146, NULL, '2018-09-27 19:38:08', 'Madre', NULL, 0, NULL, 'MatriculaRevisadaPorApoderado', 'Divorciados/as', 300, 133, 8, 9, 'Chile', 113, 113),
(148, NULL, '2018-09-28 15:13:52', 'Padre', NULL, 0, NULL, 'MatriculaRevisadaPorApoderado', 'Convivientes', 302, 135, 15, 13, 'Chile', 115, 420),
(149, NULL, '2018-09-28 04:53:08', 'Madre', NULL, 1, NULL, 'MatriculaRevisadaPorApoderado', 'Casados/as', 301, 134, 8, 9, 'Chile', 412, 114),
(150, NULL, '2018-09-28 03:41:05', 'Madre', NULL, 1, NULL, 'MatriculaRevisadaPorApoderado', 'Separados/as', 303, 136, 8, 9, 'Chile', 407, 116),
(151, NULL, '2018-09-28 13:47:31', 'Madre', NULL, 0, NULL, 'MatriculaRevisadaPorApoderado', 'Separados/as', 304, 137, 8, 9, 'Chile', 417, 117),
(152, NULL, '2018-09-27 19:39:09', 'Madre', NULL, 0, NULL, 'MatriculaRevisadaPorApoderado', 'Separados/as', 306, 140, 8, 9, 'Chile', 306, 119),
(153, NULL, NULL, 'Padre', NULL, NULL, NULL, 'MatriculaNoRevisadaPorApoderado', NULL, 305, 139, NULL, 9, NULL, NULL, NULL),
(155, NULL, '2018-09-27 21:20:55', 'Madre', NULL, 0, NULL, 'MatriculaRevisadaPorApoderado', 'Solteros/as', 307, 141, 15, 13, 'Chile', 380, 120),
(157, NULL, '2018-09-27 23:03:30', 'Madre', NULL, 0, NULL, 'MatriculaRevisadaPorApoderado', 'Casados/as', 309, 143, 8, 9, 'Chile', 392, 122),
(158, NULL, '2018-09-28 21:19:26', 'Madre', NULL, 0, NULL, 'MatriculaRevisadaPorApoderado', 'Solteros/as', 308, 142, 8, 9, 'Chile', 308, 121),
(160, NULL, NULL, 'Padre', NULL, NULL, NULL, 'MatriculaNoRevisadaPorApoderado', NULL, 311, 145, NULL, 9, NULL, NULL, NULL),
(161, NULL, NULL, 'Madre', NULL, NULL, NULL, 'MatriculaNoRevisadaPorApoderado', NULL, 313, 147, NULL, 9, NULL, NULL, NULL),
(162, NULL, NULL, 'Madre', NULL, NULL, NULL, 'MatriculaNoRevisadaPorApoderado', NULL, 312, 146, NULL, 9, NULL, NULL, NULL),
(163, NULL, '2018-09-29 02:06:02', 'Madre', NULL, 0, NULL, 'MatriculaRevisadaPorApoderado', 'Casados/as', 310, 144, 8, 9, 'Chile', 439, 123),
(164, NULL, NULL, 'Madre', NULL, NULL, NULL, 'MatriculaNoRevisadaPorApoderado', NULL, 315, 149, NULL, 9, NULL, NULL, NULL),
(165, NULL, NULL, 'Padre', NULL, NULL, NULL, 'MatriculaNoRevisadaPorApoderado', NULL, 314, 148, NULL, 9, NULL, NULL, NULL),
(166, NULL, '2018-09-27 23:56:45', 'Madre', NULL, 0, NULL, 'MatriculaRevisadaPorApoderado', 'Casados/as', 316, 150, 8, 9, 'Chile', 393, 129),
(167, NULL, NULL, 'Abuelo/Abuela', NULL, NULL, NULL, 'MatriculaNoRevisadaPorApoderado', NULL, 317, 151, NULL, 9, NULL, NULL, NULL),
(168, NULL, NULL, 'Padre', NULL, NULL, NULL, 'MatriculaNoRevisadaPorApoderado', NULL, 318, 153, NULL, 13, NULL, NULL, NULL),
(171, NULL, NULL, 'Madre', NULL, NULL, NULL, 'MatriculaNoRevisadaPorApoderado', NULL, 319, 154, NULL, 9, NULL, NULL, NULL),
(172, NULL, NULL, 'Madre', NULL, NULL, NULL, 'MatriculaNoRevisadaPorApoderado', NULL, 320, 156, NULL, 9, NULL, NULL, NULL),
(173, NULL, '2018-09-28 15:30:29', 'Madre', NULL, 0, NULL, 'MatriculaRevisadaPorApoderado', 'Separados/as', 321, 157, 8, 9, 'Chile', 421, 134),
(174, NULL, '2018-09-28 05:14:08', 'Madre', NULL, 0, NULL, 'MatriculaRevisadaPorApoderado', 'Convivientes', 322, 158, 15, 13, 'Chile', 414, 135),
(175, NULL, NULL, 'Madre', NULL, NULL, NULL, 'MatriculaNoRevisadaPorApoderado', NULL, 323, 159, NULL, 4, NULL, NULL, NULL),
(176, NULL, '2018-09-28 04:28:33', 'Padre', NULL, 0, NULL, 'MatriculaRevisadaPorApoderado', 'Casados/as', 324, 160, 8, 9, 'Chile', 137, 324),
(177, NULL, NULL, 'Padre', NULL, NULL, NULL, 'MatriculaNoRevisadaPorApoderado', NULL, 325, 161, NULL, 13, NULL, NULL, NULL),
(178, NULL, '2018-09-27 21:36:08', 'Madre', NULL, 0, NULL, 'MatriculaRevisadaPorApoderado', 'Separados/as', 326, 162, 8, 9, 'Chile', 383, 139),
(179, NULL, '2018-09-28 17:41:01', 'Padre', NULL, 0, NULL, 'MatriculaRevisadaPorApoderado', 'Convivientes', 327, 163, 8, 9, 'Chile', 140, 430),
(180, NULL, NULL, 'Padre', NULL, NULL, NULL, 'MatriculaNoRevisadaPorApoderado', NULL, 328, 164, NULL, 13, NULL, NULL, NULL),
(181, NULL, NULL, 'Madre', NULL, NULL, NULL, 'MatriculaNoRevisadaPorApoderado', NULL, 329, 165, NULL, 13, NULL, NULL, NULL),
(184, NULL, NULL, 'Madre', NULL, NULL, NULL, 'MatriculaNoRevisadaPorApoderado', NULL, 330, 168, NULL, 13, NULL, NULL, NULL),
(186, NULL, '2018-09-28 21:21:02', 'Madre', NULL, 0, NULL, 'MatriculaRevisadaPorApoderado', 'Convivientes', 333, 172, 8, 9, 'Chile', 333, 146),
(187, NULL, '2018-09-27 19:41:43', 'Madre', NULL, 0, NULL, 'MatriculaRevisadaPorApoderado', 'Casados/as', 332, 171, 8, 9, 'Chile', 375, 145),
(188, NULL, NULL, 'Madre', NULL, NULL, NULL, 'MatriculaNoRevisadaPorApoderado', NULL, 331, 170, NULL, 9, NULL, NULL, NULL),
(189, NULL, '2018-09-27 23:59:04', 'Madre', NULL, 0, NULL, 'MatriculaRevisadaPorApoderado', 'Solteros/as', 334, 173, 8, 9, 'Chile', 395, 147),
(191, NULL, '2018-09-27 18:10:11', 'Madre', NULL, 0, NULL, 'MatriculaRevisadaPorApoderado', 'Casados/as', 335, 174, 15, 13, 'Chile', 371, 148),
(192, NULL, '2018-09-28 03:19:36', 'Madre', NULL, 0, NULL, 'MatriculaRevisadaPorApoderado', 'Solteros/as', 336, 175, 8, 9, 'Chile', 405, 149),
(193, NULL, NULL, 'Madre', NULL, NULL, NULL, 'MatriculaNoRevisadaPorApoderado', NULL, 337, 176, NULL, 10, NULL, NULL, NULL),
(194, NULL, '2018-09-28 06:16:45', 'Padre', NULL, 0, NULL, 'MatriculaRevisadaPorApoderado', 'Casados/as', 338, 177, 15, 13, 'Chile', 151, 416),
(197, NULL, '2018-09-28 06:53:00', 'Madre', NULL, 0, NULL, 'MatriculaRevisadaPorApoderado', 'Separados/as', 340, 180, 8, 9, 'Chile', 153, 153),
(199, NULL, '2018-09-28 15:24:19', 'Madre', NULL, 0, NULL, 'MatriculaRevisadaPorApoderado', 'Divorciados/as', 339, 179, 9, 10, 'Venezuela', 339, 152),
(200, NULL, '2018-09-28 03:51:54', 'Madre', NULL, 0, NULL, 'MatriculaRevisadaPorApoderado', 'Separados/as', 341, 182, 8, 9, 'Chile', 408, 154),
(202, NULL, '2018-09-29 04:46:56', 'Madre', NULL, 0, NULL, 'MatriculaRevisadaPorApoderado', 'Casados/as', 343, 185, 8, 9, 'Chile', 440, 156),
(204, NULL, NULL, 'Abuelo/Abuela', NULL, NULL, NULL, 'MatriculaNoRevisadaPorApoderado', NULL, 342, 183, NULL, 14, NULL, NULL, NULL),
(206, NULL, NULL, 'Madre', NULL, NULL, NULL, 'MatriculaNoRevisadaPorApoderado', NULL, 344, 187, NULL, 13, NULL, NULL, NULL),
(209, NULL, '2018-09-28 01:52:29', 'Madre', NULL, 0, NULL, 'MatriculaRevisadaPorApoderado', 'Convivientes', 345, 191, 8, 9, 'Chile', 345, 158),
(210, NULL, NULL, 'Madre', NULL, NULL, NULL, 'MatriculaNoRevisadaPorApoderado', NULL, 346, 192, NULL, 9, NULL, NULL, NULL),
(212, NULL, '2018-09-28 04:57:50', 'Padre', NULL, 0, NULL, 'MatriculaRevisadaPorApoderado', 'Casados/as', 347, 193, 8, 9, 'Chile', 160, 347),
(213, NULL, '2018-09-28 05:02:52', 'Padre', NULL, 0, NULL, 'MatriculaRevisadaPorApoderado', 'Casados/as', 348, 194, 8, 9, 'Chile', 161, 413),
(214, NULL, '2018-09-27 21:53:53', 'Madre', NULL, 2, NULL, 'MatriculaRevisadaPorApoderado', 'Separados/as', 349, 195, 9, 10, 'Chile', 349, 162),
(215, NULL, '2018-09-27 23:12:28', 'Madre', NULL, 0, NULL, 'MatriculaRevisadaPorApoderado', 'Solteros/as', 350, 196, 13, 13, 'Chile', 350, 163),
(216, NULL, '2018-09-27 23:12:28', 'Madre', NULL, NULL, NULL, 'MatriculaRevisadaPorApoderado', NULL, 351, 196, NULL, 9, NULL, NULL, NULL),
(218, NULL, '2018-09-29 06:15:31', 'Padre', NULL, 0, NULL, 'MatriculaRevisadaPorApoderado', 'Solteros/as', 352, 198, 13, 13, 'Chile', 164, 442),
(219, NULL, NULL, 'Padre', NULL, NULL, NULL, 'MatriculaNoRevisadaPorApoderado', NULL, 353, 199, NULL, 13, NULL, NULL, NULL),
(221, NULL, NULL, 'Madre', NULL, NULL, NULL, 'MatriculaNoRevisadaPorApoderado', NULL, 354, 200, NULL, 9, NULL, NULL, NULL),
(222, NULL, NULL, 'Madre', NULL, NULL, NULL, 'MatriculaNoRevisadaPorApoderado', NULL, 355, 201, NULL, 9, NULL, NULL, NULL),
(226, NULL, '2018-09-28 16:14:14', 'Madre', NULL, 0, NULL, 'MatriculaRevisadaPorApoderado', 'Casados/as', 357, 206, 8, 9, 'Chile', 424, 169),
(227, NULL, NULL, 'Madre', NULL, NULL, NULL, 'MatriculaNoRevisadaPorApoderado', NULL, 356, 204, NULL, 13, NULL, NULL, NULL),
(236, NULL, '2018-09-28 19:33:56', 'Padre', NULL, 0, NULL, 'MatriculaRevisadaPorApoderado', 'Solteros/as', 358, 214, 14, 13, 'Chile', 170, 432),
(239, NULL, NULL, 'Padre', NULL, NULL, NULL, 'MatriculaNoRevisadaPorApoderado', NULL, 359, 218, NULL, 13, NULL, NULL, NULL),
(242, NULL, '2018-09-29 12:30:30', 'Madre', NULL, 0, NULL, 'MatriculaRevisadaPorRevisor', 'Casados/as', 360, 220, 8, 9, 'Chile', 360, 172),
(244, NULL, NULL, 'Madre', NULL, NULL, NULL, 'MatriculaNoRevisadaPorApoderado', NULL, 361, 222, NULL, 1, NULL, NULL, NULL),
(247, NULL, '2018-09-27 20:22:18', 'Madre', NULL, 1, NULL, 'MatriculaRevisadaPorApoderado', 'Separados/as', 362, 226, 8, 9, 'Chile', 376, 174),
(250, NULL, NULL, 'Madre', NULL, NULL, NULL, 'MatriculaNoRevisadaPorApoderado', NULL, 363, 228, NULL, 9, NULL, NULL, NULL),
(255, NULL, '2018-10-19 02:55:09', 'Madre', NULL, 0, NULL, 'MatriculaRevisadaPorRevisor', 'Casados/as', 364, 233, 15, 13, 'Chile', 443, 176),
(256, NULL, '2018-09-28 15:31:40', 'Madre', NULL, 0, NULL, 'MatriculaRevisadaPorApoderado', 'Solteros/as', 365, 234, 15, 13, 'Chile', 422, 177),
(260, NULL, '2018-09-28 20:09:21', 'Madre', NULL, 0, NULL, 'MatriculaRevisadaPorApoderado', 'Casados/as', 366, 238, 13, 13, 'Chile', 366, 178),
(262, NULL, '2018-10-19 23:01:53', 'Madre', NULL, NULL, NULL, 'MatriculaRevisadaPorRevisor', NULL, 367, 241, NULL, 10, NULL, NULL, NULL),
(279, NULL, '2018-09-29 11:51:54', 'Madre', NULL, 0, NULL, 'MatriculaRevisadaPorRevisor', 'Casados/as', 368, 255, 8, 9, 'Chile', 443, 180),
(280, '2018-09-28 14:19:25', '2018-10-19 23:31:21', 'Madre', NULL, 0, 'nuevo', 'MatriculaRevisadaPorRevisor', 'Solteros/as', 427, 256, 9, 9, 'Chile', 443, 425);

--
-- Volcado de datos para la tabla `alumno_responsable`
--

REPLACE INTO `alumno_responsable` (`id`, `created_at`, `updated_at`, `parentesco`, `contacto`, `idPersona`, `idAlumno`, `descripcion`) VALUES
(1, '2018-09-27 14:28:33', '2018-09-27 14:28:33', 'Padre', NULL, 52, 75, NULL),
(3, '2018-09-27 14:33:32', '2018-09-27 14:33:32', 'Madre', NULL, 369, 75, NULL),
(4, '2018-09-27 14:33:52', '2018-09-27 14:33:52', 'Padre', NULL, 370, 134, NULL),
(5, '2018-09-27 14:33:52', '2018-09-27 14:33:52', 'Madre', NULL, 103, 134, NULL),
(6, '2018-09-27 15:10:11', '2018-09-27 15:10:11', 'Padre', NULL, 371, 191, NULL),
(7, '2018-09-27 15:10:11', '2018-09-27 15:10:11', 'Madre', NULL, 148, 191, NULL),
(8, '2018-09-27 15:12:24', '2018-09-27 15:12:24', 'Padre', NULL, 372, 10, NULL),
(9, '2018-09-27 15:12:24', '2018-09-27 15:12:24', 'Madre', NULL, 3, 10, NULL),
(10, '2018-09-27 15:12:42', '2018-09-27 15:12:42', 'Madre', NULL, 373, 135, NULL),
(11, '2018-09-27 15:19:15', '2018-09-27 15:19:15', 'Padre', NULL, 213, 49, NULL),
(12, '2018-09-27 15:19:15', '2018-09-27 15:19:15', 'Madre', NULL, 31, 49, NULL),
(13, '2018-09-27 15:20:07', '2018-09-27 15:20:07', 'Madre', NULL, 61, 84, NULL),
(14, '2018-09-27 16:31:14', '2018-09-27 16:31:14', 'Padre', NULL, 374, 82, NULL),
(15, '2018-09-27 16:31:14', '2018-09-27 16:31:14', 'Madre', NULL, 60, 82, NULL),
(16, '2018-09-27 16:38:08', '2018-09-27 16:38:08', 'Madre', NULL, 113, 146, NULL),
(17, '2018-09-27 16:39:09', '2018-09-27 16:39:09', 'Padre', NULL, 306, 152, NULL),
(18, '2018-09-27 16:39:09', '2018-09-27 16:39:09', 'Madre', NULL, 119, 152, NULL),
(19, '2018-09-27 16:41:42', '2018-09-27 16:41:42', 'Padre', NULL, 375, 187, NULL),
(20, '2018-09-27 16:41:42', '2018-09-27 16:41:42', 'Madre', NULL, 145, 187, NULL),
(21, '2018-09-27 17:14:32', '2018-09-27 17:14:32', 'Padre', NULL, 241, 80, NULL),
(22, '2018-09-27 17:14:32', '2018-09-27 17:14:32', 'Madre', NULL, 57, 80, NULL),
(23, '2018-09-27 17:15:31', '2018-09-27 17:15:31', 'Madre', NULL, 216, 50, NULL),
(24, '2018-09-27 17:22:17', '2018-09-27 17:22:17', 'Padre', NULL, 376, 247, NULL),
(25, '2018-09-27 17:22:17', '2018-09-27 17:22:17', 'Madre', NULL, 174, 247, NULL),
(26, '2018-09-27 17:51:18', '2018-09-27 17:51:18', 'Padre', NULL, 28, 44, NULL),
(27, '2018-09-27 17:51:18', '2018-09-27 17:51:18', 'Madre', NULL, 377, 44, NULL),
(28, '2018-09-27 18:12:38', '2018-09-27 18:12:38', 'Padre', NULL, 378, 42, NULL),
(29, '2018-09-27 18:12:38', '2018-09-27 18:12:38', 'Madre', NULL, 26, 42, NULL),
(30, '2018-09-27 18:20:12', '2018-09-27 18:20:12', 'Padre', NULL, 24, 38, NULL),
(31, '2018-09-27 18:20:12', '2018-09-27 18:20:12', 'Madre', NULL, 379, 38, NULL),
(32, '2018-09-27 18:20:55', '2018-09-27 18:20:55', 'Padre', NULL, 380, 155, NULL),
(33, '2018-09-27 18:20:55', '2018-09-27 18:20:55', 'Madre', NULL, 120, 155, NULL),
(34, '2018-09-27 18:24:41', '2018-09-27 18:24:41', 'Padre', NULL, 381, 39, NULL),
(35, '2018-09-27 18:24:41', '2018-09-27 18:24:41', 'Madre', NULL, 25, 39, NULL),
(36, '2018-09-27 18:30:12', '2018-09-27 18:30:12', 'Padre', NULL, 382, 28, NULL),
(37, '2018-09-27 18:30:12', '2018-09-27 18:30:12', 'Madre', NULL, 15, 28, NULL),
(38, '2018-09-27 18:36:08', '2018-09-27 18:36:08', 'Padre', NULL, 383, 178, NULL),
(39, '2018-09-27 18:36:08', '2018-09-27 18:36:08', 'Madre', NULL, 139, 178, NULL),
(40, '2018-09-27 18:40:50', '2018-09-27 18:40:50', 'Padre', NULL, 384, 63, NULL),
(41, '2018-09-27 18:40:50', '2018-09-27 18:40:50', 'Madre', NULL, 41, 63, NULL),
(42, '2018-09-27 18:44:58', '2018-09-27 18:44:58', 'Padre', NULL, 385, 56, NULL),
(43, '2018-09-27 18:44:58', '2018-09-27 18:44:58', 'Madre', NULL, 38, 56, NULL),
(44, '2018-09-27 18:49:15', '2018-09-27 18:49:15', 'Padre', NULL, 385, 60, NULL),
(45, '2018-09-27 18:49:15', '2018-09-27 18:49:15', 'Madre', NULL, 38, 60, NULL),
(46, '2018-09-27 18:53:53', '2018-09-27 18:53:53', 'Padre', NULL, 349, 214, NULL),
(47, '2018-09-27 18:53:53', '2018-09-27 18:53:53', 'Madre', NULL, 162, 214, NULL),
(48, '2018-09-27 18:54:10', '2018-09-27 18:54:10', 'Padre', NULL, 386, 77, NULL),
(49, '2018-09-27 18:54:10', '2018-09-27 18:54:10', 'Madre', NULL, 53, 77, NULL),
(50, '2018-09-27 18:54:36', '2018-09-27 18:54:36', 'Padre', NULL, 23, 35, NULL),
(51, '2018-09-27 18:54:36', '2018-09-27 18:54:36', 'Madre', NULL, 387, 35, NULL),
(52, '2018-09-27 19:01:22', '2018-09-27 19:01:22', 'Madre', NULL, 82, 112, NULL),
(53, '2018-09-27 19:09:50', '2018-09-27 19:09:50', 'Padre', NULL, 388, 110, NULL),
(54, '2018-09-27 19:09:50', '2018-09-27 19:09:50', 'Madre', NULL, 81, 110, NULL),
(55, '2018-09-27 19:11:55', '2018-09-27 19:11:55', 'Padre', NULL, 389, 22, NULL),
(56, '2018-09-27 19:11:55', '2018-09-27 19:11:55', 'Madre', NULL, 12, 22, NULL),
(57, '2018-09-27 19:14:46', '2018-09-27 19:14:46', 'Padre', NULL, 389, 25, NULL),
(58, '2018-09-27 19:14:46', '2018-09-27 19:14:46', 'Madre', NULL, 12, 25, NULL),
(59, '2018-09-27 19:20:28', '2018-09-27 19:20:28', 'Padre', NULL, 390, 68, NULL),
(60, '2018-09-27 19:20:28', '2018-09-27 19:20:28', 'Madre', NULL, 47, 68, NULL),
(61, '2018-09-27 19:35:06', '2018-09-27 19:35:06', 'Madre', NULL, 99, 129, NULL),
(62, '2018-09-27 19:46:20', '2018-09-27 19:46:20', 'Padre', NULL, 391, 18, NULL),
(63, '2018-09-27 19:46:20', '2018-09-27 19:46:20', 'Madre', NULL, 10, 18, NULL),
(64, '2018-09-27 20:03:30', '2018-09-27 20:03:30', 'Padre', NULL, 392, 157, NULL),
(65, '2018-09-27 20:03:30', '2018-09-27 20:03:30', 'Madre', NULL, 122, 157, NULL),
(66, '2018-09-27 20:12:27', '2018-09-27 20:12:27', 'Padre', NULL, 350, 215, NULL),
(67, '2018-09-27 20:12:27', '2018-09-27 20:12:27', 'Madre', NULL, 163, 215, NULL),
(68, '2018-09-27 20:40:31', '2018-09-27 20:40:31', 'Padre', NULL, 264, 105, NULL),
(69, '2018-09-27 20:40:31', '2018-09-27 20:40:31', 'Madre', NULL, 77, 105, NULL),
(70, '2018-09-27 20:56:45', '2018-09-27 20:56:45', 'Padre', NULL, 393, 166, NULL),
(71, '2018-09-27 20:56:45', '2018-09-27 20:56:45', 'Madre', NULL, 129, 166, NULL),
(72, '2018-09-27 20:58:07', '2018-09-27 20:58:07', 'Padre', NULL, 394, 118, NULL),
(73, '2018-09-27 20:58:07', '2018-09-27 20:58:07', 'Madre', NULL, 89, 118, NULL),
(74, '2018-09-27 20:59:03', '2018-09-27 20:59:03', 'Padre', NULL, 395, 189, NULL),
(75, '2018-09-27 20:59:03', '2018-09-27 20:59:03', 'Madre', NULL, 147, 189, NULL),
(76, '2018-09-27 21:15:58', '2018-09-27 21:15:58', 'Padre', NULL, 396, 90, NULL),
(77, '2018-09-27 21:15:58', '2018-09-27 21:15:58', 'Madre', NULL, 65, 90, NULL),
(78, '2018-09-27 21:23:58', '2018-09-27 21:23:58', 'Padre', NULL, 397, 72, NULL),
(79, '2018-09-27 21:23:58', '2018-09-27 21:23:58', 'Madre', NULL, 48, 72, NULL),
(80, '2018-09-27 21:37:32', '2018-09-27 21:37:32', 'Padre', NULL, 398, 78, NULL),
(81, '2018-09-27 21:37:32', '2018-09-27 21:37:32', 'Madre', NULL, 54, 78, NULL),
(82, '2018-09-27 21:44:18', '2018-09-27 21:44:18', 'Padre', NULL, 399, 127, NULL),
(83, '2018-09-27 21:44:18', '2018-09-27 21:44:18', 'Madre', NULL, 94, 127, NULL),
(84, '2018-09-27 21:44:22', '2018-09-27 21:44:22', 'Madre', NULL, 1, 6, NULL),
(86, '2018-09-27 21:58:32', '2018-09-27 21:58:32', 'Madre', NULL, 180, 279, NULL),
(87, '2018-09-27 22:12:45', '2018-09-27 22:12:45', 'Madre', NULL, 86, 115, NULL),
(88, '2018-09-27 22:52:29', '2018-09-27 22:52:29', 'Padre', NULL, 345, 209, NULL),
(89, '2018-09-27 22:52:29', '2018-09-27 22:52:29', 'Madre', NULL, 158, 209, NULL),
(90, '2018-09-27 23:06:29', '2018-09-27 23:06:29', 'Padre', NULL, 400, 140, NULL),
(91, '2018-09-27 23:06:29', '2018-09-27 23:06:29', 'Madre', NULL, 109, 140, NULL),
(92, '2018-09-27 23:31:02', '2018-09-27 23:31:02', 'Padre', NULL, 401, 95, NULL),
(93, '2018-09-27 23:31:02', '2018-09-27 23:31:02', 'Madre', NULL, 70, 95, NULL),
(94, '2018-09-27 23:44:38', '2018-09-27 23:44:38', 'Padre', NULL, 56, 79, NULL),
(95, '2018-09-27 23:44:38', '2018-09-27 23:44:38', 'Madre', NULL, 402, 79, NULL),
(97, '2018-09-27 23:56:58', '2018-09-27 23:56:58', 'Madre', NULL, 176, 255, NULL),
(98, '2018-09-28 00:02:16', '2018-09-28 00:02:16', 'Padre', NULL, 403, 139, NULL),
(99, '2018-09-28 00:02:17', '2018-09-28 00:02:17', 'Madre', NULL, 107, 139, NULL),
(100, '2018-09-28 00:15:45', '2018-09-28 00:15:45', 'Padre', NULL, 257, 98, NULL),
(101, '2018-09-28 00:15:45', '2018-09-28 00:15:45', 'Madre', NULL, 71, 98, NULL),
(102, '2018-09-28 00:16:39', '2018-09-28 00:16:39', 'Padre', NULL, 404, 26, NULL),
(103, '2018-09-28 00:16:39', '2018-09-28 00:16:39', 'Madre', NULL, 13, 26, NULL),
(104, '2018-09-28 00:19:36', '2018-09-28 00:19:36', 'Padre', NULL, 405, 192, NULL),
(105, '2018-09-28 00:19:36', '2018-09-28 00:19:36', 'Madre', NULL, 149, 192, NULL),
(106, '2018-09-28 00:24:14', '2018-09-28 00:24:14', 'Padre', NULL, 69, 93, NULL),
(107, '2018-09-28 00:24:14', '2018-09-28 00:24:14', 'Madre', NULL, 406, 93, NULL),
(108, '2018-09-28 00:30:15', '2018-09-28 00:30:15', 'Padre', NULL, 229, 67, NULL),
(109, '2018-09-28 00:30:15', '2018-09-28 00:30:15', 'Madre', NULL, 45, 67, NULL),
(110, '2018-09-28 00:41:04', '2018-09-28 00:41:04', 'Padre', NULL, 407, 150, NULL),
(111, '2018-09-28 00:41:05', '2018-09-28 00:41:05', 'Madre', NULL, 116, 150, NULL),
(112, '2018-09-28 00:51:53', '2018-09-28 00:51:53', 'Padre', NULL, 408, 200, NULL),
(113, '2018-09-28 00:51:53', '2018-09-28 00:51:53', 'Madre', NULL, 154, 200, NULL),
(114, '2018-09-28 00:52:59', '2018-09-28 00:52:59', 'Padre', NULL, 409, 73, NULL),
(115, '2018-09-28 00:52:59', '2018-09-28 00:52:59', 'Madre', NULL, 49, 73, NULL),
(116, '2018-09-28 01:18:19', '2018-09-28 01:18:19', 'Padre', NULL, 9, 19, NULL),
(117, '2018-09-28 01:18:19', '2018-09-28 01:18:19', 'Madre', NULL, 410, 19, NULL),
(119, '2018-09-28 01:27:00', '2018-09-28 01:27:00', 'Madre', NULL, 6, 11, NULL),
(120, '2018-09-28 01:28:10', '2018-09-28 01:28:10', 'Padre', NULL, 258, 100, NULL),
(121, '2018-09-28 01:28:10', '2018-09-28 01:28:10', 'Madre', NULL, 72, 100, NULL),
(122, '2018-09-28 01:28:33', '2018-09-28 01:28:33', 'Padre', NULL, 137, 176, NULL),
(123, '2018-09-28 01:28:33', '2018-09-28 01:28:33', 'Madre', NULL, 324, 176, NULL),
(124, '2018-09-28 01:31:04', '2018-09-28 01:31:04', 'Madre', NULL, 112, 142, NULL),
(125, '2018-09-28 01:34:46', '2018-09-28 01:34:46', 'Padre', NULL, 187, 15, NULL),
(126, '2018-09-28 01:34:46', '2018-09-28 01:34:46', 'Madre', NULL, 6, 15, NULL),
(127, '2018-09-28 01:42:29', '2018-09-28 01:42:29', 'Padre', NULL, 4, 14, NULL),
(128, '2018-09-28 01:42:29', '2018-09-28 01:42:29', 'Madre', NULL, 411, 14, NULL),
(129, '2018-09-28 01:48:55', '2018-09-28 01:48:55', 'Padre', NULL, 55, 74, NULL),
(130, '2018-09-28 01:48:55', '2018-09-28 01:48:55', 'Madre', NULL, 239, 74, NULL),
(131, '2018-09-28 01:53:08', '2018-09-28 01:53:08', 'Padre', NULL, 412, 149, NULL),
(132, '2018-09-28 01:53:08', '2018-09-28 01:53:08', 'Madre', NULL, 114, 149, NULL),
(133, '2018-09-28 01:55:59', '2018-09-28 01:55:59', 'Madre', NULL, 108, 138, NULL),
(134, '2018-09-28 01:57:50', '2018-09-28 01:57:50', 'Padre', NULL, 160, 212, NULL),
(135, '2018-09-28 01:57:50', '2018-09-28 01:57:50', 'Madre', NULL, 347, 212, NULL),
(136, '2018-09-28 02:02:52', '2018-09-28 02:02:52', 'Padre', NULL, 161, 213, NULL),
(137, '2018-09-28 02:02:52', '2018-09-28 02:02:52', 'Madre', NULL, 413, 213, NULL),
(138, '2018-09-28 02:14:08', '2018-09-28 02:14:08', 'Padre', NULL, 414, 174, NULL),
(139, '2018-09-28 02:14:08', '2018-09-28 02:14:08', 'Madre', NULL, 135, 174, NULL),
(140, '2018-09-28 02:31:21', '2018-09-28 02:31:21', 'Padre', NULL, 415, 30, NULL),
(141, '2018-09-28 02:31:21', '2018-09-28 02:31:21', 'Madre', NULL, 17, 30, NULL),
(142, '2018-09-28 03:16:44', '2018-09-28 03:16:44', 'Padre', NULL, 151, 194, NULL),
(143, '2018-09-28 03:16:44', '2018-09-28 03:16:44', 'Madre', NULL, 416, 194, NULL),
(144, '2018-09-28 03:53:00', '2018-09-28 03:53:00', 'Madre', NULL, 153, 197, NULL),
(145, '2018-09-28 10:47:31', '2018-09-28 10:47:31', 'Padre', NULL, 417, 151, NULL),
(146, '2018-09-28 10:47:31', '2018-09-28 10:47:31', 'Madre', NULL, 117, 151, NULL),
(147, '2018-09-28 11:19:14', '2018-09-28 11:19:14', 'Padre', NULL, 43, 65, NULL),
(148, '2018-09-28 11:19:14', '2018-09-28 11:19:14', 'Madre', NULL, 418, 65, NULL),
(149, '2018-09-28 12:07:23', '2018-09-28 12:07:23', 'Padre', NULL, 419, 52, NULL),
(150, '2018-09-28 12:07:23', '2018-09-28 12:07:23', 'Madre', NULL, 34, 52, NULL),
(151, '2018-09-28 12:13:52', '2018-09-28 12:13:52', 'Padre', NULL, 115, 148, NULL),
(152, '2018-09-28 12:13:52', '2018-09-28 12:13:52', 'Madre', NULL, 420, 148, NULL),
(153, '2018-09-28 12:24:19', '2018-09-28 12:24:19', 'Padre', NULL, 339, 199, NULL),
(154, '2018-09-28 12:24:19', '2018-09-28 12:24:19', 'Madre', NULL, 152, 199, NULL),
(155, '2018-09-28 12:30:28', '2018-09-28 12:30:28', 'Padre', NULL, 421, 173, NULL),
(156, '2018-09-28 12:30:28', '2018-09-28 12:30:28', 'Madre', NULL, 134, 173, NULL),
(157, '2018-09-28 12:31:40', '2018-09-28 12:31:40', 'Padre', NULL, 422, 256, NULL),
(158, '2018-09-28 12:31:40', '2018-09-28 12:31:40', 'Madre', NULL, 177, 256, NULL),
(159, '2018-09-28 12:31:45', '2018-09-28 12:31:45', 'Padre', NULL, 423, 141, NULL),
(160, '2018-09-28 12:31:45', '2018-09-28 12:31:45', 'Madre', NULL, 110, 141, NULL),
(161, '2018-09-28 13:14:14', '2018-09-28 13:14:14', 'Padre', NULL, 424, 226, NULL),
(162, '2018-09-28 13:14:14', '2018-09-28 13:14:14', 'Madre', NULL, 169, 226, NULL),
(163, '2018-09-28 13:18:14', '2018-09-28 13:18:14', 'Padre', NULL, 182, 7, NULL),
(164, '2018-09-28 13:18:14', '2018-09-28 13:18:14', 'Madre', NULL, 2, 7, NULL),
(165, '2018-09-28 14:07:58', '2018-09-28 14:07:58', 'Padre', NULL, 262, 102, NULL),
(166, '2018-09-28 14:07:58', '2018-09-28 14:07:58', 'Madre', NULL, 75, 102, NULL),
(167, '2018-09-28 14:18:36', '2018-09-28 14:18:36', 'Padre', NULL, 428, 124, NULL),
(168, '2018-09-28 14:18:36', '2018-09-28 14:18:36', 'Madre', NULL, 429, 124, NULL),
(169, '2018-09-28 14:41:01', '2018-09-28 14:41:01', 'Padre', NULL, 140, 179, NULL),
(170, '2018-09-28 14:41:01', '2018-09-28 14:41:01', 'Madre', NULL, 430, 179, NULL),
(171, '2018-09-28 14:43:32', '2018-09-28 14:43:32', 'Madre', NULL, 102, 133, NULL),
(172, '2018-09-28 15:13:39', '2018-09-28 15:13:39', 'Madre', NULL, 425, 280, NULL),
(173, '2018-09-28 15:49:57', '2018-09-28 15:49:57', 'Padre', NULL, 360, 242, NULL),
(174, '2018-09-28 15:49:57', '2018-09-28 15:49:57', 'Madre', NULL, 172, 242, NULL),
(175, '2018-09-28 16:29:12', '2018-09-28 16:29:12', 'Padre', NULL, 20, 33, NULL),
(176, '2018-09-28 16:29:12', '2018-09-28 16:29:12', 'Madre', NULL, 431, 33, NULL),
(177, '2018-09-28 16:33:56', '2018-09-28 16:33:56', 'Padre', NULL, 170, 236, NULL),
(178, '2018-09-28 16:33:56', '2018-09-28 16:33:56', 'Madre', NULL, 432, 236, NULL),
(179, '2018-09-28 17:09:20', '2018-09-28 17:09:20', 'Padre', NULL, 366, 260, NULL),
(180, '2018-09-28 17:09:20', '2018-09-28 17:09:20', 'Madre', NULL, 178, 260, NULL),
(181, '2018-09-28 17:34:26', '2018-09-28 17:34:26', 'Padre', NULL, 293, 137, NULL),
(182, '2018-09-28 17:34:26', '2018-09-28 17:34:26', 'Madre', NULL, 106, 137, NULL),
(183, '2018-09-28 18:19:26', '2018-09-28 18:19:26', 'Padre', NULL, 308, 158, NULL),
(184, '2018-09-28 18:19:26', '2018-09-28 18:19:26', 'Madre', NULL, 121, 158, NULL),
(185, '2018-09-28 18:21:02', '2018-09-28 18:21:02', 'Padre', NULL, 333, 186, NULL),
(186, '2018-09-28 18:21:02', '2018-09-28 18:21:02', 'Madre', NULL, 146, 186, NULL),
(187, '2018-09-28 18:32:32', '2018-09-28 18:32:32', 'Padre', NULL, 433, 29, NULL),
(188, '2018-09-28 18:32:32', '2018-09-28 18:32:32', 'Madre', NULL, 16, 29, NULL),
(189, '2018-09-28 18:53:06', '2018-09-28 18:53:06', 'Padre', NULL, 93, 123, NULL),
(190, '2018-09-28 18:53:06', '2018-09-28 18:53:06', 'Madre', NULL, 434, 123, NULL),
(191, '2018-09-28 19:16:06', '2018-09-28 19:16:06', 'Madre', NULL, 288, 132, NULL),
(192, '2018-09-28 19:24:14', '2018-09-28 19:24:14', 'Padre', NULL, 219, 54, NULL),
(193, '2018-09-28 19:24:14', '2018-09-28 19:24:14', 'Madre', NULL, 36, 54, NULL),
(194, '2018-09-28 19:30:30', '2018-09-28 19:30:30', 'Padre', NULL, 211, 48, NULL),
(195, '2018-09-28 19:30:30', '2018-09-28 19:30:30', 'Madre', NULL, 29, 48, NULL),
(196, '2018-09-28 19:32:22', '2018-09-28 19:32:22', 'Padre', NULL, 435, 51, NULL),
(197, '2018-09-28 19:32:22', '2018-09-28 19:32:22', 'Madre', NULL, 32, 51, NULL),
(198, '2018-09-28 19:36:53', '2018-09-28 19:36:53', 'Padre', NULL, 435, 55, NULL),
(199, '2018-09-28 19:36:53', '2018-09-28 19:36:53', 'Madre', NULL, 32, 55, NULL),
(200, '2018-09-28 20:00:48', '2018-09-28 20:00:48', 'Padre', NULL, 436, 46, NULL),
(201, '2018-09-28 20:00:48', '2018-09-28 20:00:48', 'Madre', NULL, 30, 46, NULL),
(202, '2018-09-28 20:45:14', '2018-09-28 20:45:14', 'Padre', NULL, 437, 61, NULL),
(203, '2018-09-28 20:45:14', '2018-09-28 20:45:14', 'Madre', NULL, 39, 61, NULL),
(204, '2018-09-28 20:47:17', '2018-09-28 20:47:17', 'Madre', NULL, 21, 34, NULL),
(205, '2018-09-28 22:22:19', '2018-09-28 22:22:19', 'Madre', NULL, 98, 128, NULL),
(206, '2018-09-28 22:32:59', '2018-09-28 22:32:59', 'Padre', NULL, 96, 126, NULL),
(207, '2018-09-28 22:32:59', '2018-09-28 22:32:59', 'Madre', NULL, 438, 126, NULL),
(208, '2018-09-28 23:06:02', '2018-09-28 23:06:02', 'Padre', NULL, 439, 163, NULL),
(209, '2018-09-28 23:06:02', '2018-09-28 23:06:02', 'Madre', NULL, 123, 163, NULL),
(210, '2018-09-29 01:46:55', '2018-09-29 01:46:55', 'Padre', NULL, 440, 202, NULL),
(211, '2018-09-29 01:46:56', '2018-09-29 01:46:56', 'Madre', NULL, 156, 202, NULL),
(212, '2018-09-29 02:26:44', '2018-09-29 02:26:44', 'Padre', NULL, 441, 108, NULL),
(213, '2018-09-29 02:26:44', '2018-09-29 02:26:44', 'Madre', NULL, 80, 108, NULL),
(214, '2018-09-29 03:15:31', '2018-09-29 03:15:31', 'Padre', NULL, 164, 218, NULL),
(215, '2018-09-29 03:15:31', '2018-09-29 03:15:31', 'Madre', NULL, 442, 218, NULL),
(216, '2018-09-29 08:51:54', '2018-09-29 08:51:54', 'Padre', NULL, 443, 279, NULL),
(217, '2018-09-29 09:41:59', '2018-09-29 09:41:59', 'Padre', NULL, 443, 11, NULL),
(218, '2018-10-18 23:17:17', '2018-10-18 23:17:17', 'Padre', NULL, 443, 280, NULL),
(219, '2018-10-18 23:20:41', '2018-10-18 23:20:41', 'Padre', NULL, 443, 255, NULL);

--
-- Volcado de datos para la tabla `apoderados`
--

--
-- Volcado de datos para la tabla `comunas`
--

--
-- Volcado de datos para la tabla `contratos`
--

REPLACE INTO `contratos` (`id`, `created_at`, `updated_at`, `idApoderado`, `urlContrato`, `urlPagare`, `urlContratoF`, `urlPagareF`, `nroCuotas`, `fechaContrato`, `anioAContratar`, `totalAPagar`) VALUES
(1, '2018-09-29 11:52:01', '2018-09-29 11:52:01', 255, NULL, NULL, NULL, NULL, 11, '2018-09-29 03:00:00', 2019, 408550),
(2, '2018-09-29 12:44:59', '2018-09-29 12:44:59', 12, NULL, NULL, NULL, NULL, 11, '2018-09-29 03:00:00', 2019, 675850);

--
-- Volcado de datos para la tabla `cursos`
--


REPLACE INTO `ficha_alumno` (`id`, `created_at`, `updated_at`, `ingresoFamiliarM`, `viveConPadre`, `viveConMadre`, `viveConAbuelos`, `viveConTios`, `viveConTutor`, `causas`, `nroConvivientes`, `totalHijos`, `nroDeHijo`, `nroHermaIDOP`, `tenenciaVivienda`, `estudiaCon`, `isapreFonasa`, `seguroComple`, `enfermedades`, `medicamentos`, `esAlergico`, `AlergicoA`, `observacionesSalud`, `grupoSanguineo`, `idAlumno`, `cantidadContactos`, `PNombrePContacto`, `SNombrePContacto`, `TNombrePContacto`, `ApPatPContacto`, `ApMatPContacto`, `fonoFijoPContacto`, `fonoCeluPContacto`, `emailPContacto`, `parentescoPContacto`, `PNombreSContacto`, `SNombreSContacto`, `TNombreSContacto`, `ApPatSContacto`, `ApMatSContacto`, `fonoFijoSContacto`, `fonoCeluSContacto`, `emailSContacto`, `parentescoSContacto`) VALUES
(1, '2018-09-27 17:53:27', '2018-09-27 17:53:27', 280000, 0, 1, 0, 0, 0, NULL, 3, 1, 1, 0, 'Propietario', 'Madre', 'Fonasa', 0, NULL, NULL, 0, 'ibuprofeno', NULL, 'A+', 134, 1, 'LISSETTE', 'ANDREA', NULL, 'VIVEROS', 'INZUNZA', 228542105, 994289915, 'colorina24@hotmail.com', 'Madre', NULL, NULL, NULL, NULL, NULL, NULL, NULL, NULL, 'Padre'),
(2, '2018-09-27 17:54:44', '2018-09-27 17:54:44', 1200000, 1, 1, 0, 0, 0, NULL, 6, 1, 1, 0, 'Allegado', 'Madre', 'Fonasa', 0, NULL, NULL, 0, NULL, NULL, 'O+', 75, 2, 'ADRIAN', 'EDUARDO', NULL, 'BARRERA', 'VERGARA', 225278145, 935448814, 'adbarrera0404@gmail.com', 'Padre', 'FERNANDO', 'RAMON', NULL, 'BARRERA', 'VERGARA', NULL, 951132350, NULL, 'Tío/Tía'),
(3, '2018-09-27 18:10:11', '2018-09-27 18:10:11', 900000, 1, 1, 0, 0, 0, NULL, 5, 2, 3, 1, 'Propietario', 'Madre', 'Isapre', 1, 'No', 'Ninguno', 0, 'Nada', NULL, 'A+', 191, 2, 'ROSA', 'IVETTE', NULL, 'GUTIERREZ', 'GONZALEZ', 228662411, 950121774, 'r.ivette109@gmail.com', 'Madre', 'Felipe', 'Ignacio', NULL, 'Letelier', 'Calquin', 228662411, 967598961, 'f.letelierc@gmail.com', 'Padre'),
(4, '2018-09-27 18:12:25', '2018-09-27 18:12:25', 2500000, 1, 1, 0, 0, 0, NULL, 4, 1, 2, 1, 'Propietario', 'Madre', 'Isapre', 1, NULL, NULL, 0, NULL, NULL, 'O+', 10, 2, 'ANA', 'PATRICIA', NULL, 'MEJIAS', 'SAEZ', 225595515, 978798977, 'anymejias@gmail.com', 'Madre', 'Rene', 'Fernando', NULL, 'Fuentes', 'Osorio', NULL, 993237569, 'fuos14@gmail.com', 'Padre'),
(5, '2018-09-27 18:12:42', '2018-09-27 18:12:42', 300000, 1, 0, 0, 1, 0, NULL, 4, 0, 2, 0, 'Allegado', 'Tío/Tía', 'Fonasa', 0, NULL, NULL, 0, NULL, NULL, 'A+', 135, 1, 'lissette', 'andrea', NULL, 'viveros', 'inzunza', NULL, 994289915, NULL, 'Primo/Prima', NULL, NULL, NULL, NULL, NULL, NULL, NULL, NULL, 'Padre'),
(6, '2018-09-27 18:19:15', '2018-09-27 18:19:15', 300, 0, 1, 0, 0, 0, NULL, 3, 1, 2, 0, 'Allegado', 'Hermano/Hermana', 'Fonasa', 0, NULL, NULL, 1, 'Dipirona', NULL, 'A+', 49, 2, 'CAROLINA', 'SOLEDAD', NULL, 'MATUS', 'DUARTE', 978539417, 978539417, 'c.matus.d@gmail.com', 'Madre', 'Cristobal', 'Andres', NULL, 'Cortes', 'Matus', 974600810, 974600810, NULL, 'Hermano/Hermana'),
(7, '2018-09-27 18:20:07', '2018-09-27 18:20:07', 150, 0, 1, 0, 0, 0, NULL, 3, 1, 1, 0, 'Allegado', 'Madre', 'Fonasa', 0, 'SOPLO AL CORAZON ( AORTA BICUSPIDE)', 'NINGUNO', 0, NULL, NULL, 'O+', 84, 2, 'JULIA', 'PATRICIA', NULL, 'MORALES', 'ACEVEDO', 225435180, 955150855, 'julia.morales.a@gmail.com', 'Madre', 'SANDRA', NULL, NULL, 'ACEVEDO', 'DIAS', NULL, 952169775, NULL, 'Tío/Tía'),
(8, '2018-09-27 19:31:14', '2018-09-27 19:31:14', 300, 0, 0, 0, 0, 0, NULL, 7, 4, 2, 0, 'Allegado', 'Madre', 'Fonasa', 0, 'NINGUNA', 'NINGUNO', 0, 'NADA', NULL, 'A+', 82, 2, 'ROSA', 'IRENE', NULL, 'ROMERO', 'BARRIENTOS', NULL, 967755020, 'rromerofundacion@gmail.com', 'Madre', 'DAGOBERTO', 'ALEJANDRO', NULL, 'MEDINA', 'CIFUENTES', NULL, 998391062, 'D.MEDINACIFUENTES@GMAIL.COM', 'Padre'),
(9, '2018-09-27 19:38:08', '2018-09-27 19:38:08', 450, 0, 1, 0, 0, 0, NULL, 3, 1, 2, 0, 'Propietario', 'Madre', 'Fonasa', 0, NULL, NULL, 0, NULL, NULL, 'A+', 146, 1, 'ANTONIETA', 'DEL PILAR', NULL, 'MEZA', 'TOLEDO', NULL, 978009863, 'antonieta.meza@hotmail.com', 'Madre', NULL, NULL, NULL, NULL, NULL, NULL, NULL, NULL, 'Padre'),
(10, '2018-09-27 19:39:09', '2018-09-27 19:39:09', 400000, 0, 1, 0, 0, 0, NULL, 2, 1, 1, 0, 'Propietario', 'Madre', 'Fonasa', 0, 'Ninguna', 'Ninguno', 0, 'Nada', NULL, 'A+', 152, 2, 'GISSEL', 'PATRICIA', NULL, 'RIVAS', 'ÑANCULEO', NULL, 985874813, 'gisselarivas06@gmail.com', 'Madre', 'Jose', 'Antonio', NULL, 'Vasquez', 'Contreras', NULL, 991022851, NULL, 'Padre'),
(11, '2018-09-27 19:41:43', '2018-09-27 19:41:43', 6500006, 1, 1, 1, 0, 0, NULL, 7, 2, 2, 0, 'Allegado', 'Madre', 'Fonasa', 0, 'Asma', 'Budesonida', 0, NULL, NULL, 'O+', 187, 2, 'ANDREA', 'MARIA', NULL, 'SEPULVEDA', 'VASQUEZ', NULL, 977551311, 'nachoallisoncolo@gmail.com', 'Madre', 'Luis', 'Armando', NULL, 'Laffertte', 'Sepulveda', NULL, 962865387, NULL, 'Padre'),
(12, '2018-09-27 20:14:32', '2018-09-27 20:14:32', 100000, 1, 1, 0, 0, 1, NULL, 7, 1, 2, 0, 'Allegado', 'Madre', 'Fonasa', 0, 'N/A', 'N/A', 0, 'N/A', 'Niño sano', 'O+', 80, 2, 'MARIA', 'CRISTINA', NULL, 'FUENTES', 'GONZALEZ', NULL, 989616747, 'crisii1968@gmail.com', 'Madre', 'Victor', 'Hugo', NULL, 'Araya', 'Lara', NULL, 976147439, NULL, 'Padre'),
(13, '2018-09-27 20:15:31', '2018-09-27 20:15:31', 1000000, 0, 0, 0, 0, 0, 'economicos y cercania al colegio', 5, 1, 3, 0, 'Allegado', 'Hermano/Hermana', 'Fonasa', 0, NULL, NULL, 1, 'estacional primaveral', NULL, 'AB+', 50, 2, 'victor', 'alexis', NULL, 'vidal', 'castillo', 227917902, 963532328, 'victorvidalcastillo@gmail.com', 'Hermano/Hermana', 'maria', 'judith', NULL, 'mendoza', 'muñoz', NULL, 963540068, NULL, 'Otro'),
(14, '2018-09-27 20:22:17', '2018-09-27 20:22:17', 276000, 0, 1, 0, 0, 0, NULL, 4, 2, 3, 1, 'Allegado', 'Madre', 'Fonasa', 0, 'Ninguna', NULL, 0, NULL, NULL, 'AB+', 247, 2, 'FLOR', 'ADRIANA', NULL, 'GONZALEZ', 'PAREDES', 225281620, 992000814, 'floradriana123@gmail.com', 'Madre', 'Fernanda', NULL, NULL, 'Mendez', 'Gonzalez', NULL, 952528144, NULL, 'Hermano/Hermana'),
(15, '2018-09-27 20:51:18', '2018-09-27 20:51:18', 283000, 1, 1, 0, 0, 0, NULL, 4, 1, 1, 1, 'Arrendatario', 'Padre', 'Fonasa', 0, 'Rinitis crónica', 'Cetirizina y mometasona', 1, 'Diclofenaco', NULL, 'B+', 44, 2, 'JAVIER', 'ANTONIO', NULL, 'MUÑOZ', 'URIBE', NULL, 945672981, 'javitoblindado7@gmail.com', 'Padre', 'Ana', 'Luisa', NULL, 'Marchant', 'Alarcón', NULL, 952145761, 'marchant1806@gmail.com', 'Madre'),
(16, '2018-09-27 21:12:38', '2018-09-27 21:12:38', 600000, 1, 1, 0, 0, 0, NULL, 4, 1, 1, 0, 'Arrendatario', 'Madre', 'Fonasa', 0, NULL, NULL, 1, 'lidocaina', NULL, 'B+', 42, 2, 'MARGARITA', 'ERMITA', NULL, 'ZAMORANO', 'CARRASCO', NULL, 979547390, 'cristobal.vistoso@gmail.com', 'Madre', 'cristobal', 'fernando', NULL, 'vistoso', 'maureira', NULL, 987397845, 'cristobal.vistoso@gmail.com', 'Padre'),
(17, '2018-09-27 21:20:12', '2018-09-27 21:20:12', 600000, 1, 1, 1, 0, 1, NULL, 5, 1, 2, 0, 'Arrendatario', 'Padre', 'Fonasa', 0, 'No', 'No', 0, 'No', 'No', 'A+', 38, 2, 'IVAN', 'PATRICIO', NULL, 'VEGA', 'MORENO', 225272429, 983700026, 'patovega8240@gmail.com', 'Padre', 'Mary', 'Vanessa', NULL, 'Portus', 'Pavez', 225272429, 988573719, 'maryportus72@gmail.com', 'Madre'),
(18, '2018-09-27 21:20:55', '2018-09-27 21:20:55', 180000, 0, 1, 0, 0, 0, NULL, 5, 1, 2, 0, 'Allegado', 'Madre', 'Fonasa', 0, NULL, NULL, 0, NULL, NULL, 'O+', 155, 2, 'XIMENA', 'MONSERRAT', NULL, 'OLIVARES', 'GAETE', NULL, 954627395, NULL, 'Abuelo/Abuela', 'LUIS', 'HERNAN', NULL, 'SILVA', 'MEJIAS', NULL, 978462007, NULL, 'Abuelo/Abuela'),
(19, '2018-09-27 21:24:41', '2018-09-27 21:24:41', 300000, 0, 1, 0, 0, 0, NULL, 5, 3, 4, 1, 'Allegado', 'Madre', 'Fonasa', 0, 'asmatica', 'inalador budesonida y salbutamol', 0, 'nada', NULL, 'A+', 39, 2, 'SANDRA', 'ESTHER', NULL, 'ZAMORANO', 'CARRASCO', NULL, 965047580, 'zamoranosandra55@gmail.com', 'Madre', 'solange', 'esther', NULL, 'moreno', 'zamorano', NULL, 969019556, NULL, 'Hermano/Hermana'),
(20, '2018-09-27 21:30:12', '2018-09-27 21:30:12', 200, 1, 1, 0, 0, 0, NULL, 3, 0, 3, 0, 'Allegado', 'Madre', 'Fonasa', 0, 'Ninguna', 'Ninguno', 0, 'Nada', 'Ninguna', 'AB+', 28, 2, 'ZUNILDA', 'HAYDDE', NULL, 'ARAVENA', 'MARTINEZ', 225289015, 930810528, 'karina.c.fhl@gmail.com', 'Madre', 'Christian', 'Alexis', NULL, 'Cofre', 'Aravena', 225289015, 974935014, NULL, 'Hermano/Hermana'),
(21, '2018-09-27 21:36:08', '2018-09-27 21:36:08', 500, 0, 1, 1, 0, 1, NULL, 6, 1, 1, 0, 'Allegado', 'Madre', 'Fonasa', 0, 'Ninguna', 'Ninguno', 0, 'Nada', 'Ninguna', 'B+', 178, 2, 'Julia', NULL, NULL, 'Gonzalez', 'Rivera', NULL, 978439067, NULL, 'Abuelo/Abuela', 'Roxana', NULL, NULL, 'Ponce', 'González', NULL, 971635381, NULL, 'Tío/Tía'),
(22, '2018-09-27 21:40:50', '2018-09-27 21:40:50', 380000, 1, 1, 0, 0, 0, NULL, 6, 4, 2, 0, 'Propietario', 'Madre', 'Fonasa', 0, NULL, NULL, 0, NULL, NULL, 'O+', 63, 2, 'LUCIA', 'MAGALY', 'ODETH', 'LEMU', 'CAUCAO', 225588676, 975020686, 'lucialemu@gmail.com', 'Madre', 'Victor', 'Alonso', NULL, 'Avendaño', 'Gonzalez', 225588676, 979934344, 'victoraven.10@gmail.com', 'Padre'),
(23, '2018-09-27 21:44:58', '2018-09-27 21:44:58', 1200000, 1, 1, 0, 0, 0, NULL, 5, 2, 1, 0, 'Propietario', 'Madre', 'Fonasa', 1, 'no', 'No consume', 0, 'No es alergico', NULL, 'A+', 56, 2, 'BARBARA', 'ALEJANDRA', NULL, 'DIAZ', 'CARRASCO', NULL, 959514941, 'm.herrerav@yahoo.com', 'Madre', 'MAURICIO', 'MANUEL', NULL, 'HERRERA', 'VERA', 959514941, 986941793, 'm.herrerav@yahoo.com', 'Padre'),
(24, '2018-09-27 21:49:15', '2018-09-27 21:49:15', 1200000, 1, 1, 0, 0, 0, NULL, 5, 2, 2, 0, 'Propietario', 'Madre', 'Fonasa', 1, 'no', 'no', 0, 'no', NULL, 'A-', 60, 2, 'BARBARA', 'ALEJANDRA', NULL, 'DIAZ', 'CARRASCO', NULL, 959514941, 'm.herrerav@yahoo.com', 'Madre', 'MAURICIO', 'MANUEL', NULL, 'HERRERA', 'VERA', 986941793, 959514941, 'm.herrerav@yahoo.com', 'Padre'),
(25, '2018-09-27 21:53:53', '2018-09-27 21:53:53', 800000, 0, 1, 1, 0, 0, NULL, 5, 2, 1, 1, 'Propietario', 'Madre', 'Fonasa', 1, 'no', 'no consume', 0, 'a la palta', NULL, 'A+', 214, 2, 'KATHERINE', 'GISSELLE', NULL, 'QUIROZ', 'GONZALEZ', NULL, 973240556, 'katherine.quiroz@bci.cl', 'Madre', 'marion', NULL, NULL, 'gonzalez', 'garcia', NULL, 982704390, NULL, 'Abuelo/Abuela'),
(26, '2018-09-27 21:54:10', '2018-09-27 21:54:10', 450000, 1, 1, 0, 0, 0, NULL, 5, 3, 3, 0, 'Allegado', 'Hermano/Hermana', 'Fonasa', 0, 'Ninguna', 'Ninguno', 0, 'A nada', NULL, 'A+', 77, 1, 'PAOLA', 'ANDREA', NULL, 'SEPULVEDA', 'TORRES', NULL, 948744534, 'siemprelamisma1@hotmail.com', 'Madre', NULL, NULL, NULL, NULL, NULL, NULL, NULL, NULL, 'Padre'),
(27, '2018-09-27 21:54:36', '2018-09-27 21:54:36', 1300000, 1, 1, 0, 0, 0, NULL, 4, 1, 2, 0, 'Arrendatario', 'Padre', 'Fonasa', 0, NULL, NULL, 0, NULL, NULL, 'A+', 35, 2, 'EDINSON', 'ANDRÉS', NULL, 'GATICA', 'HERNÁNDEZ', NULL, 987596034, 'edinsongatica@hotmail.com', 'Padre', 'Alejandra', 'Andrea', NULL, 'Ulloa', 'Parra', NULL, 973717976, 'alejandraandreulloaparra@gmail.com', 'Madre'),
(28, '2018-09-27 22:01:22', '2018-09-27 22:01:22', 350000, 0, 1, 0, 0, 0, 'Vive con la madre y hermana', 3, 1, 2, 0, 'Arrendatario', 'Madre', 'Fonasa', 0, 'No', 'No', 0, 'No', 'Buena', 'A+', 112, 1, 'ALEJANDRA', 'SOLEDAD', NULL, 'SOTO', 'PACHECO', NULL, 948620009, 'alejandra_sp@hotmail.es', 'Madre', NULL, NULL, NULL, NULL, NULL, NULL, NULL, NULL, 'Padre'),
(29, '2018-09-27 22:09:50', '2018-09-27 22:09:50', 600000, 1, 1, 0, 0, 0, NULL, 4, 1, 1, 0, 'Propietario', 'Madre', 'Fonasa', 0, 'NO TIENE', 'NINGUNO', 0, 'ALGUNAS PICADURAS DE INSECTOS', NULL, 'O+', 110, 2, 'KATHERINNE', 'PAOLA', NULL, 'CISTERNA', 'ESPEJO', 228592789, 946707543, 'katty.88.25@gmail.com', 'Madre', 'ELIAS', 'EDWARD', NULL, 'CARRASCO', 'MACHUCA', 228592789, 991474089, 'elias.83.25@gmail.com', 'Padre'),
(30, '2018-09-27 22:11:55', '2018-09-27 22:11:55', 440000, 0, 1, 0, 0, 0, NULL, 3, 2, 1, 2, 'Usufructuario', 'Madre', 'Isapre', 0, 'asma', 'montelucast, flixotide y desloratadina', 0, 'huevo', NULL, 'O+', 22, 1, 'EMANUEL', 'SALOMON', NULL, 'ESCOBAR', 'LAVIN', NULL, 972133822, 'emanuel.escobar.lavin@gmail.com', 'Padre', NULL, NULL, NULL, NULL, NULL, NULL, NULL, NULL, 'Padre'),
(31, '2018-09-27 22:14:46', '2018-10-27 03:40:04', 440000, 0, 1, 0, 0, 0, NULL, 3, 1, 2, 2, 'Usufructuario', 'Madre', 'Isapre', 0, NULL, NULL, 0, NULL, NULL, 'O+', 25, 1, 'EMANUEL', 'SALOMON', NULL, 'ESCOBAR', 'LAVIN', NULL, 972133822, 'emanuel.escobar.lavin@gmail.com', 'Padre', NULL, NULL, NULL, NULL, NULL, NULL, NULL, NULL, 'Padre'),
(32, '2018-09-27 22:20:28', '2018-09-27 22:20:28', 800000, 1, 1, 1, 0, 0, NULL, 5, 3, 3, 1, 'Allegado', 'Madre', 'Isapre', 1, 'Quiste en cerebro ,en estudio.  Obesidad', 'Ninguno', 0, 'Nada', 'No', 'A+', 68, 2, 'Alejandro', 'Raimundo', NULL, 'Sanchez', 'Rojas', NULL, 979982947, 'angelica.rojas@mamutchile.cl', 'Padre', 'ANGELICA', 'DEL CARMEN', NULL, 'ROJAS', 'VIDAL', NULL, 979678936, 'angelica.rojas@mamutchile.cl', 'Madre'),
(33, '2018-09-27 22:35:06', '2018-09-27 22:35:06', 320000, 0, 1, 1, 1, 0, NULL, 6, 1, 2, 0, 'Allegado', 'Madre', 'Fonasa', 0, 'Escoliosis', NULL, 0, NULL, NULL, 'O+', 129, 2, 'Julio', 'Andrés', NULL, 'Fuentes', 'Ordoñez', 228291249, 988394558, 'julio.fuentes@vogt.cl', 'Otro', 'Vanessa', 'Trinidad', NULL, 'Bravo', 'Gonzalez', NULL, 952024880, 'vanessa.bravog@utem.cl', 'Hermano/Hermana'),
(34, '2018-09-27 22:46:20', '2018-09-27 22:46:20', 600, 1, 1, 0, 0, 0, NULL, 5, 2, 2, 1, 'Propietario', 'Madre', 'Fonasa', 0, NULL, NULL, 0, NULL, NULL, 'O-', 18, 2, 'CHERIE', 'JOCELYN', NULL, 'VASQUEZ', 'GONZALEZ', 232474266, 984465348, 'cherie-16@live.com', 'Madre', 'Marjorie', 'Maryerlin', NULL, 'Vasquez', 'Gozalez', 232474266, 990743987, NULL, 'Tío/Tía'),
(35, '2018-09-27 23:03:30', '2018-09-27 23:03:30', 500000, 1, 1, 0, 0, 1, NULL, 4, 1, 1, 0, 'Propietario', 'Padre', 'Fonasa', 1, NULL, NULL, 1, 'A la primavera', NULL, 'O-', 157, 2, 'ROSA', 'DEL CARMEN', NULL, 'IBARRA', 'DELGADO', NULL, 971557425, 'rosaibarra.d99@gmail.com', 'Madre', 'Juan', 'Andres', NULL, 'Ruiz', 'Vera', NULL, 956182765, NULL, 'Padre'),
(36, '2018-09-27 23:12:27', '2018-09-27 23:12:27', 300000, 1, 1, 0, 0, 1, NULL, 4, 1, 2, 1, 'Propietario', 'Hermano/Hermana', 'Fonasa', 0, NULL, NULL, 0, NULL, NULL, 'O+', 215, 1, 'Brenda', 'Karina', NULL, 'Yañez', 'Gonzalez', 225617832, 957556635, 'Byanez@portillo.cl', 'Tío/Tía', NULL, NULL, NULL, NULL, NULL, NULL, NULL, NULL, 'Padre'),
(37, '2018-09-27 23:40:31', '2018-09-27 23:40:31', 220000, 0, 1, 0, 0, 0, NULL, 3, 1, 1, 0, 'Allegado', 'Madre', 'Fonasa', 0, NULL, NULL, 0, NULL, NULL, 'O+', 105, 2, 'MARTA', 'JACQUELINE', NULL, 'REYES', 'CASTILLO', 225271517, 964747072, 'jaquer430@gmail.com', 'Madre', 'juan', 'carlos', NULL, 'cariman', 'coroso', NULL, 982104563, NULL, 'Padre'),
(38, '2018-09-27 23:56:45', '2018-09-27 23:56:45', 350, 1, 1, 0, 0, 1, NULL, 4, 1, 2, 0, 'Propietario', 'Madre', 'Fonasa', 0, 'Nada', 'Ninguno', 1, 'Picadas de insectos', 'Alergia al polvo y picadas de insectos', 'A+', 166, 2, 'ROSA', 'VIRGINIA', NULL, 'GUZMÁN', 'NEIRA', 225364737, 998070021, 'jael.araneda0632@gmail.com', 'Madre', 'Pedro', 'Antonio', NULL, 'Araneda', 'Campos', 225364737, 998070021, NULL, 'Padre'),
(39, '2018-09-27 23:58:07', '2018-09-27 23:58:07', 500000, 1, 1, 1, 1, 0, NULL, 4, 1, 1, 0, 'Allegado', 'Madre', 'Fonasa', 0, NULL, NULL, 0, NULL, NULL, 'A+', 118, 2, 'ROSA', 'ELIANA', NULL, 'COSTANZO', 'IRRIBARRA', 232349319, 932324219, NULL, 'Abuelo/Abuela', 'CAROLINA', 'JOHANNA', NULL, 'PINO', 'MARTINEZ', NULL, 995633590, 'CAROLINAJPM@GMAIL.COM', 'Otro'),
(40, '2018-09-27 23:59:03', '2018-09-27 23:59:03', 1, 0, 1, 0, 0, 0, 'Madre', 4, 1, 1, 0, 'Arrendatario', 'Amigo/Amiga', 'Fonasa', 0, NULL, NULL, 1, 'a todo lo que tenga colorante,enbutidos, queso', NULL, 'AB+', 189, 2, 'KARLA', 'EUGENIA', NULL, 'GOYCOLEA', 'ZUÑIGA', 229661886, 974657976, 'karla.goycolea@ips.gob.cl', 'Madre', 'Carlos', 'Enrique', NULL, 'Goycolea', 'Retamales', 225014072, 956280509, NULL, 'Abuelo/Abuela'),
(41, '2018-09-28 00:15:58', '2018-09-28 00:15:58', 500000, 1, 1, 0, 0, 0, NULL, 5, 2, 1, 0, 'Allegado', 'Madre', 'Fonasa', 0, NULL, NULL, 0, NULL, NULL, 'O+', 90, 2, 'ANGELA', 'MARISOL', NULL, 'LOPEZ', 'GONZALEZ', NULL, 950011892, 'angelalopez1983@gmail.com', 'Madre', 'ANGELA', 'MARISOL', NULL, 'LOPEZ', 'GONZALEZ', NULL, 950011892, 'angelalopez1983@gmail.com', 'Madre'),
(42, '2018-09-28 00:23:58', '2018-09-28 00:23:58', 800, 1, 1, 0, 0, 0, NULL, 2, 1, 2, 0, 'Propietario', 'Padre', 'Isapre', 0, 'No', NULL, 0, NULL, NULL, 'O+', 72, 2, 'MARCIA', 'ANGELICA', NULL, 'OLATE', 'VERGARA', 993279555, 993276220, 'marcia.olate315@gmail.com', 'Madre', 'Hernaldo', 'Hernan', NULL, 'Varela', 'Moreno', NULL, 993279555, 'hernan.moreno198@gmail.com', 'Padre'),
(43, '2018-09-28 00:37:32', '2018-09-28 00:37:32', 400000, 1, 1, 0, 0, 0, NULL, 3, 0, 4, 0, 'Propietario', 'Padre', 'Fonasa', 0, 'Alergia', 'Analgésico y antialergico', 1, 'Picaduras de insecto', 'Picaduras de insectos', 'A+', 78, 2, 'ENA', 'VIVIAN', NULL, 'DELSO', 'RETAMAL', 962052439, 962052439, 'marcosgomez.a7@gmail.com', 'Madre', 'Marcos', 'Antonio', NULL, 'Gomez', 'Alegría', 962052439, 962052439, 'marcosgomez.a7@gmail.com', 'Padre'),
(44, '2018-09-28 00:44:18', '2018-09-28 00:44:18', 1, 0, 1, 0, 0, 0, NULL, 4, 3, 3, 0, 'Arrendatario', 'Hermano/Hermana', 'Fonasa', 0, 'ninguna', 'ninguno', 0, 'nada', NULL, 'A+', 127, 2, 'EVELIN', 'NOELIA', NULL, 'GRANDON', 'MACHACAN', NULL, 946178617, 'noelia.grandon@hotmail.com', 'Madre', 'ivan', 'eugenio', NULL, 'lavandero', 'diaz', NULL, 962057502, 'lavanderodiaz@gmail.com', 'Padre'),
(45, '2018-09-28 00:44:22', '2018-09-28 00:44:22', 800, 0, 1, 0, 0, 0, NULL, 3, 0, 0, 0, 'Allegado', 'Madre', 'Fonasa', 0, NULL, NULL, 0, NULL, NULL, 'A+', 6, 2, 'AHSLEY', 'STEPHANIE', NULL, 'MARCHANT', 'BUSTOS', NULL, 989097602, 'ahsley.stephanie@gmail.com', 'Madre', 'Jasmin', 'Dayan', NULL, 'Marchant', 'Bustos', NULL, 962173942, NULL, 'Tío/Tía'),
(46, '2018-09-28 00:58:32', '2018-09-28 00:58:32', 240, 0, 0, 0, 0, 0, NULL, 3, 1, 3, 0, 'Propietario', 'Madre', 'Fonasa', 0, NULL, NULL, 0, NULL, NULL, 'B+', 279, 2, 'ELUDUVINA', 'DEL CARMEN', NULL, 'FERNANDEZ', 'HIDALGO', NULL, 988384510, 'carmencitafernandez569@gmail.com', 'Madre', 'Carlos', 'Andres', NULL, 'Lazcano', 'Fernandez', NULL, 998373004, 'carloslazcanofernandez0220@gmail.com', 'Hermano/Hermana'),
(47, '2018-09-28 01:12:45', '2018-09-28 01:12:45', 500000, 1, 1, 0, 0, 0, NULL, 3, 0, 0, 0, 'Arrendatario', 'Madre', 'Fonasa', 0, NULL, NULL, 0, 'chocolate', NULL, 'O-', 115, 2, 'LILIANA', 'SOLEDAD', NULL, 'SOTO', 'NAUTO', 225270693, 984329866, 'lily.soto.nauto@gmail.com', 'Madre', 'Cristian', 'Esteban', NULL, 'Inostroza', 'Gamboa', NULL, 962279486, 'cristian.inostroza.ian@gmail.com', 'Padre'),
(48, '2018-09-28 01:52:29', '2018-09-28 01:52:29', 400000, 0, 1, 0, 0, 0, NULL, 5, 2, 1, 0, 'Propietario', 'Madre', 'Isapre', 0, 'renitis', 'ninguno', 1, 'a la primavera', 'no hay', 'O+', 209, 1, 'tatiana', 'tatiana', 'tatiana', 'olave chacon', 'olave chacon', NULL, 989626905, 'tantatianaolave@gmail.com', 'Madre', NULL, NULL, NULL, NULL, NULL, NULL, NULL, NULL, 'Padre'),
(49, '2018-09-28 02:06:29', '2018-09-28 02:06:29', 600, 1, 1, 0, 0, 0, NULL, 4, 1, 2, 0, 'Propietario', 'Hermano/Hermana', 'Fonasa', 0, 'NO', 'NO', 0, 'NO', NULL, 'O+', 140, 1, 'LUIS', 'KEVIN', NULL, 'CRUZ', 'FLORES', NULL, 996114041, NULL, 'Hermano/Hermana', NULL, NULL, NULL, NULL, NULL, NULL, NULL, NULL, 'Padre'),
(50, '2018-09-28 02:31:02', '2018-09-28 02:31:02', 330000, 0, 1, 0, 0, 0, NULL, 5, 1, 1, 0, 'Allegado', 'Madre', 'Fonasa', 0, NULL, NULL, 0, NULL, NULL, 'O+', 95, 2, 'KATHERINE', 'DANITZA', NULL, 'COLLADO', 'TAPIA', 232884000, 976373050, 'katherinecolladotapia@gmail.com', 'Madre', 'hilda', 'rosa', NULL, 'tapia', 'cortes', 232884000, 963000734, 'htapiacortes@hotmail.com', 'Abuelo/Abuela'),
(51, '2018-09-28 02:44:38', '2018-09-28 02:44:38', 600000, 1, 1, 0, 0, 0, NULL, 5, 1, 3, 0, 'Propietario', 'Padre', 'Fonasa', 0, NULL, NULL, 0, NULL, NULL, 'O+', 79, 2, 'CARLOS', 'ROBERTO', NULL, 'LORCA', 'PARADA', 227244774, 984685129, 'carlosroberto_lorca@hotmail.com', 'Padre', 'CECILIA', 'DEL CARMEN', NULL, 'CRUZ', 'VALENZUELA', 227244774, 984685129, NULL, 'Madre'),
(52, '2018-09-28 02:56:58', '2018-09-29 12:47:01', 700000, 1, 1, 0, 0, 0, NULL, 4, 1, 2, 1, 'Propietario', 'Madre', 'Isapre', 0, NULL, NULL, 0, NULL, NULL, 'O+', 255, 2, 'SANDRA', 'DANIELA', NULL, 'AHUMADA', 'ESCOBAR', NULL, 978628633, 'mdsc73@gmail.com', 'Madre', 'PASCAL', 'SOFIA', NULL, 'SOTO', 'AHUMADA', NULL, 978628633, 'mdsc73@gmail.com', 'Padre'),
(53, '2018-09-28 03:02:17', '2018-09-28 03:02:17', 400000, 1, 1, 1, 0, 0, NULL, 6, 2, 2, 0, 'Allegado', 'Madre', 'Fonasa', 0, NULL, NULL, 0, NULL, NULL, 'A+', 139, 1, 'Julio', 'Segundo', NULL, 'Guerra', 'Guerrero', 228668584, 965375253, NULL, 'Padre', NULL, NULL, NULL, NULL, NULL, NULL, NULL, NULL, 'Padre'),
(54, '2018-09-28 03:15:45', '2018-09-28 03:15:45', 270, 0, 1, 0, 0, 0, NULL, 3, 1, 2, 0, 'Arrendatario', 'Madre', 'Fonasa', 1, NULL, NULL, 0, NULL, NULL, 'O+', 98, 1, 'LUZ', 'YOHANA', NULL, 'QUEZADA', 'NAVARRETE', NULL, 999796535, 'yohanaydc1976@gmail.com', 'Madre', NULL, NULL, NULL, NULL, NULL, NULL, NULL, NULL, 'Padre'),
(55, '2018-09-28 03:16:39', '2018-09-28 03:16:39', 600, 1, 1, 0, 0, 0, NULL, 5, 2, 3, 1, 'Propietario', 'Hermano/Hermana', 'Fonasa', 0, NULL, NULL, 0, NULL, 'Buena', 'A+', 26, 2, 'Andrea', 'Elizabeth', NULL, 'Pimienta', 'Díaz', NULL, 940892525, 'jordanx.killer.360@gmail.com', 'Tío/Tía', 'Juan', 'Enrique', NULL, 'Torres', 'Escobar', 224718619, 947058694, 'jordanx.killer.360@gmail.com', 'Padre'),
(56, '2018-09-28 03:19:36', '2018-09-28 03:19:36', 300, 0, 1, 0, 0, 0, NULL, 2, 0, 0, 0, 'Allegado', 'Madre', 'Fonasa', 0, NULL, NULL, 0, NULL, NULL, 'A+', 192, 2, 'MARGARITA', 'CAROLINA', NULL, 'MORALES', 'ARENAS', NULL, 982157203, 'margaritacarolina.mm@gmail.com', 'Madre', 'Pilar', 'Del carmen', NULL, 'Arenas', 'Azocar', NULL, 975202717, NULL, 'Abuelo/Abuela'),
(57, '2018-09-28 03:24:14', '2018-09-28 03:24:14', 600000, 1, 1, 0, 0, 1, NULL, 4, 1, 1, 0, 'Allegado', 'Padre', 'Fonasa', 1, NULL, NULL, 0, NULL, NULL, 'O+', 93, 2, 'ELIZABETH', 'CRISTINA', NULL, 'SOTO', 'MORENO', NULL, 966161108, 'elytha.soto.m@gmail.com', 'Madre', 'EXEQUIEL', 'ELIAS', NULL, 'RIQUELME', 'CANIO', NULL, 940025565, 'exequiel.r.c.28@gmail.com', 'Padre'),
(58, '2018-09-28 03:30:15', '2018-09-28 03:30:15', 260000, 0, 1, 0, 0, 1, NULL, 4, 2, 2, 0, 'Arrendatario', 'Otro', 'Fonasa', 0, NULL, NULL, 0, NULL, NULL, 'A+', 67, 2, 'RUTH', 'CAROLINA', NULL, 'DONOSO', 'DONOSO', 225160850, 995853731, 'r.caroladonoso@gmail.com', 'Madre', 'Margarita', 'Mercedes', NULL, 'Donoso', 'Huinca', 225160850, 962917626, NULL, 'Abuelo/Abuela'),
(59, '2018-09-28 03:41:05', '2018-09-28 03:41:05', 700, 0, 1, 0, 0, 1, NULL, 5, 2, 1, 0, 'Arrendatario', 'Amigo/Amiga', 'Fonasa', 0, 'ninguna', 'ninguna', 0, 'nada', NULL, 'O+', 150, 1, 'YESSENIA', 'ALEJANDRINA', NULL, 'OLCAY', 'VALDEBENITO', 225584311, 997592252, 'yessenia_cosita@hotmail.com', 'Madre', NULL, NULL, NULL, NULL, NULL, NULL, NULL, NULL, 'Padre'),
(60, '2018-09-28 03:51:53', '2018-09-28 03:51:53', 550000, 0, 1, 0, 0, 0, NULL, 4, 2, 2, 1, 'Arrendatario', 'Hermano/Hermana', 'Fonasa', 1, NULL, NULL, 0, NULL, NULL, 'B+', 200, 2, 'JENNY', 'MARISOL', NULL, 'PEÑAILILLO', 'MALDONADO', NULL, 968994210, 'jenny.penailillo@gmail.com', 'Madre', 'Hugo', NULL, NULL, 'Painemal', 'Agurto', NULL, 988892575, NULL, 'Padre'),
(61, '2018-09-28 03:52:59', '2018-09-28 03:52:59', 700000, 1, 1, 0, 0, 0, NULL, 4, 2, 2, 1, 'Arrendatario', 'Hermano/Hermana', 'Fonasa', 0, NULL, NULL, 0, NULL, NULL, 'AB+', 73, 2, 'IVETTE', 'KARINA', NULL, 'PELDOZA', 'AGUAYO', NULL, 976049073, 'ivettepeldoza@hotmail.com', 'Madre', 'Carlos', 'Edison', NULL, 'Segura', 'Contreras', NULL, 934847995, NULL, 'Padre'),
(62, '2018-09-28 04:18:19', '2018-09-28 04:18:19', 400000, 1, 1, 0, 0, 0, NULL, 4, 1, 3, 0, 'Arrendatario', 'Madre', 'Fonasa', 0, NULL, NULL, 0, NULL, NULL, 'O-', 19, 2, 'VICTOR', 'DAVID', NULL, 'COSIO', 'COSIO', NULL, 974774787, 'perezarteagamariadelosangeles@gmail.com', 'Padre', 'Ediht', 'Ximena', NULL, 'Arteaga', 'Palma', NULL, 993031084, NULL, 'Abuelo/Abuela'),
(63, '2018-09-28 04:27:01', '2018-09-29 12:41:59', 200000, 0, 1, 1, 0, 0, NULL, 4, 1, 2, 0, 'Allegado', 'Madre', 'Fonasa', 0, NULL, NULL, 0, NULL, NULL, 'A+', 11, 2, 'JOCELIN', 'ANDREA', NULL, 'ALBORNOZ', 'CORREA', 226157145, 997167526, 'alremo24@gmail.com', 'Madre', 'NO TIENE', 'NO TIENE', 'NO TIENE', 'NO TIENE', 'NO TIENE', NULL, 123123123, NULL, 'Padre'),
(64, '2018-09-28 04:28:10', '2018-09-28 04:28:10', 350000, 1, 1, 0, 0, 0, NULL, 6, 3, 4, 0, 'Allegado', 'Hermano/Hermana', 'Fonasa', 0, NULL, NULL, 0, NULL, NULL, 'A+', 100, 1, 'JOVITA', 'ENRIQUETA', NULL, 'GALLARDO', 'QUIDULEF', NULL, 984890412, 'paulinda_06@hotmail.com', 'Madre', NULL, NULL, NULL, NULL, NULL, NULL, NULL, NULL, 'Padre'),
(65, '2018-09-28 04:28:33', '2018-09-28 04:28:33', 350, 1, 1, 0, 0, 0, NULL, 4, 3, 1, 0, 'Propietario', 'Madre', 'Fonasa', 0, NULL, NULL, 0, NULL, NULL, 'O+', 176, 2, 'LUIS', 'ALBERTO', NULL, 'MILLAN', 'VARGAS', NULL, 945844076, 'luismillanvargas@gmail.com', 'Padre', 'Evelid', 'Magdalena', NULL, 'Salvo', 'Ayancan', NULL, 948974384, 'evelid.salvo@gmail.com', 'Madre'),
(66, '2018-09-28 04:31:04', '2018-09-28 04:31:04', 200, 0, 1, 0, 0, 0, NULL, 2, 1, 2, 0, 'Propietario', 'Madre', 'Fonasa', 0, NULL, 'Ceterizina', 1, 'Atopico', NULL, 'A+', 142, 1, 'Rodrigo', 'Alberto', NULL, 'Valenzuela', 'Martinez', NULL, 990922674, NULL, 'Padre', NULL, NULL, NULL, NULL, NULL, NULL, NULL, NULL, 'Padre'),
(67, '2018-09-28 04:34:46', '2018-09-28 04:34:46', 200000, 0, 1, 1, 0, 0, NULL, 4, 1, 1, 0, 'Allegado', 'Madre', 'Fonasa', 0, NULL, NULL, 0, NULL, NULL, 'O+', 15, 2, 'JOCELIN', 'ANDREA', NULL, 'ALBORNOZ', 'CORREA', 226157145, 997167526, 'alremo24@gmail.com', 'Madre', 'aldo', 'antonio', NULL, 'reyes', 'morales', NULL, 977681332, NULL, 'Padre'),
(68, '2018-09-28 04:42:29', '2018-09-28 04:42:29', 280000, 1, 1, 0, 0, 0, NULL, 4, 1, 2, 9, 'Allegado', 'Madre', 'Fonasa', 0, 'ASMA,RINITIS', NULL, 1, 'NO', NULL, 'A+', 14, 2, 'Paola', 'Jeanette', NULL, 'Celis', 'Mella', NULL, 990446123, 'mardanjan@hotmail.com', 'Tío/Tía', 'Patricio', 'Ignacio', NULL, 'Ortiz', 'Celiz', NULL, 966765883, 'patriciobulla@gmail.com', 'Hermano/Hermana'),
(69, '2018-09-28 04:48:55', '2018-09-28 04:48:55', 1000000, 1, 1, 0, 0, 1, NULL, 4, 2, 2, 0, 'Arrendatario', 'Madre', 'Fonasa', 1, 'sin enfermedades diagnosticadas', 'ninguno', 0, 'picadas de mosquitos', NULL, 'O+', 74, 1, 'Eugenia', 'Del Rosario', NULL, 'Godoy', 'Tapia', NULL, 974278312, 'kennygodoy@gmail.com', 'Madre', NULL, NULL, NULL, NULL, NULL, NULL, NULL, NULL, 'Padre'),
(70, '2018-09-28 04:53:08', '2018-09-28 04:53:08', 600000, 1, 1, 0, 0, 0, NULL, 4, 1, 2, 0, 'Allegado', 'Madre', 'Fonasa', 1, 'Ninguna', 'Nada', 0, 'No', 'Deportista', 'A+', 149, 2, 'ALEJANDRA', 'JACQUELINE', NULL, 'FLORES', 'SEPULVEDA', 228716748, 995606299, 'zamirgonzalezflores@gmail.com', 'Madre', 'Jaime', 'Nolberto', NULL, 'González', 'Cárdenas', NULL, 965343456, NULL, 'Padre'),
(71, '2018-09-28 04:55:59', '2018-09-28 04:55:59', 220, 0, 1, 0, 0, 0, NULL, 2, 0, 2, 0, 'Allegado', 'Madre', 'Fonasa', 0, NULL, NULL, 0, NULL, NULL, 'AB+', 138, 0, NULL, NULL, NULL, NULL, NULL, NULL, NULL, NULL, 'Padre', NULL, NULL, NULL, NULL, NULL, NULL, NULL, NULL, 'Padre'),
(72, '2018-09-28 04:57:50', '2018-09-28 04:57:50', 650000, 1, 1, 0, 0, 0, NULL, 5, 1, 2, 0, 'Arrendatario', 'Madre', 'Fonasa', 1, 'No', 'Ninguno', 0, 'Nada', NULL, 'AB-', 212, 2, 'RICARDO', 'HUMBERTO', NULL, 'QUEZADA', 'MOYA', 225169267, 947704866, 'quezadafamilia41@gmail.com', 'Padre', 'Maria', 'Alicia', NULL, 'Moya', 'Pino', 225169267, 988371857, NULL, 'Abuelo/Abuela'),
(73, '2018-09-28 05:02:52', '2018-09-28 05:02:52', 500, 1, 1, 0, 0, 0, NULL, 5, 2, 1, 0, 'Propietario', 'Madre', 'Fonasa', 0, NULL, NULL, 0, NULL, NULL, 'O+', 213, 0, NULL, NULL, NULL, NULL, NULL, NULL, NULL, NULL, 'Padre', NULL, NULL, NULL, NULL, NULL, NULL, NULL, NULL, 'Padre'),
(74, '2018-09-28 05:14:08', '2018-09-28 05:14:08', 275000, 1, 1, 0, 0, 0, NULL, 3, 0, 0, 0, 'Arrendatario', 'Madre', 'Fonasa', 0, 'estravismo leve', NULL, 0, NULL, NULL, 'A+', 174, 1, 'cynthia', 'paola', NULL, 'ovando', 'arcos', NULL, 991076200, NULL, 'Abuelo/Abuela', NULL, NULL, NULL, NULL, NULL, NULL, NULL, NULL, 'Padre'),
(75, '2018-09-28 05:31:21', '2018-09-28 05:31:21', 200000, 0, 1, 1, 0, 1, NULL, 4, 1, 1, 0, 'Allegado', 'Otro', 'Fonasa', 0, NULL, NULL, 0, NULL, NULL, 'AB+', 30, 2, 'CRISTINA', 'MARCELA', NULL, 'OLIVARES', 'PALMA', 225275403, 986473890, 'cmolivarplalma@gmail.com', 'Madre', 'Cristina', 'Rosa', NULL, 'Palma', 'Leiva', NULL, 984250015, NULL, 'Abuelo/Abuela'),
(76, '2018-09-28 06:16:44', '2018-09-28 06:16:44', 700000, 1, 0, 0, 0, 0, NULL, 4, 1, 2, 0, 'Arrendatario', 'Madre', 'Fonasa', 0, 'No', 'Ninguno', 0, 'Nada', 'Nada', 'A+', 194, 2, 'Jair', 'Kavir', 'Nehitan', 'Torres', 'Paillaman', NULL, 957765489, 'paillamano@outlook.com', 'Hermano/Hermana', 'Ada', 'Soledad', NULL, 'Paillaman', 'Cordova', NULL, 991511801, NULL, 'Tío/Tía'),
(77, '2018-09-28 06:53:00', '2018-09-28 06:53:00', 15000, 0, 1, 0, 0, 0, NULL, 3, 2, 2, 0, 'Arrendatario', 'Hermano/Hermana', 'Fonasa', 0, 'no', NULL, 0, 'a nada', NULL, 'O-', 197, 1, 'leticia', NULL, NULL, 'bustios', 'gonzalez', NULL, 936522532, NULL, 'Hermano/Hermana', NULL, NULL, NULL, NULL, NULL, NULL, NULL, NULL, 'Padre'),
(78, '2018-09-28 13:47:31', '2018-09-28 13:47:31', 210000, 0, 1, 0, 0, 0, NULL, 3, 1, 1, 0, 'Propietario', 'Madre', 'Fonasa', 0, NULL, NULL, 0, NULL, 'UTILIZA LENTES POR MIOPIA Y ASTIGMATISMO', 'A+', 151, 2, 'ROXANA', 'ANDREA', NULL, 'ALARCON', 'PARRAGUEZ', NULL, 957926543, 'cata.fran3@gmail.com', 'Madre', 'CATHERINE', 'VALERIA', NULL, 'ALARCON', 'PARRAGUEZ', NULL, 995334995, NULL, 'Tío/Tía'),
(79, '2018-09-28 14:19:14', '2018-09-28 14:19:14', 900000, 1, 1, 0, 0, 0, NULL, 4, 1, 1, 0, 'Arrendatario', 'Padre', 'Fonasa', 0, NULL, NULL, 0, NULL, NULL, 'B+', 65, 2, 'PATRICIO', 'ORIÓN', NULL, 'INOSTROZA', 'GARRIDO', NULL, 983864585, 'pato.inostroza@gmail.com', 'Padre', 'Jeny', 'del Pilar', NULL, 'Calderón', 'Fuentes', NULL, 993082689, 'jenycalderon.jc@gmail.com', 'Madre'),
(80, '2018-09-28 15:07:23', '2018-09-28 15:07:23', 350000, 1, 1, 1, 0, 0, NULL, 6, 1, 1, 0, 'Allegado', 'Madre', 'Fonasa', 0, NULL, NULL, 0, NULL, NULL, 'A+', 52, 2, 'CAROLINA', 'ANDREA', NULL, 'BARRERA', 'GALAZ', 225168033, 942750960, 'carolinaandreabarrera@gmail.com', 'Madre', 'Elba', 'Del carmen', NULL, 'Galaz', 'Trejos', 225168033, 942750961, NULL, 'Abuelo/Abuela'),
(81, '2018-09-28 15:13:52', '2018-09-28 15:13:52', 1500000, 1, 1, 0, 0, 0, NULL, 3, 0, 0, 0, 'Propietario', 'Madre', 'Isapre', 0, NULL, NULL, 0, NULL, NULL, 'O+', 148, 2, 'Carolina', 'Lissette', NULL, 'Correa', 'Correa', NULL, 971543234, NULL, 'Madre', 'CRISTIAN', 'EDUARDO', NULL, 'LAGOS', 'MONTOYA', 224336003, 963208514, 'clagosmontoya@gmail.com', 'Padre'),
(82, '2018-09-28 15:24:19', '2018-09-28 15:24:19', 700000, 0, 1, 0, 0, 0, NULL, 3, 1, 2, 0, 'Arrendatario', 'Madre', 'Fonasa', 0, 'ninguna', 'ninguno', 0, 'nada', NULL, 'O+', 199, 0, NULL, NULL, NULL, NULL, NULL, NULL, NULL, NULL, 'Padre', NULL, NULL, NULL, NULL, NULL, NULL, NULL, NULL, 'Padre'),
(83, '2018-09-28 15:30:29', '2018-09-28 15:30:29', 150000, 0, 1, 0, 0, 0, NULL, 5, 1, 4, 0, 'Allegado', 'Madre', 'Fonasa', 0, NULL, NULL, 0, NULL, NULL, 'O+', 173, 2, 'VERÓNICA', 'DEL CARMEN', NULL, 'CANALES', 'SANDOVAL', NULL, 978175728, 'cnavarrete@py.cl', 'Madre', 'Héctor', 'Avelino', NULL, 'Acevedo', 'Abarca', NULL, 930181313, 'hacevedo165@gmail.com', 'Padre'),
(84, '2018-09-28 15:31:40', '2018-09-28 15:31:40', 300000, 0, 1, 0, 0, 0, NULL, 6, 0, 0, 0, 'Allegado', 'Madre', 'Fonasa', 0, NULL, NULL, 0, NULL, NULL, 'A+', 256, 2, 'BETZABE', 'ALEJANDRA', NULL, 'MÁRQUEZ', 'CARRASCO', 225589950, 947089580, 'betzaandgrace@gmail.com', 'Madre', 'William', 'Esteban', NULL, 'Lara', 'Delgado', NULL, 959729346, NULL, 'Padre'),
(85, '2018-09-28 15:31:45', '2018-09-28 15:31:45', 100000, 1, 1, 0, 0, 0, NULL, 4, 2, 3, 0, 'Allegado', 'Hermano/Hermana', 'Fonasa', 0, 'enler danlos', NULL, 0, NULL, 'asmatico', 'A+', 141, 2, 'manuel', 'francisco', NULL, 'muñoz', 'flores', NULL, 948050950, NULL, 'Padre', 'LUZ', 'MARIA', 'DELAS NIEVES', 'URRUTIA', 'PENROZ', NULL, 952610879, 'brianprogamer615@gmail.com', 'Madre'),
(86, '2018-09-28 16:14:14', '2018-09-28 16:14:14', 400000, 1, 1, 0, 0, 0, NULL, 4, 1, 2, 1, 'Propietario', 'Madre', 'Fonasa', 0, NULL, NULL, 0, NULL, NULL, 'A+', 226, 2, 'MYRIAN', 'CAROL', NULL, 'NUÑEZ', 'GUTIERREZ', NULL, 971914446, 'myriancarol@hotmail.com', 'Madre', 'Patricio', 'Emiliano', NULL, 'Monroy', 'Nuñex', NULL, 967297677, NULL, 'Padre'),
(87, '2018-09-28 16:18:14', '2018-09-28 16:18:14', 400, 1, 1, 0, 0, 0, NULL, 5, 2, 3, 2, 'Propietario', 'Madre', 'Fonasa', 0, NULL, NULL, 0, NULL, NULL, 'A+', 7, 1, 'PAOLA', 'ANAHI', NULL, 'ORTIZ', 'LEIVA', 225582199, 999883220, 'polyarte@live.cl', 'Madre', NULL, NULL, NULL, NULL, NULL, NULL, NULL, NULL, 'Padre'),
(88, '2018-09-28 17:07:58', '2018-09-28 17:07:58', 600, 0, 1, 0, 0, 0, NULL, 4, 0, 4, 0, 'Allegado', 'Madre', 'Fonasa', 1, NULL, NULL, 1, 'Alergia estacional', NULL, 'AB+', 102, 1, 'Mario', 'Antonio', NULL, 'Saavedra', 'Morales', 225073062, 991856532, NULL, 'Abuelo/Abuela', NULL, NULL, NULL, NULL, NULL, NULL, NULL, NULL, 'Padre'),
(89, '2018-09-28 17:18:36', '2018-09-28 17:18:36', 300, 0, 1, 1, 1, 1, NULL, 10, 5, 1, 0, 'Allegado', 'Madre', 'Fonasa', 0, 'Ninguna', 'Paracetamol', 0, 'Ibuprofeno', NULL, 'A+', 124, 1, 'Marjorie', 'Mireya', NULL, 'Torres', 'Moreno', 225128328, 941597749, NULL, 'Tío/Tía', NULL, NULL, NULL, NULL, NULL, NULL, NULL, NULL, 'Padre'),
(90, '2018-09-28 17:41:01', '2018-09-28 17:41:01', 550000, 1, 1, 0, 0, 0, NULL, 4, 1, 1, 0, 'Propietario', 'Otro', 'Isapre', 1, NULL, NULL, 1, 'Amoxicilina', NULL, 'A+', 179, 2, 'Marisol', 'De las nieves', NULL, 'Leiva', 'Alfaro', NULL, 969098965, NULL, 'Madre', 'OSCAR', 'EDUARDO', NULL, 'MUÑOZ', 'CORREA', NULL, 987647359, 'munozcorrea05@gmail.com', 'Padre'),
(91, '2018-09-28 17:43:32', '2018-09-28 17:43:32', 220, 0, 0, 1, 0, 0, 'Proceso de divorcio', 5, 0, 3, 0, 'Allegado', 'Tío/Tía', 'Isapre', 0, 'No tiene', 'Ninguno', 0, 'Nada', NULL, 'O+', 133, 2, 'Andrea', 'Del carmen', NULL, 'Perez', 'Herrera', 225274912, 994650270, 'andy.perez.herrera@gmail.com', 'Tío/Tía', 'Andrea', 'Del carmen', NULL, 'Perez', 'Herrra', 225274912, 994650270, 'andy.perez.herrera@gmail.com', 'Padre'),
(92, '2018-09-28 18:13:39', '2018-09-28 18:13:39', 800, 0, 1, 0, 0, 0, NULL, 3, 1, 2, 0, 'Arrendatario', 'Madre', 'Fonasa', 0, 'ninguna', 'ninguno', 0, 'a nada', NULL, 'A+', 280, 2, 'CECILIA', 'ANDREA', NULL, 'ORTIZ', 'AVILA', 229803247, 974287646, 'TERAPIASCECILIAORTIZ@GMAIL.COM', 'Madre', 'Elvira', NULL, NULL, 'Gonzalez', 'Rojas', NULL, 944472668, NULL, 'Tío Abuelo/Tía Abuela'),
(93, '2018-09-28 18:49:57', '2018-09-29 12:30:30', 700, 1, 1, 0, 0, 0, NULL, 5, 3, 2, 1, 'Propietario', 'Madre', 'Fonasa', 1, 'ninguna', 'ninguno', 0, 'amoxicilina', NULL, 'A+', 242, 2, 'PABLITA', 'ANDREA', NULL, 'BARRIGA', 'CANTO', NULL, 982620723, 'cata_seba_pably@hotmail.com', 'Madre', 'CATALINA', 'FRANCISCA', NULL, 'PINEDA', 'BARRIGA', NULL, 982620723, 'cata_seba_pably|@hotmail.com', 'Padre'),
(94, '2018-09-28 19:29:12', '2018-09-28 19:29:12', 450, 1, 1, 0, 0, 0, NULL, 4, 1, 3, 0, 'Allegado', 'Madre', 'Fonasa', 0, 'NINGUNA', 'NINGUNO', 0, 'NADA', NULL, 'A+', 33, 2, 'MANUEL', 'JESUS', NULL, 'ROMERO', 'INOSTROZA', 225276662, 981619441, 'manuel.allman@gmail.com', 'Padre', 'ALEJANDRA', 'ELENA', NULL, 'LOPEZ', 'RODRIGUEZ', 225276662, 985075889, 'JANILOPEZ.CHICHI@GMAIL.COM', 'Madre'),
(95, '2018-09-28 19:33:56', '2018-09-28 19:33:56', 380000, 0, 1, 1, 0, 0, NULL, 4, 0, 2, 0, 'Allegado', 'Madre', 'Isapre', 0, NULL, NULL, 1, 'Picadas de zancudo', NULL, 'O+', 236, 2, 'MIGUEL', 'ANGEL', NULL, 'CIFUENTES', 'SAEZ', NULL, 990395420, 'miguel.cifuentes.saez@gmail.com', 'Padre', 'Paulina', 'Ivette', NULL, 'Ponce', 'Herrera', NULL, 931787887, NULL, 'Madre'),
(96, '2018-09-28 20:09:20', '2018-09-28 20:09:20', 500000, 1, 1, 0, 0, 0, NULL, 5, 2, 3, 2, 'Arrendatario', 'Madre', 'Fonasa', 0, NULL, NULL, 0, NULL, NULL, 'A+', 260, 2, 'ROSA', 'DEL CARMEN', NULL, 'HERRERA', 'CARDENAS', NULL, 990068125, 'rodrigosilva027@gmail.com', 'Madre', 'RODRIGO', 'ALEJANDRO', NULL, 'SILVA', 'HIDALGO', NULL, 952499460, 'rodrigosilva027@gmail.com', 'Padre'),
(97, '2018-09-28 20:34:26', '2018-09-28 20:34:26', 200, 0, 1, 0, 0, 0, NULL, 3, 1, 2, 0, 'Allegado', 'Otro', 'Fonasa', 0, NULL, NULL, 0, 'Penisilina', NULL, 'A+', 137, 1, 'PATRICIO', 'ADRIAN', NULL, 'MARIN', 'FUENTES', NULL, 974141605, NULL, 'Hermano/Hermana', NULL, NULL, NULL, NULL, NULL, NULL, NULL, NULL, 'Padre'),
(98, '2018-09-28 21:19:26', '2018-09-28 21:19:26', 300, 0, 1, 0, 0, 0, NULL, 4, 0, 2, 0, 'Allegado', 'Madre', 'Fonasa', 0, 'asma cronico', 'budesonida', 0, 'metoclopramida', 'buena', 'A+', 158, 2, 'CAROLINA', 'IVONNE', NULL, 'SANCHEZ', 'SAEZ', NULL, 983105161, 'sanchezsaez.carolina@gmail.com', 'Madre', 'karen', 'andrea', NULL, 'sanchez', 'saez', NULL, 996412021, NULL, 'Tío/Tía'),
(99, '2018-09-28 21:21:02', '2018-09-28 21:21:02', 800000, 0, 0, 0, 0, 0, NULL, 4, 1, 2, 0, 'Propietario', 'Madre', 'Fonasa', 0, 'sufre de infecciones urinarias recurrentes', NULL, 0, NULL, NULL, 'O+', 186, 2, 'Luis', 'Isaac', NULL, 'Avila', 'Barrios', NULL, 999501356, 'paredes.marilet1975@gmail.com', 'Padre', 'Maria', 'Ana', NULL, 'Gutierrez', 'Castillo', 225296745, 966395702, NULL, 'Abuelo/Abuela'),
(100, '2018-09-28 21:32:33', '2018-09-28 21:32:33', 300, 1, 1, 0, 0, 1, NULL, 4, 1, 3, 0, 'Propietario', 'Madre', 'Fonasa', 0, NULL, NULL, 0, NULL, NULL, 'No lo sé', 29, 2, 'Clarisa', NULL, NULL, 'Mora', 'Parada', 225434478, 986812513, NULL, 'Abuelo/Abuela', 'Daniela', NULL, NULL, 'Espina', 'Severino', NULL, 931885940, 'danielaespina95@gmail.com', 'Hermano/Hermana'),
(101, '2018-09-28 21:53:06', '2018-09-28 21:53:06', 500000, 1, 1, 1, 0, 0, NULL, 7, 1, 1, 0, 'Allegado', 'Madre', 'Fonasa', 0, NULL, NULL, 0, NULL, NULL, 'B+', 123, 0, NULL, NULL, NULL, NULL, NULL, NULL, NULL, NULL, 'Padre', NULL, NULL, NULL, NULL, NULL, NULL, NULL, NULL, 'Padre'),
(102, '2018-09-28 22:16:06', '2018-09-28 22:16:06', 600000, 0, 0, 0, 0, 1, NULL, 4, 2, 3, 0, 'Allegado', 'Hermano/Hermana', 'Fonasa', 0, NULL, NULL, 0, NULL, NULL, 'No lo sé', 132, 2, 'PAULA', 'ANDREA', NULL, 'RONDON', 'TAPIA', NULL, 950931660, 'paula.rondont@gmail.com', 'Hermano/Hermana', 'rodrigo', 'cristobal', NULL, 'rondon', 'tapia', NULL, 987415492, 'rodrigo.rondon@gmail.com', 'Hermano/Hermana'),
(103, '2018-09-28 22:24:14', '2018-09-28 22:24:14', 410, 1, 1, 1, 1, 0, NULL, 11, 2, 1, 0, 'Allegado', 'Madre', 'Fonasa', 0, 'ninguna', 'metilfelinato de 10mg 2 pastillas despues del desayuno cundo va al colegio', 0, 'no', NULL, 'No lo sé', 54, 1, 'ALLINSON', 'ANDREA', NULL, 'ROZAS', 'LAGOS', 225466914, 958917572, 'confeccionesallys@gmail.com', 'Madre', NULL, NULL, NULL, NULL, NULL, NULL, NULL, NULL, 'Padre'),
(104, '2018-09-28 22:30:30', '2018-09-28 22:30:30', 250, 0, 1, 0, 0, 1, NULL, 7, 2, 1, 0, 'Allegado', 'Hermano/Hermana', 'Fonasa', 0, 'no', 'no', 0, 'no', 'no', 'A+', 48, 1, 'ismael', 'de la cruz', NULL, 'salas', 'oliveros', 223770178, 998284073, NULL, 'Abuelo/Abuela', NULL, NULL, NULL, NULL, NULL, NULL, NULL, NULL, 'Padre'),
(105, '2018-09-28 22:32:22', '2018-09-28 22:32:22', 350000, 0, 1, 0, 0, 1, NULL, 3, 1, 1, 0, 'Propietario', 'Madre', 'Fonasa', 0, NULL, NULL, 0, NULL, NULL, 'No lo sé', 51, 1, 'Eliseo', 'Alexander', NULL, 'Gallardo', 'Campos', NULL, 984808323, NULL, 'Padre', NULL, NULL, NULL, NULL, NULL, NULL, NULL, NULL, 'Padre'),
(106, '2018-09-28 22:36:53', '2018-09-28 22:36:53', 350000, 0, 1, 0, 0, 0, NULL, 3, 1, 2, 0, 'Propietario', 'Madre', 'Fonasa', 0, NULL, NULL, 0, NULL, NULL, 'No lo sé', 55, 1, 'Eliseo', 'Alexander', NULL, 'Gallardo', 'Campos', NULL, 984808323, NULL, 'Padre', NULL, NULL, NULL, NULL, NULL, NULL, NULL, NULL, 'Padre'),
(107, '2018-09-28 23:00:49', '2018-09-28 23:00:49', 400, 1, 1, 0, 0, 0, NULL, 4, 1, 1, 0, 'Allegado', 'Madre', 'Fonasa', 0, NULL, NULL, 0, NULL, NULL, 'No lo sé', 46, 1, 'MARTA', 'MERCEDES', NULL, 'OLIVERA', 'FUENTES', 232475375, 946876518, 'martitaolivera75@gmail.com', 'Madre', NULL, NULL, NULL, NULL, NULL, NULL, NULL, NULL, 'Padre'),
(108, '2018-09-28 23:45:14', '2018-09-28 23:45:14', 400, 0, 0, 0, 0, 0, NULL, 6, 3, 2, 0, 'Allegado', 'Hermano/Hermana', 'Fonasa', 0, 'ninguna', 'ninguno', 0, 'nada', 'espasmos de asma', 'No lo sé', 61, 2, 'MARIA', 'ANGELICA', NULL, 'CHAMORRO', 'SILVA', NULL, 967771535, 'chamorro_mary1998@hotmail.com', 'Madre', 'ricardo', 'ernesto', NULL, 'mac-hale', 'flores', NULL, 977121281, 'mac-haleric@hotmail.com', 'Padre'),
(109, '2018-09-28 23:47:17', '2018-09-28 23:47:17', 800, 0, 1, 0, 0, 0, NULL, 2, 0, 1, 0, 'Propietario', 'Madre', 'Fonasa', 0, 'Ninguna', 'Ninguno', 0, 'No es alérgico', 'Ninguna', 'No lo sé', 34, 1, 'VALERIA', 'ELIZABETH', NULL, 'VALENZUELA', 'HENRIQUEZ', 225583502, 957336119, 'cestarosaparvulo@gmail.com', 'Madre', NULL, NULL, NULL, NULL, NULL, NULL, NULL, NULL, 'Padre'),
(110, '2018-09-29 01:22:19', '2018-09-29 01:22:19', 100, 0, 1, 0, 0, 0, NULL, 2, 0, 0, 0, 'Allegado', 'Madre', 'Fonasa', 0, NULL, NULL, 0, NULL, NULL, 'No lo sé', 128, 0, NULL, NULL, NULL, NULL, NULL, NULL, NULL, NULL, 'Padre', NULL, NULL, NULL, NULL, NULL, NULL, NULL, NULL, 'Padre'),
(111, '2018-09-29 01:32:59', '2018-09-29 01:32:59', 1700000, 0, 1, 0, 0, 0, NULL, 7, 1, 2, 1, 'Allegado', 'Madre', 'Isapre', 1, NULL, NULL, 0, NULL, NULL, 'A+', 126, 2, 'FELIPE', 'IGNACIO', NULL, 'NAVARRO', 'ROMO', 229376524, 982830323, 'felipe.navarro.romo@hotmail.com', 'Padre', 'BARBARA', 'TAMARA', NULL, 'VERALDI', 'VASQUEZ', NULL, 946700833, NULL, 'Madre'),
(112, '2018-09-29 02:06:02', '2018-09-29 02:06:02', 300000, 1, 1, 0, 0, 0, NULL, 3, 0, 3, 0, 'Propietario', 'Madre', 'Fonasa', 0, 'No', 'No', 0, 'No', NULL, 'No lo sé', 163, 1, 'Tabita', NULL, NULL, 'Canales', 'Hidalgo', NULL, 962239752, 'tabitacanales.01@gmail.com', 'Hermano/Hermana', NULL, NULL, NULL, NULL, NULL, NULL, NULL, NULL, 'Padre'),
(113, '2018-09-29 04:46:56', '2018-09-29 04:46:56', 985000, 1, 1, 0, 0, 1, NULL, 4, 1, 1, 0, 'Arrendatario', 'Madre', 'Fonasa', 1, 'Obesidad', 'Ninguno', 0, 'Nada', NULL, 'O+', 202, 2, 'JENNIFER', 'FABIOLA', NULL, 'GATICA', 'ARROYO', NULL, 974320944, 'jennifergatica54@gmail.com', 'Madre', 'Maria', 'Angelica', NULL, 'Arroyo', 'Valenzuela', NULL, 973903443, NULL, 'Abuelo/Abuela'),
(114, '2018-09-29 05:26:44', '2018-09-29 05:26:44', 500, 1, 1, 1, 0, 0, NULL, 7, 3, 2, 0, 'Arrendatario', 'Madre', 'Fonasa', 0, 'Ninguna', 'Ninguna', 0, 'Nada', 'Sano', 'AB+', 108, 2, 'JANINA', 'MARLEN', NULL, 'GARRIDO', 'MUÑOZ', 226093180, 994745832, 'janinagarrido@hotmail.com', 'Madre', 'Alexander', 'Rodrigo', NULL, 'Saavedra', 'Molina', 226093180, 941083284, NULL, 'Padre'),
(115, '2018-09-29 06:15:31', '2018-09-29 06:15:31', 1500000, 1, 1, 0, 0, 0, NULL, 5, 3, 2, 0, 'Usufructuario', 'Madre', 'Fonasa', 0, 'Fue prematura de nacimiento y alergia atópica', NULL, 1, 'Metales no nobles, ácaros', 'Alergia atópica', 'B+', 218, 2, 'KATHERINE', 'SOLEDAD', NULL, 'ESCALONA', 'MARTÍNEZ', NULL, 965577104, 'KATITA.RASAE1986@GMAIL.COM', 'Madre', 'GENOVEVA', NULL, NULL, 'BENAVIDES', 'GONZÁLEZ', NULL, 987721559, 'MAXIBEBA@HOTMAIL.COM', 'Abuelo/Abuela');


REPLACE INTO `cursos` (`id`, `created_at`, `updated_at`, `nivel`, `basicaMedia`, `arancelAnual`) VALUES
(1, '2018-09-25 22:14:13', '2018-09-25 22:14:13', '1', 'Básico', 267300),
(2, '2018-09-25 22:14:13', '2018-09-25 22:14:13', '2', 'Básico', 338250),
(3, '2018-09-25 22:14:13', '2018-09-25 22:14:13', '3', 'Básico', 408550),
(4, '2018-09-25 22:14:13', '2018-09-25 22:14:13', '4', 'Básico', 408550),
(5, '2018-09-25 22:14:13', '2018-09-25 22:14:13', '5', 'Básico', 408550),
(6, '2018-09-25 22:14:13', '2018-09-25 22:14:13', '6', 'Básico', 408550),
(7, '2018-09-25 22:14:13', '2018-09-25 22:14:13', '7', 'Básico', 408550),
(8, '2018-09-25 22:14:13', '2018-09-25 22:14:13', '8', 'Básico', 408550),
(9, '2018-09-25 22:14:13', '2018-09-25 22:14:13', '1', 'Medio', 408550),
(10, '2018-09-25 22:14:13', '2018-09-25 22:14:13', '2', 'Medio', 408550),
(11, '2018-09-25 22:14:13', '2018-09-25 22:14:13', '3', 'Medio', 408550),
(12, '2018-09-25 22:14:13', '2018-09-25 22:14:13', '4', 'Medio', 408550),
(13, '2018-09-25 22:14:13', '2018-09-25 22:14:13', 'PK', 'Pre-Básico', 267300),
(14, '2018-09-25 22:14:13', '2018-09-25 22:14:13', 'K', 'Pre-Básico', 267300),
(15, '2018-09-27 11:47:57', '2018-09-27 11:47:57', 'JARDIN', 'Pre-Básico', 1);

--
-- Volcado de datos para la tabla `direcciones`
--

--
-- Volcado de datos para la tabla `ficha_alumno`
--

--
-- Volcado de datos para la tabla `migrations`
--

REPLACE INTO `migrations` (`id`, `migration`, `batch`) VALUES
(83, '2014_10_12_000000_create_users_table', 1),
(84, '2014_10_12_100000_create_password_resets_table', 1),
(85, '2018_09_11_183000_create_roles_table', 1),
(86, '2018_09_11_183001_create_user_rol_table', 1),
(87, '2018_09_11_183002_create_regiones_table', 1),
(88, '2018_09_11_183003_create_provincias_table', 1),
(89, '2018_09_11_183004_create_comunas_table', 1),
(90, '2018_09_11_183005_create_cursos_table', 1),
(91, '2018_09_11_183005_create_direcciones_table', 1),
(92, '2018_09_11_183006_create_personas_table', 1),
(93, '2018_09_11_183007_create_apoderados_table', 1),
(94, '2018_09_11_183008_create_alumnos_table', 1),
(95, '2018_09_11_183009_create_alumno_responsable_table', 1),
(96, '2018_09_11_183010_create_contratos_table', 1),
(97, '2018_09_11_183011_create_ficha_alumno_table', 1),
(98, '2018_09_11_183012_create_becas_table', 1),
(99, '2018_09_11_183013_create_beca_alumno_table', 1),
(100, '2018_09_11_183015_create_repitencias_table', 1),
(101, '2018_09_13_144151_create_tipos_table', 1),
(102, '2018_09_13_144325_create_tipo_persona_table', 1),
(103, '2018_09_26_171538_add_id_padre_id_madre_alumnos_table', 1),
(251, '2014_10_12_000000_create_users_table', 1),
(252, '2014_10_12_100000_create_password_resets_table', 1),
(253, '2018_09_11_183000_create_roles_table', 1),
(254, '2018_09_11_183001_create_user_rol_table', 1),
(255, '2018_09_11_183002_create_regiones_table', 1),
(256, '2018_09_11_183003_create_provincias_table', 1),
(257, '2018_09_11_183004_create_comunas_table', 1),
(258, '2018_09_11_183005_create_cursos_table', 1),
(259, '2018_09_11_183005_create_direcciones_table', 1),
(260, '2018_09_11_183006_create_personas_table', 1),
(261, '2018_09_11_183007_create_apoderados_table', 1),
(262, '2018_09_11_183008_create_alumnos_table', 1),
(263, '2018_09_11_183009_create_alumno_responsable_table', 1),
(264, '2018_09_11_183010_create_contratos_table', 1),
(265, '2018_09_11_183011_create_ficha_alumno_table', 1),
(266, '2018_09_11_183012_create_becas_table', 1),
(267, '2018_09_11_183013_create_beca_alumno_table', 1),
(268, '2018_09_11_183015_create_repitencias_table', 1),
(269, '2018_09_13_144151_create_tipos_table', 1),
(270, '2018_09_13_144325_create_tipo_persona_table', 1),
(271, '2018_09_26_171538_add_id_padre_id_madre_alumnos_table', 1),
(428, '2014_10_12_000000_create_users_table', 1),
(429, '2014_10_12_100000_create_password_resets_table', 1),
(430, '2018_09_11_183000_create_roles_table', 1),
(431, '2018_09_11_183001_create_user_rol_table', 1),
(432, '2018_09_11_183002_create_regiones_table', 1),
(433, '2018_09_11_183003_create_provincias_table', 1),
(434, '2018_09_11_183004_create_comunas_table', 1),
(435, '2018_09_11_183005_create_cursos_table', 1),
(436, '2018_09_11_183005_create_direcciones_table', 1),
(437, '2018_09_11_183006_create_personas_table', 1),
(438, '2018_09_11_183007_create_apoderados_table', 1),
(439, '2018_09_11_183008_create_alumnos_table', 1),
(440, '2018_09_11_183009_create_alumno_responsable_table', 1),
(441, '2018_09_11_183010_create_contratos_table', 1),
(442, '2018_09_11_183011_create_ficha_alumno_table', 1),
(443, '2018_09_11_183012_create_becas_table', 1),
(444, '2018_09_11_183013_create_beca_alumno_table', 1),
(445, '2018_09_11_183015_create_repitencias_table', 1),
(446, '2018_09_13_144151_create_tipos_table', 1),
(447, '2018_09_13_144325_create_tipo_persona_table', 1);

--
-- Volcado de datos para la tabla `personas`
--

--
-- Volcado de datos para la tabla `provincias`
--

--
-- Volcado de datos para la tabla `regiones`
--

--
-- Volcado de datos para la tabla `repitencias`
--

REPLACE INTO `repitencias` (`id`, `created_at`, `updated_at`, `idAlumno`, `idCurso`) VALUES
(1, '2018-09-27 17:22:18', '2018-09-27 17:22:18', 247, 2),
(2, '2018-09-27 17:51:18', '2018-09-27 17:51:18', 44, 6),
(3, '2018-09-27 18:53:53', '2018-09-27 18:53:53', 214, 9),
(4, '2018-09-27 19:20:28', '2018-09-27 19:20:28', 68, 2),
(5, '2018-09-27 21:15:58', '2018-09-27 21:15:58', 90, 1),
(6, '2018-09-28 00:41:05', '2018-09-28 00:41:05', 150, 2),
(7, '2018-09-28 01:53:08', '2018-09-28 01:53:08', 149, 2),
(8, '2018-09-28 01:55:59', '2018-09-28 01:55:59', 138, 6),
(9, '2018-09-28 12:07:23', '2018-09-28 12:07:23', 52, 2);

--
-- Volcado de datos para la tabla `roles`
--

--
-- Volcado de datos para la tabla `tipos`
--

REPLACE INTO `tipos` (`id`, `created_at`, `updated_at`, `nombre`, `descripcion`) VALUES
(1, NULL, NULL, 'ApoderadoPostulante', 'Apoderado que aún no firma contrato con la escuela.'),
(2, NULL, NULL, 'Apoderado', 'Apoderado permanente del presente año'),
(3, NULL, NULL, 'Alumno', 'Alumno permanente del presente año'),
(4, NULL, NULL, 'AlumnoPostulante', 'Alumno que aún el apoderado no firma contrato con la escuela.'),
(5, NULL, NULL, 'Revisor', 'Revisores de la postulación'),
(6, NULL, NULL, 'Administrador', 'Administrador de la app'),
(7, NULL, NULL, 'Padre', 'El padre del Alumno'),
(8, NULL, NULL, 'Madre', 'La madre del alumno'),
(9, NULL, NULL, 'PrimerContacto', 'El primer contacto del Alumno'),
(10, NULL, NULL, 'SegundoContacto', 'El segundo contacto del Alumno');

--
-- Volcado de datos para la tabla `tipo_persona`
--

REPLACE INTO `tipo_persona` (`id`, `created_at`, `updated_at`, `idTipo`, `idPersona`) VALUES
(1, NULL, NULL, 1, 1),
(2, NULL, NULL, 1, 2),
(3, NULL, NULL, 1, 3),
(4, NULL, NULL, 1, 4),
(5, NULL, NULL, 1, 5),
(6, NULL, NULL, 1, 6),
(7, NULL, NULL, 1, 7),
(8, NULL, NULL, 1, 8),
(9, NULL, NULL, 1, 9),
(10, NULL, NULL, 1, 10),
(11, NULL, NULL, 1, 11),
(12, NULL, NULL, 1, 12),
(13, NULL, NULL, 1, 13),
(14, NULL, NULL, 1, 14),
(15, NULL, NULL, 1, 15),
(16, NULL, NULL, 1, 16),
(17, NULL, NULL, 1, 17),
(18, NULL, NULL, 1, 18),
(19, NULL, NULL, 1, 19),
(20, NULL, NULL, 1, 20),
(21, NULL, NULL, 1, 21),
(22, NULL, NULL, 1, 22),
(23, NULL, NULL, 1, 23),
(24, NULL, NULL, 1, 24),
(25, NULL, NULL, 1, 25),
(26, NULL, NULL, 1, 26),
(27, NULL, NULL, 1, 27),
(28, NULL, NULL, 1, 28),
(29, NULL, NULL, 1, 29),
(30, NULL, NULL, 1, 30),
(31, NULL, NULL, 1, 31),
(32, NULL, NULL, 1, 32),
(33, NULL, NULL, 1, 33),
(34, NULL, NULL, 1, 34),
(35, NULL, NULL, 1, 35),
(36, NULL, NULL, 1, 36),
(37, NULL, NULL, 1, 37),
(38, NULL, NULL, 1, 38),
(39, NULL, NULL, 1, 39),
(40, NULL, NULL, 1, 40),
(41, NULL, NULL, 1, 41),
(42, NULL, NULL, 1, 42),
(43, NULL, NULL, 1, 43),
(44, NULL, NULL, 1, 44),
(45, NULL, NULL, 1, 45),
(46, NULL, NULL, 1, 46),
(47, NULL, NULL, 1, 47),
(48, NULL, NULL, 1, 48),
(49, NULL, NULL, 1, 49),
(50, NULL, NULL, 1, 50),
(51, NULL, NULL, 1, 51),
(52, NULL, NULL, 1, 52),
(53, NULL, NULL, 1, 53),
(54, NULL, NULL, 1, 54),
(55, NULL, NULL, 1, 55),
(56, NULL, NULL, 1, 56),
(57, NULL, NULL, 1, 57),
(58, NULL, NULL, 1, 58),
(59, NULL, NULL, 1, 59),
(60, NULL, NULL, 1, 60),
(61, NULL, NULL, 1, 61),
(62, NULL, NULL, 1, 62),
(63, NULL, NULL, 1, 63),
(64, NULL, NULL, 1, 64),
(65, NULL, NULL, 1, 65),
(66, NULL, NULL, 1, 66),
(67, NULL, NULL, 1, 67),
(68, NULL, NULL, 1, 68),
(69, NULL, NULL, 1, 69),
(70, NULL, NULL, 1, 70),
(71, NULL, NULL, 1, 71),
(72, NULL, NULL, 1, 72),
(73, NULL, NULL, 1, 73),
(74, NULL, NULL, 1, 74),
(75, NULL, NULL, 1, 75),
(76, NULL, NULL, 1, 76),
(77, NULL, NULL, 1, 77),
(78, NULL, NULL, 1, 78),
(79, NULL, NULL, 1, 79),
(80, NULL, NULL, 1, 80),
(81, NULL, NULL, 1, 81),
(82, NULL, NULL, 1, 82),
(83, NULL, NULL, 1, 83),
(84, NULL, NULL, 1, 84),
(85, NULL, NULL, 1, 85),
(86, NULL, NULL, 1, 86),
(87, NULL, NULL, 1, 87),
(88, NULL, NULL, 1, 88),
(89, NULL, NULL, 1, 89),
(90, NULL, NULL, 1, 90),
(91, NULL, NULL, 1, 91),
(92, NULL, NULL, 1, 92),
(93, NULL, NULL, 1, 93),
(94, NULL, NULL, 1, 94),
(95, NULL, NULL, 1, 95),
(96, NULL, NULL, 1, 96),
(97, NULL, NULL, 1, 97),
(98, NULL, NULL, 1, 98),
(99, NULL, NULL, 1, 99),
(100, NULL, NULL, 1, 100),
(101, NULL, NULL, 1, 101),
(102, NULL, NULL, 1, 102),
(103, NULL, NULL, 1, 103),
(104, NULL, NULL, 1, 104),
(105, NULL, NULL, 1, 105),
(106, NULL, NULL, 1, 106),
(107, NULL, NULL, 1, 107),
(108, NULL, NULL, 1, 108),
(109, NULL, NULL, 1, 109),
(110, NULL, NULL, 1, 110),
(111, NULL, NULL, 1, 111),
(112, NULL, NULL, 1, 112),
(113, NULL, NULL, 1, 113),
(114, NULL, NULL, 1, 114),
(115, NULL, NULL, 1, 115),
(116, NULL, NULL, 1, 116),
(117, NULL, NULL, 1, 117),
(118, NULL, NULL, 1, 118),
(119, NULL, NULL, 1, 119),
(120, NULL, NULL, 1, 120),
(121, NULL, NULL, 1, 121),
(122, NULL, NULL, 1, 122),
(123, NULL, NULL, 1, 123),
(124, NULL, NULL, 1, 124),
(125, NULL, NULL, 1, 125),
(126, NULL, NULL, 1, 126),
(127, NULL, NULL, 1, 127),
(128, NULL, NULL, 1, 128),
(129, NULL, NULL, 1, 129),
(130, NULL, NULL, 1, 130),
(131, NULL, NULL, 1, 131),
(132, NULL, NULL, 1, 132),
(133, NULL, NULL, 1, 133),
(134, NULL, NULL, 1, 134),
(135, NULL, NULL, 1, 135),
(136, NULL, NULL, 1, 136),
(137, NULL, NULL, 1, 137),
(138, NULL, NULL, 1, 138),
(139, NULL, NULL, 1, 139),
(140, NULL, NULL, 1, 140),
(141, NULL, NULL, 1, 141),
(142, NULL, NULL, 1, 142),
(143, NULL, NULL, 1, 143),
(144, NULL, NULL, 1, 144),
(145, NULL, NULL, 1, 145),
(146, NULL, NULL, 1, 146),
(147, NULL, NULL, 1, 147),
(148, NULL, NULL, 1, 148),
(149, NULL, NULL, 1, 149),
(150, NULL, NULL, 1, 150),
(151, NULL, NULL, 1, 151),
(152, NULL, NULL, 1, 152),
(153, NULL, NULL, 1, 153),
(154, NULL, NULL, 1, 154),
(155, NULL, NULL, 1, 155),
(156, NULL, NULL, 1, 156),
(157, NULL, NULL, 1, 157),
(158, NULL, NULL, 1, 158),
(159, NULL, NULL, 1, 159),
(160, NULL, NULL, 1, 160),
(161, NULL, NULL, 1, 161),
(162, NULL, NULL, 1, 162),
(163, NULL, NULL, 1, 163),
(164, NULL, NULL, 1, 164),
(165, NULL, NULL, 1, 165),
(166, NULL, NULL, 1, 166),
(167, NULL, NULL, 1, 167),
(168, NULL, NULL, 1, 168),
(169, NULL, NULL, 1, 169),
(170, NULL, NULL, 1, 170),
(171, NULL, NULL, 1, 171),
(172, NULL, NULL, 1, 172),
(173, NULL, NULL, 1, 173),
(174, NULL, NULL, 1, 174),
(175, NULL, NULL, 1, 175),
(176, NULL, NULL, 1, 176),
(177, NULL, NULL, 1, 177),
(178, NULL, NULL, 1, 178),
(179, NULL, NULL, 1, 179),
(180, NULL, NULL, 1, 180),
(181, NULL, NULL, 4, 181),
(182, NULL, NULL, 4, 182),
(183, NULL, NULL, 4, 183),
(184, NULL, NULL, 4, 184),
(185, NULL, NULL, 4, 185),
(186, NULL, NULL, 4, 186),
(187, NULL, NULL, 4, 187),
(188, NULL, NULL, 4, 188),
(189, NULL, NULL, 4, 189),
(190, NULL, NULL, 4, 190),
(191, NULL, NULL, 4, 191),
(192, NULL, NULL, 4, 192),
(193, NULL, NULL, 4, 193),
(194, NULL, NULL, 4, 194),
(195, NULL, NULL, 4, 195),
(196, NULL, NULL, 4, 196),
(197, NULL, NULL, 4, 197),
(198, NULL, NULL, 4, 198),
(199, NULL, NULL, 4, 199),
(200, NULL, NULL, 4, 200),
(201, NULL, NULL, 4, 201),
(202, NULL, NULL, 4, 202),
(203, NULL, NULL, 4, 203),
(204, NULL, NULL, 4, 204),
(205, NULL, NULL, 4, 205),
(206, NULL, NULL, 4, 206),
(207, NULL, NULL, 4, 207),
(208, NULL, NULL, 4, 208),
(209, NULL, NULL, 4, 209),
(210, NULL, NULL, 4, 210),
(211, NULL, NULL, 4, 211),
(212, NULL, NULL, 4, 212),
(213, NULL, NULL, 4, 213),
(214, NULL, NULL, 4, 214),
(215, NULL, NULL, 4, 215),
(216, NULL, NULL, 4, 216),
(217, NULL, NULL, 4, 217),
(218, NULL, NULL, 4, 218),
(219, NULL, NULL, 4, 219),
(220, NULL, NULL, 4, 220),
(221, NULL, NULL, 4, 221),
(222, NULL, NULL, 4, 222),
(223, NULL, NULL, 4, 223),
(224, NULL, NULL, 4, 224),
(225, NULL, NULL, 4, 225),
(226, NULL, NULL, 4, 226),
(227, NULL, NULL, 4, 227),
(228, NULL, NULL, 4, 228),
(229, NULL, NULL, 4, 229),
(230, NULL, NULL, 4, 230),
(231, NULL, NULL, 4, 231),
(232, NULL, NULL, 4, 232),
(233, NULL, NULL, 4, 233),
(234, NULL, NULL, 4, 234),
(235, NULL, NULL, 4, 235),
(236, NULL, NULL, 4, 236),
(237, NULL, NULL, 4, 237),
(238, NULL, NULL, 4, 238),
(239, NULL, NULL, 4, 239),
(240, NULL, NULL, 4, 240),
(241, NULL, NULL, 4, 241),
(242, NULL, NULL, 4, 242),
(243, NULL, NULL, 4, 243),
(244, NULL, NULL, 4, 244),
(245, NULL, NULL, 4, 245),
(246, NULL, NULL, 4, 246),
(247, NULL, NULL, 4, 247),
(248, NULL, NULL, 4, 248),
(249, NULL, NULL, 4, 249),
(250, NULL, NULL, 4, 250),
(251, NULL, NULL, 4, 251),
(252, NULL, NULL, 4, 252),
(253, NULL, NULL, 4, 253),
(254, NULL, NULL, 4, 254),
(255, NULL, NULL, 4, 255),
(256, NULL, NULL, 4, 256),
(257, NULL, NULL, 4, 257),
(258, NULL, NULL, 4, 258),
(259, NULL, NULL, 4, 259),
(260, NULL, NULL, 4, 260),
(261, NULL, NULL, 4, 261),
(262, NULL, NULL, 4, 262),
(263, NULL, NULL, 4, 263),
(264, NULL, NULL, 4, 264),
(265, NULL, NULL, 4, 265),
(266, NULL, NULL, 4, 266),
(267, NULL, NULL, 4, 267),
(268, NULL, NULL, 4, 268),
(269, NULL, NULL, 4, 269),
(270, NULL, NULL, 4, 270),
(271, NULL, NULL, 4, 271),
(272, NULL, NULL, 4, 272),
(273, NULL, NULL, 4, 273),
(274, NULL, NULL, 4, 274),
(275, NULL, NULL, 4, 275),
(276, NULL, NULL, 4, 276),
(277, NULL, NULL, 4, 277),
(278, NULL, NULL, 4, 278),
(279, NULL, NULL, 4, 279),
(280, NULL, NULL, 4, 280),
(281, NULL, NULL, 4, 281),
(282, NULL, NULL, 4, 282),
(283, NULL, NULL, 4, 283),
(284, NULL, NULL, 4, 284),
(285, NULL, NULL, 4, 285),
(286, NULL, NULL, 4, 286),
(287, NULL, NULL, 4, 287),
(288, NULL, NULL, 4, 288),
(289, NULL, NULL, 4, 289),
(290, NULL, NULL, 4, 290),
(291, NULL, NULL, 4, 291),
(292, NULL, NULL, 4, 292),
(293, NULL, NULL, 4, 293),
(294, NULL, NULL, 4, 294),
(295, NULL, NULL, 4, 295),
(296, NULL, NULL, 4, 296),
(297, NULL, NULL, 4, 297),
(298, NULL, NULL, 4, 298),
(299, NULL, NULL, 4, 299),
(300, NULL, NULL, 4, 300),
(301, NULL, NULL, 4, 301),
(302, NULL, NULL, 4, 302),
(303, NULL, NULL, 4, 303),
(304, NULL, NULL, 4, 304),
(305, NULL, NULL, 4, 305),
(306, NULL, NULL, 4, 306),
(307, NULL, NULL, 4, 307),
(308, NULL, NULL, 4, 308),
(309, NULL, NULL, 4, 309),
(310, NULL, NULL, 4, 310),
(311, NULL, NULL, 4, 311),
(312, NULL, NULL, 4, 312),
(313, NULL, NULL, 4, 313),
(314, NULL, NULL, 4, 314),
(315, NULL, NULL, 4, 315),
(316, NULL, NULL, 4, 316),
(317, NULL, NULL, 4, 317),
(318, NULL, NULL, 4, 318),
(319, NULL, NULL, 4, 319),
(320, NULL, NULL, 4, 320),
(321, NULL, NULL, 4, 321),
(322, NULL, NULL, 4, 322),
(323, NULL, NULL, 4, 323),
(324, NULL, NULL, 4, 324),
(325, NULL, NULL, 4, 325),
(326, NULL, NULL, 4, 326),
(327, NULL, NULL, 4, 327),
(328, NULL, NULL, 4, 328),
(329, NULL, NULL, 4, 329),
(330, NULL, NULL, 4, 330),
(331, NULL, NULL, 4, 331),
(332, NULL, NULL, 4, 332),
(333, NULL, NULL, 4, 333),
(334, NULL, NULL, 4, 334),
(335, NULL, NULL, 4, 335),
(336, NULL, NULL, 4, 336),
(337, NULL, NULL, 4, 337),
(338, NULL, NULL, 4, 338),
(339, NULL, NULL, 4, 339),
(340, NULL, NULL, 4, 340),
(341, NULL, NULL, 4, 341),
(342, NULL, NULL, 4, 342),
(343, NULL, NULL, 4, 343),
(344, NULL, NULL, 4, 344),
(345, NULL, NULL, 4, 345),
(346, NULL, NULL, 4, 346),
(347, NULL, NULL, 4, 347),
(348, NULL, NULL, 4, 348),
(349, NULL, NULL, 4, 349),
(350, NULL, NULL, 4, 350),
(351, NULL, NULL, 4, 351),
(352, NULL, NULL, 4, 352),
(353, NULL, NULL, 4, 353),
(354, NULL, NULL, 4, 354),
(355, NULL, NULL, 4, 355),
(356, NULL, NULL, 4, 356),
(357, NULL, NULL, 4, 357),
(358, NULL, NULL, 4, 358),
(359, NULL, NULL, 4, 359),
(360, NULL, NULL, 4, 360),
(361, NULL, NULL, 4, 361),
(362, NULL, NULL, 4, 362),
(363, NULL, NULL, 4, 363),
(364, NULL, NULL, 4, 364),
(365, NULL, NULL, 4, 365),
(366, NULL, NULL, 4, 366),
(367, NULL, NULL, 4, 367),
(368, NULL, NULL, 4, 368),
(369, '2018-09-28 14:20:43', '2018-09-28 14:20:43', 1, 425),
(370, '2018-09-28 14:20:43', '2018-09-28 14:20:43', 4, 427),
(371, '2018-10-29 19:05:20', '2018-10-29 19:05:20', 1, 324),
(372, '2018-10-29 19:22:52', '2018-10-29 19:22:52', 9, 256),
(373, '2018-10-29 19:24:50', '2018-10-29 19:24:50', 4, 425);
SET GLOBAL FOREIGN_KEY_CHECKS=1;
