-- phpMyAdmin SQL Dump
-- version 4.8.2
-- https://www.phpmyadmin.net/
--
-- Servidor: localhost:3306
-- Tiempo de generación: 13-09-2018 a las 03:01:16
-- Versión del servidor: 5.7.19
-- Versión de PHP: 7.1.20

SET SQL_MODE = "NO_AUTO_VALUE_ON_ZERO";
SET AUTOCOMMIT = 0;
START TRANSACTION;
SET time_zone = "+00:00";


/*!40101 SET @OLD_CHARACTER_SET_CLIENT=@@CHARACTER_SET_CLIENT */;
/*!40101 SET @OLD_CHARACTER_SET_RESULTS=@@CHARACTER_SET_RESULTS */;
/*!40101 SET @OLD_COLLATION_CONNECTION=@@COLLATION_CONNECTION */;
/*!40101 SET NAMES utf8mb4 */;

--
-- Base de datos: `matriculassca`
--
CREATE DATABASE IF NOT EXISTS `matriculassca` DEFAULT CHARACTER SET latin1 COLLATE latin1_swedish_ci;
USE `matriculassca`;

-- --------------------------------------------------------

--
-- Estructura de tabla para la tabla `apoderados`
--

DROP TABLE IF EXISTS `apoderados`;
CREATE TABLE `apoderados` (
  `id` int(10) UNSIGNED NOT NULL,
  `created_at` timestamp NULL DEFAULT NULL,
  `updated_at` timestamp NULL DEFAULT NULL,
  `PNombreApod` varchar(191) COLLATE utf8mb4_unicode_ci NOT NULL,
  `SNombreApod` varchar(191) COLLATE utf8mb4_unicode_ci DEFAULT NULL,
  `TNombreApod` varchar(191) COLLATE utf8mb4_unicode_ci DEFAULT NULL,
  `apPatApo` varchar(191) COLLATE utf8mb4_unicode_ci NOT NULL,
  `apMatApo` varchar(191) COLLATE utf8mb4_unicode_ci DEFAULT NULL,
  `fonoFijoApo` int(11) DEFAULT NULL,
  `fonoCeluApo` int(11) DEFAULT NULL,
  `rutApo` varchar(191) COLLATE utf8mb4_unicode_ci NOT NULL,
  `correoApo` varchar(191) COLLATE utf8mb4_unicode_ci DEFAULT NULL
) ENGINE=InnoDB DEFAULT CHARSET=utf8mb4 COLLATE=utf8mb4_unicode_ci ROW_FORMAT=DYNAMIC;

-- --------------------------------------------------------

--
-- Estructura de tabla para la tabla `candidatos`
--

DROP TABLE IF EXISTS `candidatos`;
CREATE TABLE `candidatos` (
  `id` int(10) UNSIGNED NOT NULL,
  `created_at` timestamp NULL DEFAULT NULL,
  `updated_at` timestamp NULL DEFAULT NULL,
  `idApoderado` int(10) UNSIGNED NOT NULL,
  `PNombreCand` varchar(191) COLLATE utf8mb4_unicode_ci NOT NULL,
  `SNombreCand` varchar(191) COLLATE utf8mb4_unicode_ci DEFAULT NULL,
  `TNombreCand` varchar(191) COLLATE utf8mb4_unicode_ci DEFAULT NULL,
  `apPatCand` varchar(191) COLLATE utf8mb4_unicode_ci NOT NULL,
  `apMatCand` varchar(191) COLLATE utf8mb4_unicode_ci DEFAULT NULL,
  `fechaNacimiento` datetime NOT NULL,
  `rutCand` varchar(191) COLLATE utf8mb4_unicode_ci NOT NULL,
  `idComuna` int(10) UNSIGNED NOT NULL,
  `calleCand` varchar(191) COLLATE utf8mb4_unicode_ci NOT NULL,
  `numeroCalle` int(11) NOT NULL,
  `bloqueTorre` varchar(191) COLLATE utf8mb4_unicode_ci DEFAULT NULL,
  `dpto` varchar(191) COLLATE utf8mb4_unicode_ci DEFAULT NULL,
  `parentesco` enum('Padre','Madre','Padrastro','Madrastra','Tutor/Tutura Legal','Hermano/Hermana','Tío/Tía','Tío Abuelo/Tía Abuela','Primo/Prima','Abuelo/Abuela','Bisabuelo/Bisabuela','Tatarabuelo/Tatarabuela','Otro') COLLATE utf8mb4_unicode_ci NOT NULL DEFAULT 'Padre',
  `otroParentesco` varchar(40) COLLATE utf8mb4_unicode_ci DEFAULT NULL
) ENGINE=InnoDB DEFAULT CHARSET=utf8mb4 COLLATE=utf8mb4_unicode_ci ROW_FORMAT=DYNAMIC;

-- --------------------------------------------------------

--
-- Estructura de tabla para la tabla `comunas`
--

DROP TABLE IF EXISTS `comunas`;
CREATE TABLE `comunas` (
  `id` int(10) UNSIGNED NOT NULL,
  `created_at` timestamp NULL DEFAULT NULL,
  `updated_at` timestamp NULL DEFAULT NULL,
  `nombreComu` varchar(191) COLLATE utf8mb4_unicode_ci NOT NULL,
  `idProvincia` int(10) UNSIGNED NOT NULL
) ENGINE=InnoDB DEFAULT CHARSET=utf8mb4 COLLATE=utf8mb4_unicode_ci ROW_FORMAT=DYNAMIC;

--
-- Volcado de datos para la tabla `comunas`
--

INSERT INTO `comunas` (`id`, `created_at`, `updated_at`, `nombreComu`, `idProvincia`) VALUES
(1, '2018-09-13 03:00:00', '2018-09-13 03:00:00', 'Arica', 1),
(2, '2018-09-13 03:00:00', '2018-09-13 03:00:00', 'Camarones', 1),
(3, '2018-09-13 03:00:00', '2018-09-13 03:00:00', 'General Lagos', 2),
(4, '2018-09-13 03:00:00', '2018-09-13 03:00:00', 'Putre', 2),
(5, '2018-09-13 03:00:00', '2018-09-13 03:00:00', 'Alto Hospicio', 3),
(6, '2018-09-13 03:00:00', '2018-09-13 03:00:00', 'Iquique', 3),
(7, '2018-09-13 03:00:00', '2018-09-13 03:00:00', 'Camiña', 4),
(8, '2018-09-13 03:00:00', '2018-09-13 03:00:00', 'Colchane', 4),
(9, '2018-09-13 03:00:00', '2018-09-13 03:00:00', 'Huara', 4),
(10, '2018-09-13 03:00:00', '2018-09-13 03:00:00', 'Pica', 4),
(11, '2018-09-13 03:00:00', '2018-09-13 03:00:00', 'Pozo Almonte', 4),
(12, '2018-09-13 03:00:00', '2018-09-13 03:00:00', 'Antofagasta', 5),
(13, '2018-09-13 03:00:00', '2018-09-13 03:00:00', 'Mejillones', 5),
(14, '2018-09-13 03:00:00', '2018-09-13 03:00:00', 'Sierra Gorda', 5),
(15, '2018-09-13 03:00:00', '2018-09-13 03:00:00', 'Taltal', 5),
(16, '2018-09-13 03:00:00', '2018-09-13 03:00:00', 'Calama', 6),
(17, '2018-09-13 03:00:00', '2018-09-13 03:00:00', 'Ollague', 6),
(18, '2018-09-13 03:00:00', '2018-09-13 03:00:00', 'San Pedro de Atacama', 6),
(19, '2018-09-13 03:00:00', '2018-09-13 03:00:00', 'María Elena', 7),
(20, '2018-09-13 03:00:00', '2018-09-13 03:00:00', 'Tocopilla', 7),
(21, '2018-09-13 03:00:00', '2018-09-13 03:00:00', 'Chañaral', 8),
(22, '2018-09-13 03:00:00', '2018-09-13 03:00:00', 'Diego de Almagro', 8),
(23, '2018-09-13 03:00:00', '2018-09-13 03:00:00', 'Caldera', 9),
(24, '2018-09-13 03:00:00', '2018-09-13 03:00:00', 'Copiapó', 9),
(25, '2018-09-13 03:00:00', '2018-09-13 03:00:00', 'Tierra Amarilla', 9),
(26, '2018-09-13 03:00:00', '2018-09-13 03:00:00', 'Alto del Carmen', 10),
(27, '2018-09-13 03:00:00', '2018-09-13 03:00:00', 'Freirina', 10),
(28, '2018-09-13 03:00:00', '2018-09-13 03:00:00', 'Huasco', 10),
(29, '2018-09-13 03:00:00', '2018-09-13 03:00:00', 'Vallenar', 10),
(30, '2018-09-13 03:00:00', '2018-09-13 03:00:00', 'Canela', 11),
(31, '2018-09-13 03:00:00', '2018-09-13 03:00:00', 'Illapel', 11),
(32, '2018-09-13 03:00:00', '2018-09-13 03:00:00', 'Los Vilos', 11),
(33, '2018-09-13 03:00:00', '2018-09-13 03:00:00', 'Salamanca', 11),
(34, '2018-09-13 03:00:00', '2018-09-13 03:00:00', 'Andacollo', 12),
(35, '2018-09-13 03:00:00', '2018-09-13 03:00:00', 'Coquimbo', 12),
(36, '2018-09-13 03:00:00', '2018-09-13 03:00:00', 'La Higuera', 12),
(37, '2018-09-13 03:00:00', '2018-09-13 03:00:00', 'La Serena', 12),
(38, '2018-09-13 03:00:00', '2018-09-13 03:00:00', 'Paihuaco', 12),
(39, '2018-09-13 03:00:00', '2018-09-13 03:00:00', 'Vicuña', 12),
(40, '2018-09-13 03:00:00', '2018-09-13 03:00:00', 'Combarbalá', 13),
(41, '2018-09-13 03:00:00', '2018-09-13 03:00:00', 'Monte Patria', 13),
(42, '2018-09-13 03:00:00', '2018-09-13 03:00:00', 'Ovalle', 13),
(43, '2018-09-13 03:00:00', '2018-09-13 03:00:00', 'Punitaqui', 13),
(44, '2018-09-13 03:00:00', '2018-09-13 03:00:00', 'Río Hurtado', 13),
(45, '2018-09-13 03:00:00', '2018-09-13 03:00:00', 'Isla de Pascua', 14),
(46, '2018-09-13 03:00:00', '2018-09-13 03:00:00', 'Calle Larga', 15),
(47, '2018-09-13 03:00:00', '2018-09-13 03:00:00', 'Los Andes', 15),
(48, '2018-09-13 03:00:00', '2018-09-13 03:00:00', 'Rinconada', 15),
(49, '2018-09-13 03:00:00', '2018-09-13 03:00:00', 'San Esteban', 15),
(50, '2018-09-13 03:00:00', '2018-09-13 03:00:00', 'La Ligua', 16),
(51, '2018-09-13 03:00:00', '2018-09-13 03:00:00', 'Papudo', 16),
(52, '2018-09-13 03:00:00', '2018-09-13 03:00:00', 'Petorca', 16),
(53, '2018-09-13 03:00:00', '2018-09-13 03:00:00', 'Zapallar', 16),
(54, '2018-09-13 03:00:00', '2018-09-13 03:00:00', 'Hijuelas', 17),
(55, '2018-09-13 03:00:00', '2018-09-13 03:00:00', 'La Calera', 17),
(56, '2018-09-13 03:00:00', '2018-09-13 03:00:00', 'La Cruz', 17),
(57, '2018-09-13 03:00:00', '2018-09-13 03:00:00', 'Limache', 17),
(58, '2018-09-13 03:00:00', '2018-09-13 03:00:00', 'Nogales', 17),
(59, '2018-09-13 03:00:00', '2018-09-13 03:00:00', 'Olmué', 17),
(60, '2018-09-13 03:00:00', '2018-09-13 03:00:00', 'Quillota', 17),
(61, '2018-09-13 03:00:00', '2018-09-13 03:00:00', 'Algarrobo', 18),
(62, '2018-09-13 03:00:00', '2018-09-13 03:00:00', 'Cartagena', 18),
(63, '2018-09-13 03:00:00', '2018-09-13 03:00:00', 'El Quisco', 18),
(64, '2018-09-13 03:00:00', '2018-09-13 03:00:00', 'El Tabo', 18),
(65, '2018-09-13 03:00:00', '2018-09-13 03:00:00', 'San Antonio', 18),
(66, '2018-09-13 03:00:00', '2018-09-13 03:00:00', 'Santo Domingo', 18),
(67, '2018-09-13 03:00:00', '2018-09-13 03:00:00', 'Catemu', 19),
(68, '2018-09-13 03:00:00', '2018-09-13 03:00:00', 'Llaillay', 19),
(69, '2018-09-13 03:00:00', '2018-09-13 03:00:00', 'Panquehue', 19),
(70, '2018-09-13 03:00:00', '2018-09-13 03:00:00', 'Putaendo', 19),
(71, '2018-09-13 03:00:00', '2018-09-13 03:00:00', 'San Felipe', 19),
(72, '2018-09-13 03:00:00', '2018-09-13 03:00:00', 'Santa María', 19),
(73, '2018-09-13 03:00:00', '2018-09-13 03:00:00', 'Casablanca', 20),
(74, '2018-09-13 03:00:00', '2018-09-13 03:00:00', 'Concón', 20),
(75, '2018-09-13 03:00:00', '2018-09-13 03:00:00', 'Juan Fernández', 20),
(76, '2018-09-13 03:00:00', '2018-09-13 03:00:00', 'Puchuncaví', 20),
(77, '2018-09-13 03:00:00', '2018-09-13 03:00:00', 'Quilpué', 20),
(78, '2018-09-13 03:00:00', '2018-09-13 03:00:00', 'Quintero', 20),
(79, '2018-09-13 03:00:00', '2018-09-13 03:00:00', 'Valparaíso', 20),
(80, '2018-09-13 03:00:00', '2018-09-13 03:00:00', 'Villa Alemana', 20),
(81, '2018-09-13 03:00:00', '2018-09-13 03:00:00', 'Viña del Mar', 20),
(82, '2018-09-13 03:00:00', '2018-09-13 03:00:00', 'Colina', 21),
(83, '2018-09-13 03:00:00', '2018-09-13 03:00:00', 'Lampa', 21),
(84, '2018-09-13 03:00:00', '2018-09-13 03:00:00', 'Tiltil', 21),
(85, '2018-09-13 03:00:00', '2018-09-13 03:00:00', 'Pirque', 22),
(86, '2018-09-13 03:00:00', '2018-09-13 03:00:00', 'Puente Alto', 22),
(87, '2018-09-13 03:00:00', '2018-09-13 03:00:00', 'San José de Maipo', 22),
(88, '2018-09-13 03:00:00', '2018-09-13 03:00:00', 'Buin', 23),
(89, '2018-09-13 03:00:00', '2018-09-13 03:00:00', 'Calera de Tango', 23),
(90, '2018-09-13 03:00:00', '2018-09-13 03:00:00', 'Paine', 23),
(91, '2018-09-13 03:00:00', '2018-09-13 03:00:00', 'San Bernardo', 23),
(92, '2018-09-13 03:00:00', '2018-09-13 03:00:00', 'Alhué', 24),
(93, '2018-09-13 03:00:00', '2018-09-13 03:00:00', 'Curacaví', 24),
(94, '2018-09-13 03:00:00', '2018-09-13 03:00:00', 'María Pinto', 24),
(95, '2018-09-13 03:00:00', '2018-09-13 03:00:00', 'Melipilla', 24),
(96, '2018-09-13 03:00:00', '2018-09-13 03:00:00', 'San Pedro', 24),
(97, '2018-09-13 03:00:00', '2018-09-13 03:00:00', 'Cerrillos', 25),
(98, '2018-09-13 03:00:00', '2018-09-13 03:00:00', 'Cerro Navia', 25),
(99, '2018-09-13 03:00:00', '2018-09-13 03:00:00', 'Conchalí', 25),
(100, '2018-09-13 03:00:00', '2018-09-13 03:00:00', 'El Bosque', 25),
(101, '2018-09-13 03:00:00', '2018-09-13 03:00:00', 'Estación Central', 25),
(102, '2018-09-13 03:00:00', '2018-09-13 03:00:00', 'Huechuraba', 25),
(103, '2018-09-13 03:00:00', '2018-09-13 03:00:00', 'Independencia', 25),
(104, '2018-09-13 03:00:00', '2018-09-13 03:00:00', 'La Cisterna', 25),
(105, '2018-09-13 03:00:00', '2018-09-13 03:00:00', 'La Granja', 25),
(106, '2018-09-13 03:00:00', '2018-09-13 03:00:00', 'La Florida', 25),
(107, '2018-09-13 03:00:00', '2018-09-13 03:00:00', 'La Pintana', 25),
(108, '2018-09-13 03:00:00', '2018-09-13 03:00:00', 'La Reina', 25),
(109, '2018-09-13 03:00:00', '2018-09-13 03:00:00', 'Las Condes', 25),
(110, '2018-09-13 03:00:00', '2018-09-13 03:00:00', 'Lo Barnechea', 25),
(111, '2018-09-13 03:00:00', '2018-09-13 03:00:00', 'Lo Espejo', 25),
(112, '2018-09-13 03:00:00', '2018-09-13 03:00:00', 'Lo Prado', 25),
(113, '2018-09-13 03:00:00', '2018-09-13 03:00:00', 'Macul', 25),
(114, '2018-09-13 03:00:00', '2018-09-13 03:00:00', 'Maipú', 25),
(115, '2018-09-13 03:00:00', '2018-09-13 03:00:00', 'Ñuñoa', 25),
(116, '2018-09-13 03:00:00', '2018-09-13 03:00:00', 'Pedro Aguirre Cerda', 25),
(117, '2018-09-13 03:00:00', '2018-09-13 03:00:00', 'Peñalolén', 25),
(118, '2018-09-13 03:00:00', '2018-09-13 03:00:00', 'Providencia', 25),
(119, '2018-09-13 03:00:00', '2018-09-13 03:00:00', 'Pudahuel', 25),
(120, '2018-09-13 03:00:00', '2018-09-13 03:00:00', 'Quilicura', 25),
(121, '2018-09-13 03:00:00', '2018-09-13 03:00:00', 'Quinta Normal', 25),
(122, '2018-09-13 03:00:00', '2018-09-13 03:00:00', 'Recoleta', 25),
(123, '2018-09-13 03:00:00', '2018-09-13 03:00:00', 'Renca', 25),
(124, '2018-09-13 03:00:00', '2018-09-13 03:00:00', 'San Miguel', 25),
(125, '2018-09-13 03:00:00', '2018-09-13 03:00:00', 'San Joaquín', 25),
(126, '2018-09-13 03:00:00', '2018-09-13 03:00:00', 'San Ramón', 25),
(127, '2018-09-13 03:00:00', '2018-09-13 03:00:00', 'Santiago', 25),
(128, '2018-09-13 03:00:00', '2018-09-13 03:00:00', 'Vitacura', 25),
(129, '2018-09-13 03:00:00', '2018-09-13 03:00:00', 'El Monte', 26),
(130, '2018-09-13 03:00:00', '2018-09-13 03:00:00', 'Isla de Maipo', 26),
(131, '2018-09-13 03:00:00', '2018-09-13 03:00:00', 'Padre Hurtado', 26),
(132, '2018-09-13 03:00:00', '2018-09-13 03:00:00', 'Peñaflor', 26),
(133, '2018-09-13 03:00:00', '2018-09-13 03:00:00', 'Talagante', 26),
(134, '2018-09-13 03:00:00', '2018-09-13 03:00:00', 'Codegua', 27),
(135, '2018-09-13 03:00:00', '2018-09-13 03:00:00', 'Coínco', 27),
(136, '2018-09-13 03:00:00', '2018-09-13 03:00:00', 'Coltauco', 27),
(137, '2018-09-13 03:00:00', '2018-09-13 03:00:00', 'Doñihue', 27),
(138, '2018-09-13 03:00:00', '2018-09-13 03:00:00', 'Graneros', 27),
(139, '2018-09-13 03:00:00', '2018-09-13 03:00:00', 'Las Cabras', 27),
(140, '2018-09-13 03:00:00', '2018-09-13 03:00:00', 'Machalí', 27),
(141, '2018-09-13 03:00:00', '2018-09-13 03:00:00', 'Malloa', 27),
(142, '2018-09-13 03:00:00', '2018-09-13 03:00:00', 'Mostazal', 27),
(143, '2018-09-13 03:00:00', '2018-09-13 03:00:00', 'Olivar', 27),
(144, '2018-09-13 03:00:00', '2018-09-13 03:00:00', 'Peumo', 27),
(145, '2018-09-13 03:00:00', '2018-09-13 03:00:00', 'Pichidegua', 27),
(146, '2018-09-13 03:00:00', '2018-09-13 03:00:00', 'Quinta de Tilcoco', 27),
(147, '2018-09-13 03:00:00', '2018-09-13 03:00:00', 'Rancagua', 27),
(148, '2018-09-13 03:00:00', '2018-09-13 03:00:00', 'Rengo', 27),
(149, '2018-09-13 03:00:00', '2018-09-13 03:00:00', 'Requínoa', 27),
(150, '2018-09-13 03:00:00', '2018-09-13 03:00:00', 'San Vicente de Tagua Tagua', 27),
(151, '2018-09-13 03:00:00', '2018-09-13 03:00:00', 'La Estrella', 28),
(152, '2018-09-13 03:00:00', '2018-09-13 03:00:00', 'Litueche', 28),
(153, '2018-09-13 03:00:00', '2018-09-13 03:00:00', 'Marchihue', 28),
(154, '2018-09-13 03:00:00', '2018-09-13 03:00:00', 'Navidad', 28),
(155, '2018-09-13 03:00:00', '2018-09-13 03:00:00', 'Peredones', 28),
(156, '2018-09-13 03:00:00', '2018-09-13 03:00:00', 'Pichilemu', 28),
(157, '2018-09-13 03:00:00', '2018-09-13 03:00:00', 'Chépica', 29),
(158, '2018-09-13 03:00:00', '2018-09-13 03:00:00', 'Chimbarongo', 29),
(159, '2018-09-13 03:00:00', '2018-09-13 03:00:00', 'Lolol', 29),
(160, '2018-09-13 03:00:00', '2018-09-13 03:00:00', 'Nancagua', 29),
(161, '2018-09-13 03:00:00', '2018-09-13 03:00:00', 'Palmilla', 29),
(162, '2018-09-13 03:00:00', '2018-09-13 03:00:00', 'Peralillo', 29),
(163, '2018-09-13 03:00:00', '2018-09-13 03:00:00', 'Placilla', 29),
(164, '2018-09-13 03:00:00', '2018-09-13 03:00:00', 'Pumanque', 29),
(165, '2018-09-13 03:00:00', '2018-09-13 03:00:00', 'San Fernando', 29),
(166, '2018-09-13 03:00:00', '2018-09-13 03:00:00', 'Santa Cruz', 29),
(167, '2018-09-13 03:00:00', '2018-09-13 03:00:00', 'Cauquenes', 30),
(168, '2018-09-13 03:00:00', '2018-09-13 03:00:00', 'Chanco', 30),
(169, '2018-09-13 03:00:00', '2018-09-13 03:00:00', 'Pelluhue', 30),
(170, '2018-09-13 03:00:00', '2018-09-13 03:00:00', 'Curicó', 31),
(171, '2018-09-13 03:00:00', '2018-09-13 03:00:00', 'Hualañé', 31),
(172, '2018-09-13 03:00:00', '2018-09-13 03:00:00', 'Licantén', 31),
(173, '2018-09-13 03:00:00', '2018-09-13 03:00:00', 'Molina', 31),
(174, '2018-09-13 03:00:00', '2018-09-13 03:00:00', 'Rauco', 31),
(175, '2018-09-13 03:00:00', '2018-09-13 03:00:00', 'Romeral', 31),
(176, '2018-09-13 03:00:00', '2018-09-13 03:00:00', 'Sagrada Familia', 31),
(177, '2018-09-13 03:00:00', '2018-09-13 03:00:00', 'Teno', 31),
(178, '2018-09-13 03:00:00', '2018-09-13 03:00:00', 'Vichuquén', 31),
(179, '2018-09-13 03:00:00', '2018-09-13 03:00:00', 'Colbún', 32),
(180, '2018-09-13 03:00:00', '2018-09-13 03:00:00', 'Linares', 32),
(181, '2018-09-13 03:00:00', '2018-09-13 03:00:00', 'Longaví', 32),
(182, '2018-09-13 03:00:00', '2018-09-13 03:00:00', 'Parral', 32),
(183, '2018-09-13 03:00:00', '2018-09-13 03:00:00', 'Retiro', 32),
(184, '2018-09-13 03:00:00', '2018-09-13 03:00:00', 'San Javier', 32),
(185, '2018-09-13 03:00:00', '2018-09-13 03:00:00', 'Villa Alegre', 32),
(186, '2018-09-13 03:00:00', '2018-09-13 03:00:00', 'Yerbas Buenas', 32),
(187, '2018-09-13 03:00:00', '2018-09-13 03:00:00', 'Constitución', 33),
(188, '2018-09-13 03:00:00', '2018-09-13 03:00:00', 'Curepto', 33),
(189, '2018-09-13 03:00:00', '2018-09-13 03:00:00', 'Empedrado', 33),
(190, '2018-09-13 03:00:00', '2018-09-13 03:00:00', 'Maule', 33),
(191, '2018-09-13 03:00:00', '2018-09-13 03:00:00', 'Pelarco', 33),
(192, '2018-09-13 03:00:00', '2018-09-13 03:00:00', 'Pencahue', 33),
(193, '2018-09-13 03:00:00', '2018-09-13 03:00:00', 'Río Claro', 33),
(194, '2018-09-13 03:00:00', '2018-09-13 03:00:00', 'San Clemente', 33),
(195, '2018-09-13 03:00:00', '2018-09-13 03:00:00', 'San Rafael', 33),
(196, '2018-09-13 03:00:00', '2018-09-13 03:00:00', 'Talca', 33),
(197, '2018-09-13 03:00:00', '2018-09-13 03:00:00', 'Arauco', 34),
(198, '2018-09-13 03:00:00', '2018-09-13 03:00:00', 'Cañete', 34),
(199, '2018-09-13 03:00:00', '2018-09-13 03:00:00', 'Contulmo', 34),
(200, '2018-09-13 03:00:00', '2018-09-13 03:00:00', 'Curanilahue', 34),
(201, '2018-09-13 03:00:00', '2018-09-13 03:00:00', 'Lebu', 34),
(202, '2018-09-13 03:00:00', '2018-09-13 03:00:00', 'Los Álamos', 34),
(203, '2018-09-13 03:00:00', '2018-09-13 03:00:00', 'Tirúa', 34),
(204, '2018-09-13 03:00:00', '2018-09-13 03:00:00', 'Alto Biobío', 35),
(205, '2018-09-13 03:00:00', '2018-09-13 03:00:00', 'Antuco', 35),
(206, '2018-09-13 03:00:00', '2018-09-13 03:00:00', 'Cabrero', 35),
(207, '2018-09-13 03:00:00', '2018-09-13 03:00:00', 'Laja', 35),
(208, '2018-09-13 03:00:00', '2018-09-13 03:00:00', 'Los Ángeles', 35),
(209, '2018-09-13 03:00:00', '2018-09-13 03:00:00', 'Mulchén', 35),
(210, '2018-09-13 03:00:00', '2018-09-13 03:00:00', 'Nacimiento', 35),
(211, '2018-09-13 03:00:00', '2018-09-13 03:00:00', 'Negrete', 35),
(212, '2018-09-13 03:00:00', '2018-09-13 03:00:00', 'Quilaco', 35),
(213, '2018-09-13 03:00:00', '2018-09-13 03:00:00', 'Quilleco', 35),
(214, '2018-09-13 03:00:00', '2018-09-13 03:00:00', 'San Rosendo', 35),
(215, '2018-09-13 03:00:00', '2018-09-13 03:00:00', 'Santa Bárbara', 35),
(216, '2018-09-13 03:00:00', '2018-09-13 03:00:00', 'Tucapel', 35),
(217, '2018-09-13 03:00:00', '2018-09-13 03:00:00', 'Yumbel', 35),
(218, '2018-09-13 03:00:00', '2018-09-13 03:00:00', 'Chiguayante', 36),
(219, '2018-09-13 03:00:00', '2018-09-13 03:00:00', 'Concepción', 36),
(220, '2018-09-13 03:00:00', '2018-09-13 03:00:00', 'Coronel', 36),
(221, '2018-09-13 03:00:00', '2018-09-13 03:00:00', 'Florida', 36),
(222, '2018-09-13 03:00:00', '2018-09-13 03:00:00', 'Hualpén', 36),
(223, '2018-09-13 03:00:00', '2018-09-13 03:00:00', 'Hualqui', 36),
(224, '2018-09-13 03:00:00', '2018-09-13 03:00:00', 'Lota', 36),
(225, '2018-09-13 03:00:00', '2018-09-13 03:00:00', 'Penco', 36),
(226, '2018-09-13 03:00:00', '2018-09-13 03:00:00', 'San Pedro de La Paz', 36),
(227, '2018-09-13 03:00:00', '2018-09-13 03:00:00', 'Santa Juana', 36),
(228, '2018-09-13 03:00:00', '2018-09-13 03:00:00', 'Talcahuano', 36),
(229, '2018-09-13 03:00:00', '2018-09-13 03:00:00', 'Tomé', 36),
(230, '2018-09-13 03:00:00', '2018-09-13 03:00:00', 'Bulnes', 37),
(231, '2018-09-13 03:00:00', '2018-09-13 03:00:00', 'Chillán', 37),
(232, '2018-09-13 03:00:00', '2018-09-13 03:00:00', 'Chillán Viejo', 37),
(233, '2018-09-13 03:00:00', '2018-09-13 03:00:00', 'Cobquecura', 37),
(234, '2018-09-13 03:00:00', '2018-09-13 03:00:00', 'Coelemu', 37),
(235, '2018-09-13 03:00:00', '2018-09-13 03:00:00', 'Coihueco', 37),
(236, '2018-09-13 03:00:00', '2018-09-13 03:00:00', 'El Carmen', 37),
(237, '2018-09-13 03:00:00', '2018-09-13 03:00:00', 'Ninhue', 37),
(238, '2018-09-13 03:00:00', '2018-09-13 03:00:00', 'Ñiquen', 37),
(239, '2018-09-13 03:00:00', '2018-09-13 03:00:00', 'Pemuco', 37),
(240, '2018-09-13 03:00:00', '2018-09-13 03:00:00', 'Pinto', 37),
(241, '2018-09-13 03:00:00', '2018-09-13 03:00:00', 'Portezuelo', 37),
(242, '2018-09-13 03:00:00', '2018-09-13 03:00:00', 'Quillón', 37),
(243, '2018-09-13 03:00:00', '2018-09-13 03:00:00', 'Quirihue', 37),
(244, '2018-09-13 03:00:00', '2018-09-13 03:00:00', 'Ránquil', 37),
(245, '2018-09-13 03:00:00', '2018-09-13 03:00:00', 'San Carlos', 37),
(246, '2018-09-13 03:00:00', '2018-09-13 03:00:00', 'San Fabián', 37),
(247, '2018-09-13 03:00:00', '2018-09-13 03:00:00', 'San Ignacio', 37),
(248, '2018-09-13 03:00:00', '2018-09-13 03:00:00', 'San Nicolás', 37),
(249, '2018-09-13 03:00:00', '2018-09-13 03:00:00', 'Treguaco', 37),
(250, '2018-09-13 03:00:00', '2018-09-13 03:00:00', 'Yungay', 37),
(251, '2018-09-13 03:00:00', '2018-09-13 03:00:00', 'Carahue', 38),
(252, '2018-09-13 03:00:00', '2018-09-13 03:00:00', 'Cholchol', 38),
(253, '2018-09-13 03:00:00', '2018-09-13 03:00:00', 'Cunco', 38),
(254, '2018-09-13 03:00:00', '2018-09-13 03:00:00', 'Curarrehue', 38),
(255, '2018-09-13 03:00:00', '2018-09-13 03:00:00', 'Freire', 38),
(256, '2018-09-13 03:00:00', '2018-09-13 03:00:00', 'Galvarino', 38),
(257, '2018-09-13 03:00:00', '2018-09-13 03:00:00', 'Gorbea', 38),
(258, '2018-09-13 03:00:00', '2018-09-13 03:00:00', 'Lautaro', 38),
(259, '2018-09-13 03:00:00', '2018-09-13 03:00:00', 'Loncoche', 38),
(260, '2018-09-13 03:00:00', '2018-09-13 03:00:00', 'Melipeuco', 38),
(261, '2018-09-13 03:00:00', '2018-09-13 03:00:00', 'Nueva Imperial', 38),
(262, '2018-09-13 03:00:00', '2018-09-13 03:00:00', 'Padre Las Casas', 38),
(263, '2018-09-13 03:00:00', '2018-09-13 03:00:00', 'Perquenco', 38),
(264, '2018-09-13 03:00:00', '2018-09-13 03:00:00', 'Pitrufquén', 38),
(265, '2018-09-13 03:00:00', '2018-09-13 03:00:00', 'Pucón', 38),
(266, '2018-09-13 03:00:00', '2018-09-13 03:00:00', 'Saavedra', 38),
(267, '2018-09-13 03:00:00', '2018-09-13 03:00:00', 'Temuco', 38),
(268, '2018-09-13 03:00:00', '2018-09-13 03:00:00', 'Teodoro Schmidt', 38),
(269, '2018-09-13 03:00:00', '2018-09-13 03:00:00', 'Toltén', 38),
(270, '2018-09-13 03:00:00', '2018-09-13 03:00:00', 'Vilcún', 38),
(271, '2018-09-13 03:00:00', '2018-09-13 03:00:00', 'Villarrica', 38),
(272, '2018-09-13 03:00:00', '2018-09-13 03:00:00', 'Angol', 39),
(273, '2018-09-13 03:00:00', '2018-09-13 03:00:00', 'Collipulli', 39),
(274, '2018-09-13 03:00:00', '2018-09-13 03:00:00', 'Curacautín', 39),
(275, '2018-09-13 03:00:00', '2018-09-13 03:00:00', 'Ercilla', 39),
(276, '2018-09-13 03:00:00', '2018-09-13 03:00:00', 'Lonquimay', 39),
(277, '2018-09-13 03:00:00', '2018-09-13 03:00:00', 'Los Sauces', 39),
(278, '2018-09-13 03:00:00', '2018-09-13 03:00:00', 'Lumaco', 39),
(279, '2018-09-13 03:00:00', '2018-09-13 03:00:00', 'Purén', 39),
(280, '2018-09-13 03:00:00', '2018-09-13 03:00:00', 'Renaico', 39),
(281, '2018-09-13 03:00:00', '2018-09-13 03:00:00', 'Traiguén', 39),
(282, '2018-09-13 03:00:00', '2018-09-13 03:00:00', 'Victoria', 39),
(283, '2018-09-13 03:00:00', '2018-09-13 03:00:00', 'Corral', 40),
(284, '2018-09-13 03:00:00', '2018-09-13 03:00:00', 'Lanco', 40),
(285, '2018-09-13 03:00:00', '2018-09-13 03:00:00', 'Los Lagos', 40),
(286, '2018-09-13 03:00:00', '2018-09-13 03:00:00', 'Máfil', 40),
(287, '2018-09-13 03:00:00', '2018-09-13 03:00:00', 'Mariquina', 40),
(288, '2018-09-13 03:00:00', '2018-09-13 03:00:00', 'Paillaco', 40),
(289, '2018-09-13 03:00:00', '2018-09-13 03:00:00', 'Panguipulli', 40),
(290, '2018-09-13 03:00:00', '2018-09-13 03:00:00', 'Valdivia', 40),
(291, '2018-09-13 03:00:00', '2018-09-13 03:00:00', 'Futrono', 41),
(292, '2018-09-13 03:00:00', '2018-09-13 03:00:00', 'La Unión', 41),
(293, '2018-09-13 03:00:00', '2018-09-13 03:00:00', 'Lago Ranco', 41),
(294, '2018-09-13 03:00:00', '2018-09-13 03:00:00', 'Río Bueno', 41),
(295, '2018-09-13 03:00:00', '2018-09-13 03:00:00', 'Ancud', 42),
(296, '2018-09-13 03:00:00', '2018-09-13 03:00:00', 'Castro', 42),
(297, '2018-09-13 03:00:00', '2018-09-13 03:00:00', 'Chonchi', 42),
(298, '2018-09-13 03:00:00', '2018-09-13 03:00:00', 'Curaco de Vélez', 42),
(299, '2018-09-13 03:00:00', '2018-09-13 03:00:00', 'Dalcahue', 42),
(300, '2018-09-13 03:00:00', '2018-09-13 03:00:00', 'Puqueldón', 42),
(301, '2018-09-13 03:00:00', '2018-09-13 03:00:00', 'Queilén', 42),
(302, '2018-09-13 03:00:00', '2018-09-13 03:00:00', 'Quemchi', 42),
(303, '2018-09-13 03:00:00', '2018-09-13 03:00:00', 'Quellón', 42),
(304, '2018-09-13 03:00:00', '2018-09-13 03:00:00', 'Quinchao', 42),
(305, '2018-09-13 03:00:00', '2018-09-13 03:00:00', 'Calbuco', 43),
(306, '2018-09-13 03:00:00', '2018-09-13 03:00:00', 'Cochamó', 43),
(307, '2018-09-13 03:00:00', '2018-09-13 03:00:00', 'Fresia', 43),
(308, '2018-09-13 03:00:00', '2018-09-13 03:00:00', 'Frutillar', 43),
(309, '2018-09-13 03:00:00', '2018-09-13 03:00:00', 'Llanquihue', 43),
(310, '2018-09-13 03:00:00', '2018-09-13 03:00:00', 'Los Muermos', 43),
(311, '2018-09-13 03:00:00', '2018-09-13 03:00:00', 'Maullín', 43),
(312, '2018-09-13 03:00:00', '2018-09-13 03:00:00', 'Puerto Montt', 43),
(313, '2018-09-13 03:00:00', '2018-09-13 03:00:00', 'Puerto Varas', 43),
(314, '2018-09-13 03:00:00', '2018-09-13 03:00:00', 'Osorno', 44),
(315, '2018-09-13 03:00:00', '2018-09-13 03:00:00', 'Puero Octay', 44),
(316, '2018-09-13 03:00:00', '2018-09-13 03:00:00', 'Purranque', 44),
(317, '2018-09-13 03:00:00', '2018-09-13 03:00:00', 'Puyehue', 44),
(318, '2018-09-13 03:00:00', '2018-09-13 03:00:00', 'Río Negro', 44),
(319, '2018-09-13 03:00:00', '2018-09-13 03:00:00', 'San Juan de la Costa', 44),
(320, '2018-09-13 03:00:00', '2018-09-13 03:00:00', 'San Pablo', 44),
(321, '2018-09-13 03:00:00', '2018-09-13 03:00:00', 'Chaitén', 45),
(322, '2018-09-13 03:00:00', '2018-09-13 03:00:00', 'Futaleufú', 45),
(323, '2018-09-13 03:00:00', '2018-09-13 03:00:00', 'Hualaihué', 45),
(324, '2018-09-13 03:00:00', '2018-09-13 03:00:00', 'Palena', 45),
(325, '2018-09-13 03:00:00', '2018-09-13 03:00:00', 'Aisén', 46),
(326, '2018-09-13 03:00:00', '2018-09-13 03:00:00', 'Cisnes', 46),
(327, '2018-09-13 03:00:00', '2018-09-13 03:00:00', 'Guaitecas', 46),
(328, '2018-09-13 03:00:00', '2018-09-13 03:00:00', 'Cochrane', 47),
(329, '2018-09-13 03:00:00', '2018-09-13 03:00:00', 'O\'higgins', 47),
(330, '2018-09-13 03:00:00', '2018-09-13 03:00:00', 'Tortel', 47),
(331, '2018-09-13 03:00:00', '2018-09-13 03:00:00', 'Coihaique', 48),
(332, '2018-09-13 03:00:00', '2018-09-13 03:00:00', 'Lago Verde', 48),
(333, '2018-09-13 03:00:00', '2018-09-13 03:00:00', 'Chile Chico', 49),
(334, '2018-09-13 03:00:00', '2018-09-13 03:00:00', 'Río Ibáñez', 49),
(335, '2018-09-13 03:00:00', '2018-09-13 03:00:00', 'Antártica', 50),
(336, '2018-09-13 03:00:00', '2018-09-13 03:00:00', 'Cabo de Hornos', 50),
(337, '2018-09-13 03:00:00', '2018-09-13 03:00:00', 'Laguna Blanca', 51),
(338, '2018-09-13 03:00:00', '2018-09-13 03:00:00', 'Punta Arenas', 51),
(339, '2018-09-13 03:00:00', '2018-09-13 03:00:00', 'Río Verde', 51),
(340, '2018-09-13 03:00:00', '2018-09-13 03:00:00', 'San Gregorio', 51),
(341, '2018-09-13 03:00:00', '2018-09-13 03:00:00', 'Porvenir', 52),
(342, '2018-09-13 03:00:00', '2018-09-13 03:00:00', 'Primavera', 52),
(343, '2018-09-13 03:00:00', '2018-09-13 03:00:00', 'Timaukel', 52),
(344, '2018-09-13 03:00:00', '2018-09-13 03:00:00', 'Natales', 53),
(345, '2018-09-13 03:00:00', '2018-09-13 03:00:00', 'Torres del Paine', 53);

-- --------------------------------------------------------

--
-- Estructura de tabla para la tabla `migrations`
--

DROP TABLE IF EXISTS `migrations`;
CREATE TABLE `migrations` (
  `id` int(10) UNSIGNED NOT NULL,
  `migration` varchar(191) COLLATE utf8mb4_unicode_ci NOT NULL,
  `batch` int(11) NOT NULL
) ENGINE=InnoDB DEFAULT CHARSET=utf8mb4 COLLATE=utf8mb4_unicode_ci ROW_FORMAT=DYNAMIC;

--
-- Volcado de datos para la tabla `migrations`
--

INSERT INTO `migrations` (`id`, `migration`, `batch`) VALUES
(1, '2014_10_12_000000_create_users_table', 1),
(2, '2014_10_12_100000_create_password_resets_table', 1),
(3, '2018_08_10_165603_create_regiones_table', 1),
(4, '2018_08_10_170001_create_provincias_table', 1),
(5, '2018_08_10_170058_create_comunas_table', 1),
(6, '2018_08_10_170557_create_apoderados_table', 1),
(7, '2018_08_10_170618_create_candidatos_table', 1),
(8, '2018_08_10_170638_create_postulaciones_table', 1),
(9, '2018_08_15_150600_alter_candidatos_enum_parentesco', 1),
(10, '2018_08_15_212940_alter_postulaciones_enum_motivo', 1),
(11, '2018_08_15_225410_alter_postulaciones_enum_curso_post', 1),
(12, '2018_08_15_225548_alter_postulaciones_enum_curso_herm', 1),
(13, '2018_08_15_231407_alter_postulaciones_enum_anioegreso', 1);

-- --------------------------------------------------------

--
-- Estructura de tabla para la tabla `password_resets`
--

DROP TABLE IF EXISTS `password_resets`;
CREATE TABLE `password_resets` (
  `email` varchar(191) COLLATE utf8mb4_unicode_ci NOT NULL,
  `token` varchar(191) COLLATE utf8mb4_unicode_ci NOT NULL,
  `created_at` timestamp NULL DEFAULT NULL
) ENGINE=InnoDB DEFAULT CHARSET=utf8mb4 COLLATE=utf8mb4_unicode_ci ROW_FORMAT=DYNAMIC;

-- --------------------------------------------------------

--
-- Estructura de tabla para la tabla `postulaciones`
--

DROP TABLE IF EXISTS `postulaciones`;
CREATE TABLE `postulaciones` (
  `id` int(10) UNSIGNED NOT NULL,
  `created_at` timestamp NULL DEFAULT NULL,
  `updated_at` timestamp NULL DEFAULT NULL,
  `idCandidato` int(10) UNSIGNED NOT NULL,
  `idApoderado` int(10) UNSIGNED NOT NULL,
  `fechaPost` timestamp NOT NULL DEFAULT CURRENT_TIMESTAMP,
  `hijoFuncionario` tinyint(1) DEFAULT NULL,
  `nombreFunc` varchar(191) COLLATE utf8mb4_unicode_ci DEFAULT NULL,
  `rutFunc` varchar(191) COLLATE utf8mb4_unicode_ci DEFAULT NULL,
  `hermanoEnColegio` tinyint(1) DEFAULT NULL,
  `nombreHerm` varchar(191) COLLATE utf8mb4_unicode_ci DEFAULT NULL,
  `rutHerm` varchar(191) COLLATE utf8mb4_unicode_ci DEFAULT NULL,
  `hijoEgresado` tinyint(1) DEFAULT NULL,
  `nombreEgre` varchar(191) COLLATE utf8mb4_unicode_ci DEFAULT NULL,
  `rutEgre` varchar(191) COLLATE utf8mb4_unicode_ci DEFAULT NULL,
  `prioridad` int(11) NOT NULL,
  `certificado` tinyint(1) DEFAULT NULL,
  `idUser` int(10) UNSIGNED DEFAULT NULL,
  `nroFolio` int(11) DEFAULT NULL,
  `observaciones` varchar(191) COLLATE utf8mb4_unicode_ci DEFAULT NULL,
  `estado` enum('Revisar','Revisado','Aprobado','Rechazado','Otro') COLLATE utf8mb4_unicode_ci DEFAULT 'Revisar',
  `motivoPost` enum('Calidad Académica','Cercanía','Talleres','Costo','Otro') COLLATE utf8mb4_unicode_ci NOT NULL,
  `otroMotivoPost` text COLLATE utf8mb4_unicode_ci,
  `cursoPost` enum('Pre-Kínder','Kínder','1 ° Básico','2 ° Básico','3 ° Básico','4 ° Básico','5 ° Básico','6 ° Básico','7 ° Básico','8 ° Básico','1 ° Medio','2 ° Medio','3 ° Medio Científico','3 ° Medio Humanista','3 ° Medio Telecomunicaciones','3 ° Medio Laboratorio Químico','3 ° Medio (Aún no decido especialidad)','4 ° Medio Científico','4 ° Medio Humanista','4 ° Medio Telecomunicaciones','4 ° Medio Laboratorio Químico','4 ° Medio (Aún no decido especialidad)') COLLATE utf8mb4_unicode_ci NOT NULL,
  `cursoHerm` enum('Pre-Kínder','Kínder','1 ° Básico','2 ° Básico','3 ° Básico','4 ° Básico','5 ° Básico','6 ° Básico','7 ° Básico','8 ° Básico','1 ° Medio','2 ° Medio','3 ° Medio Científico','3 ° Medio Humanista','3 ° Medio Telecomunicaciones','3 ° Medio Laboratorio Químico','3 ° Medio (No sé su especialidad)','4 ° Medio Científico','4 ° Medio Humanista','4 ° Medio Telecomunicaciones','4 ° Medio Laboratorio Químico','4 ° Medio (No sé su especialidad)') COLLATE utf8mb4_unicode_ci DEFAULT NULL,
  `AnoEgre` enum('2018','2017','2016','2015','2014','2013','2012','2011','2010','2009','2008','2007','2006','2005','2004','2003','2002','2001','2000','1999','1998','1997','1996','1995','1994','1993','1992','1991','1990','1989') COLLATE utf8mb4_unicode_ci DEFAULT NULL
) ENGINE=InnoDB DEFAULT CHARSET=utf8mb4 COLLATE=utf8mb4_unicode_ci ROW_FORMAT=DYNAMIC;

-- --------------------------------------------------------

--
-- Estructura de tabla para la tabla `provincias`
--

DROP TABLE IF EXISTS `provincias`;
CREATE TABLE `provincias` (
  `id` int(10) UNSIGNED NOT NULL,
  `created_at` timestamp NULL DEFAULT NULL,
  `updated_at` timestamp NULL DEFAULT NULL,
  `nombreProv` varchar(191) COLLATE utf8mb4_unicode_ci NOT NULL,
  `idRegion` int(10) UNSIGNED NOT NULL
) ENGINE=InnoDB DEFAULT CHARSET=utf8mb4 COLLATE=utf8mb4_unicode_ci ROW_FORMAT=DYNAMIC;

--
-- Volcado de datos para la tabla `provincias`
--

INSERT INTO `provincias` (`id`, `created_at`, `updated_at`, `nombreProv`, `idRegion`) VALUES
(1, '2018-09-13 03:00:00', '2018-09-13 03:00:00', 'Arica', 1),
(2, '2018-09-13 03:00:00', '2018-09-13 03:00:00', 'Parinacota', 1),
(3, '2018-09-13 03:00:00', '2018-09-13 03:00:00', 'Iquique', 2),
(4, '2018-09-13 03:00:00', '2018-09-13 03:00:00', 'El Tamarugal', 2),
(5, '2018-09-13 03:00:00', '2018-09-13 03:00:00', 'Antofagasta', 3),
(6, '2018-09-13 03:00:00', '2018-09-13 03:00:00', 'El Loa', 3),
(7, '2018-09-13 03:00:00', '2018-09-13 03:00:00', 'Tocopilla', 3),
(8, '2018-09-13 03:00:00', '2018-09-13 03:00:00', 'Chañaral', 4),
(9, '2018-09-13 03:00:00', '2018-09-13 03:00:00', 'Copiapó', 4),
(10, '2018-09-13 03:00:00', '2018-09-13 03:00:00', 'Huasco', 4),
(11, '2018-09-13 03:00:00', '2018-09-13 03:00:00', 'Choapa', 5),
(12, '2018-09-13 03:00:00', '2018-09-13 03:00:00', 'Elqui', 5),
(13, '2018-09-13 03:00:00', '2018-09-13 03:00:00', 'Limarí', 5),
(14, '2018-09-13 03:00:00', '2018-09-13 03:00:00', 'Isla de Pascua', 6),
(15, '2018-09-13 03:00:00', '2018-09-13 03:00:00', 'Los Andes', 6),
(16, '2018-09-13 03:00:00', '2018-09-13 03:00:00', 'Petorca', 6),
(17, '2018-09-13 03:00:00', '2018-09-13 03:00:00', 'Quillota', 6),
(18, '2018-09-13 03:00:00', '2018-09-13 03:00:00', 'San Antonio', 6),
(19, '2018-09-13 03:00:00', '2018-09-13 03:00:00', 'San Felipe de Aconcagua', 6),
(20, '2018-09-13 03:00:00', '2018-09-13 03:00:00', 'Valparaiso', 6),
(21, '2018-09-13 03:00:00', '2018-09-13 03:00:00', 'Chacabuco', 7),
(22, '2018-09-13 03:00:00', '2018-09-13 03:00:00', 'Cordillera', 7),
(23, '2018-09-13 03:00:00', '2018-09-13 03:00:00', 'Maipo', 7),
(24, '2018-09-13 03:00:00', '2018-09-13 03:00:00', 'Melipilla', 7),
(25, '2018-09-13 03:00:00', '2018-09-13 03:00:00', 'Santiago', 7),
(26, '2018-09-13 03:00:00', '2018-09-13 03:00:00', 'Talagante', 7),
(27, '2018-09-13 03:00:00', '2018-09-13 03:00:00', 'Cachapoal', 8),
(28, '2018-09-13 03:00:00', '2018-09-13 03:00:00', 'Cardenal Caro', 8),
(29, '2018-09-13 03:00:00', '2018-09-13 03:00:00', 'Colchagua', 8),
(30, '2018-09-13 03:00:00', '2018-09-13 03:00:00', 'Cauquenes', 9),
(31, '2018-09-13 03:00:00', '2018-09-13 03:00:00', 'Curicó', 9),
(32, '2018-09-13 03:00:00', '2018-09-13 03:00:00', 'Linares', 9),
(33, '2018-09-13 03:00:00', '2018-09-13 03:00:00', 'Talca', 9),
(34, '2018-09-13 03:00:00', '2018-09-13 03:00:00', 'Arauco', 10),
(35, '2018-09-13 03:00:00', '2018-09-13 03:00:00', 'Bio Bío', 10),
(36, '2018-09-13 03:00:00', '2018-09-13 03:00:00', 'Concepción', 10),
(37, '2018-09-13 03:00:00', '2018-09-13 03:00:00', 'Ñuble', 10),
(38, '2018-09-13 03:00:00', '2018-09-13 03:00:00', 'Cautín', 11),
(39, '2018-09-13 03:00:00', '2018-09-13 03:00:00', 'Malleco', 11),
(40, '2018-09-13 03:00:00', '2018-09-13 03:00:00', 'Valdivia', 12),
(41, '2018-09-13 03:00:00', '2018-09-13 03:00:00', 'Ranco', 12),
(42, '2018-09-13 03:00:00', '2018-09-13 03:00:00', 'Chiloé', 13),
(43, '2018-09-13 03:00:00', '2018-09-13 03:00:00', 'Llanquihue', 13),
(44, '2018-09-13 03:00:00', '2018-09-13 03:00:00', 'Osorno', 13),
(45, '2018-09-13 03:00:00', '2018-09-13 03:00:00', 'Palena', 13),
(46, '2018-09-13 03:00:00', '2018-09-13 03:00:00', 'Aisén', 14),
(47, '2018-09-13 03:00:00', '2018-09-13 03:00:00', 'Capitán Prat', 14),
(48, '2018-09-13 03:00:00', '2018-09-13 03:00:00', 'Coihaique', 14),
(49, '2018-09-13 03:00:00', '2018-09-13 03:00:00', 'General Carrera', 14),
(50, '2018-09-13 03:00:00', '2018-09-13 03:00:00', 'Antártica Chilena', 15),
(51, '2018-09-13 03:00:00', '2018-09-13 03:00:00', 'Magallanes', 15),
(52, '2018-09-13 03:00:00', '2018-09-13 03:00:00', 'Tierra del Fuego', 15),
(53, '2018-09-13 03:00:00', '2018-09-13 03:00:00', 'Última Esperanza', 15);

-- --------------------------------------------------------

--
-- Estructura de tabla para la tabla `regiones`
--

DROP TABLE IF EXISTS `regiones`;
CREATE TABLE `regiones` (
  `id` int(10) UNSIGNED NOT NULL,
  `created_at` timestamp NULL DEFAULT NULL,
  `updated_at` timestamp NULL DEFAULT NULL,
  `nombreReg` varchar(191) COLLATE utf8mb4_unicode_ci NOT NULL,
  `regionOrd` varchar(191) COLLATE utf8mb4_unicode_ci NOT NULL
) ENGINE=InnoDB DEFAULT CHARSET=utf8mb4 COLLATE=utf8mb4_unicode_ci ROW_FORMAT=DYNAMIC;

--
-- Volcado de datos para la tabla `regiones`
--

INSERT INTO `regiones` (`id`, `created_at`, `updated_at`, `nombreReg`, `regionOrd`) VALUES
(1, '2018-09-13 03:00:00', '2018-09-13 03:00:00', 'Arica y Parinacota', 'XV'),
(2, '2018-09-13 03:00:00', '2018-09-13 03:00:00', 'Tarapacá', 'I'),
(3, '2018-09-13 03:00:00', '2018-09-13 03:00:00', 'Antofagasta', 'II'),
(4, '2018-09-13 03:00:00', '2018-09-13 03:00:00', 'Atacama', 'III'),
(5, '2018-09-13 03:00:00', '2018-09-13 03:00:00', 'Coquimbo', 'IV'),
(6, '2018-09-13 03:00:00', '2018-09-13 03:00:00', 'Valparaiso', 'V'),
(7, '2018-09-13 03:00:00', '2018-09-13 03:00:00', 'Metropolitana de Santiago', 'RM'),
(8, '2018-09-13 03:00:00', '2018-09-13 03:00:00', 'Libertador General Bernardo O\'Higgins', 'VI'),
(9, '2018-09-13 03:00:00', '2018-09-13 03:00:00', 'Maule', 'VII'),
(10, '2018-09-13 03:00:00', '2018-09-13 03:00:00', 'Biobío', 'VIII'),
(11, '2018-09-13 03:00:00', '2018-09-13 03:00:00', 'La Araucanía', 'IX'),
(12, '2018-09-13 03:00:00', '2018-09-13 03:00:00', 'Los Ríos', 'XIV'),
(13, '2018-09-13 03:00:00', '2018-09-13 03:00:00', 'Los Lagos', 'X'),
(14, '2018-09-13 03:00:00', '2018-09-13 03:00:00', 'Aisén del General Carlos Ibáñez del Campo', 'XI'),
(15, '2018-09-13 03:00:00', '2018-09-13 03:00:00', 'Magallanes y de la Antártica Chilena', 'XII');

-- --------------------------------------------------------

--
-- Estructura de tabla para la tabla `users`
--

DROP TABLE IF EXISTS `users`;
CREATE TABLE `users` (
  `id` int(10) UNSIGNED NOT NULL,
  `nombreUser` varchar(191) COLLATE utf8mb4_unicode_ci NOT NULL,
  `apPatUser` varchar(191) COLLATE utf8mb4_unicode_ci NOT NULL,
  `apMatUser` varchar(191) COLLATE utf8mb4_unicode_ci DEFAULT NULL,
  `rutUser` varchar(13) COLLATE utf8mb4_unicode_ci NOT NULL,
  `tipoUser` enum('Administrador','Revisor') COLLATE utf8mb4_unicode_ci NOT NULL DEFAULT 'Revisor',
  `name` varchar(191) COLLATE utf8mb4_unicode_ci NOT NULL,
  `email` varchar(191) COLLATE utf8mb4_unicode_ci NOT NULL,
  `password` varchar(191) COLLATE utf8mb4_unicode_ci NOT NULL,
  `remember_token` varchar(100) COLLATE utf8mb4_unicode_ci DEFAULT NULL,
  `created_at` timestamp NOT NULL DEFAULT CURRENT_TIMESTAMP,
  `updated_at` timestamp NOT NULL DEFAULT CURRENT_TIMESTAMP
) ENGINE=InnoDB DEFAULT CHARSET=utf8mb4 COLLATE=utf8mb4_unicode_ci ROW_FORMAT=DYNAMIC;

--
-- Índices para tablas volcadas
--

--
-- Indices de la tabla `apoderados`
--
ALTER TABLE `apoderados`
  ADD PRIMARY KEY (`id`),
  ADD UNIQUE KEY `apoderados_id_unique` (`id`);

--
-- Indices de la tabla `candidatos`
--
ALTER TABLE `candidatos`
  ADD PRIMARY KEY (`id`),
  ADD KEY `candidatos_idapoderado_foreign` (`idApoderado`),
  ADD KEY `candidatos_idcomuna_foreign` (`idComuna`);

--
-- Indices de la tabla `comunas`
--
ALTER TABLE `comunas`
  ADD PRIMARY KEY (`id`),
  ADD UNIQUE KEY `comunas_id_unique` (`id`),
  ADD KEY `comunas_idprovincia_foreign` (`idProvincia`);

--
-- Indices de la tabla `migrations`
--
ALTER TABLE `migrations`
  ADD PRIMARY KEY (`id`);

--
-- Indices de la tabla `password_resets`
--
ALTER TABLE `password_resets`
  ADD KEY `password_resets_email_index` (`email`);

--
-- Indices de la tabla `postulaciones`
--
ALTER TABLE `postulaciones`
  ADD PRIMARY KEY (`id`),
  ADD KEY `postulaciones_idcandidato_foreign` (`idCandidato`),
  ADD KEY `postulaciones_idapoderado_foreign` (`idApoderado`),
  ADD KEY `postulaciones_iduser_foreign` (`idUser`);

--
-- Indices de la tabla `provincias`
--
ALTER TABLE `provincias`
  ADD PRIMARY KEY (`id`),
  ADD UNIQUE KEY `provincias_id_unique` (`id`),
  ADD KEY `provincias_idregion_foreign` (`idRegion`);

--
-- Indices de la tabla `regiones`
--
ALTER TABLE `regiones`
  ADD PRIMARY KEY (`id`),
  ADD UNIQUE KEY `regiones_id_unique` (`id`);

--
-- Indices de la tabla `users`
--
ALTER TABLE `users`
  ADD PRIMARY KEY (`id`),
  ADD UNIQUE KEY `users_rutuser_unique` (`rutUser`),
  ADD UNIQUE KEY `users_email_unique` (`email`);

--
-- AUTO_INCREMENT de las tablas volcadas
--

--
-- AUTO_INCREMENT de la tabla `apoderados`
--
ALTER TABLE `apoderados`
  MODIFY `id` int(10) UNSIGNED NOT NULL AUTO_INCREMENT;

--
-- AUTO_INCREMENT de la tabla `candidatos`
--
ALTER TABLE `candidatos`
  MODIFY `id` int(10) UNSIGNED NOT NULL AUTO_INCREMENT;

--
-- AUTO_INCREMENT de la tabla `comunas`
--
ALTER TABLE `comunas`
  MODIFY `id` int(10) UNSIGNED NOT NULL AUTO_INCREMENT, AUTO_INCREMENT=346;

--
-- AUTO_INCREMENT de la tabla `migrations`
--
ALTER TABLE `migrations`
  MODIFY `id` int(10) UNSIGNED NOT NULL AUTO_INCREMENT, AUTO_INCREMENT=14;

--
-- AUTO_INCREMENT de la tabla `postulaciones`
--
ALTER TABLE `postulaciones`
  MODIFY `id` int(10) UNSIGNED NOT NULL AUTO_INCREMENT;

--
-- AUTO_INCREMENT de la tabla `provincias`
--
ALTER TABLE `provincias`
  MODIFY `id` int(10) UNSIGNED NOT NULL AUTO_INCREMENT, AUTO_INCREMENT=54;

--
-- AUTO_INCREMENT de la tabla `regiones`
--
ALTER TABLE `regiones`
  MODIFY `id` int(10) UNSIGNED NOT NULL AUTO_INCREMENT, AUTO_INCREMENT=16;

--
-- AUTO_INCREMENT de la tabla `users`
--
ALTER TABLE `users`
  MODIFY `id` int(10) UNSIGNED NOT NULL AUTO_INCREMENT;

--
-- Restricciones para tablas volcadas
--

--
-- Filtros para la tabla `candidatos`
--
ALTER TABLE `candidatos`
  ADD CONSTRAINT `candidatos_idapoderado_foreign` FOREIGN KEY (`idApoderado`) REFERENCES `apoderados` (`id`) ON DELETE CASCADE,
  ADD CONSTRAINT `candidatos_idcomuna_foreign` FOREIGN KEY (`idComuna`) REFERENCES `comunas` (`id`) ON DELETE CASCADE;

--
-- Filtros para la tabla `comunas`
--
ALTER TABLE `comunas`
  ADD CONSTRAINT `comunas_idprovincia_foreign` FOREIGN KEY (`idProvincia`) REFERENCES `provincias` (`id`) ON DELETE CASCADE;

--
-- Filtros para la tabla `postulaciones`
--
ALTER TABLE `postulaciones`
  ADD CONSTRAINT `postulaciones_idapoderado_foreign` FOREIGN KEY (`idApoderado`) REFERENCES `apoderados` (`id`) ON DELETE CASCADE,
  ADD CONSTRAINT `postulaciones_idcandidato_foreign` FOREIGN KEY (`idCandidato`) REFERENCES `candidatos` (`id`) ON DELETE CASCADE,
  ADD CONSTRAINT `postulaciones_iduser_foreign` FOREIGN KEY (`idUser`) REFERENCES `users` (`id`) ON DELETE CASCADE;

--
-- Filtros para la tabla `provincias`
--
ALTER TABLE `provincias`
  ADD CONSTRAINT `provincias_idregion_foreign` FOREIGN KEY (`idRegion`) REFERENCES `regiones` (`id`) ON DELETE CASCADE;
COMMIT;

/*!40101 SET CHARACTER_SET_CLIENT=@OLD_CHARACTER_SET_CLIENT */;
/*!40101 SET CHARACTER_SET_RESULTS=@OLD_CHARACTER_SET_RESULTS */;
/*!40101 SET COLLATION_CONNECTION=@OLD_COLLATION_CONNECTION */;
